Фото;Товар;Артикул;Производитель;Номер производителя;Раздел;Цена;Валюта;Источник цены;Дата парсинга;URL
https://www.leroymerlin.es/cdp-site/6.66.0/static/images/common/loader-v2.svg;Regulador MPPT 150V 70A Victron Smart Solar;90106974;;;Equipamiento de emergencia para el hogar;;;;06.09.2026, 18:17:52;https://www.leroymerlin.es/productos/regulador-mppt-150v-70a-victron-smart-solar-90106974.html
https://www.leroymerlin.es/cdp-site/6.66.0/static/images/common/loader-v2.svg;Generador eléctrico de gasolina EINHELL TC-PG 55/E5 - 3600 W;81965285;Einhell;;Equipamiento de emergencia para el hogar;840.65;EUR;extension-list;06.09.2026, 18:17:52;https://www.leroymerlin.es/productos/generador-electrico-de-gasolina-einhell-tc-pg-55-e5-3600-w-81965285.html
https://media.adeo.com/mkp/e98ef7a7fa60d7351729b3ce526c91b9/media.jpg?width=100;Cocina Portátil de Gas Infiniton, 2 Fuegos, 50 cm, Hornillo a Gas, Gas para camping;86575666;Infiniton;Fuegos 50;Equipamiento de emergencia para el hogar;;;;06.09.2026, 18:17:52;https://www.leroymerlin.es/productos/cocina-portatil-de-gas-infiniton-2-fuegos-50-cm-hornillo-a-gas-gas-para-camping-86575666.html
https://media.adeo.com/mkp/fbeda9c9e9a69c7938301234ff1697b2/media.jpg?width=100;REGULADOR BOMBONA BUTANO NARANJA PROFESIONAL 50 MBAR;86694566;;;Equipamiento de emergencia para el hogar;13.95;EUR;extension-list;06.09.2026, 18:17:52;https://www.leroymerlin.es/productos/regulador-bombona-butano-naranja-profesional-50-mbar-86694566.html
https://www.leroymerlin.es/cdp-site/6.66.0/static/images/common/loader-v2.svg;Inversor cargador instalaciones aisladas Master Power umv2 mppt 12v 100ah 1200w;91264397;;;Equipamiento de emergencia para el hogar;;;;06.09.2026, 18:17:52;https://www.leroymerlin.es/productos/inversor-cargador-instalaciones-aisladas-master-power-umv2-mppt-12v-100ah-1200w-91264397.html
https://www.leroymerlin.es/cdp-site/6.66.0/static/images/common/loader-v2.svg;Convertidor 230VCA a 12VCC ACDC-XUNZEL-12V-6A;15276793;Convertidor;ACDC-XUNZEL-12V-6A;Equipamiento de emergencia para el hogar;26.95;EUR;extension-list;06.09.2026, 18:17:52;https://www.leroymerlin.es/productos/convertidor-230vca-a-12vcc-acdc-xunzel-12v-6a-15276793.html
https://www.leroymerlin.es/cdp-site/6.66.0/static/images/common/loader-v2.svg;Batería Litio Pylontech 24V UP2500 2,8kWh;85769958;Pylontech;UP2500;Equipamiento de emergencia para el hogar;854.1;EUR;extension-list;06.09.2026, 18:17:52;https://www.leroymerlin.es/productos/bateria-litio-pylontech-24v-up2500-2-8kwh-85769958.html
https://media.adeo.com/media/4216275/media.jpg?width=300;Panel solar fotovoltaico SOLARPOWER-XUNZEL-120W de alta eficiencia con 4m cable;14879375;Panel;SOLARPOWER-XUNZEL-120W;Equipamiento de emergencia para el hogar;;;;06.09.2026, 18:17:52;https://www.leroymerlin.es/productos/panel-solar-fotovoltaico-solarpower-xunzel-120w-de-alta-eficiencia-con-4m-cable-14879375.html
https://media.adeo.com/media/3330786/media.jpg?width=300;Panel solar fotovoltaico SOLARPOWER-XUNZEL-20W de alta eficiencia con 2m cable;18883956;Panel;SOLARPOWER-XUNZEL-20W;Equipamiento de emergencia para el hogar;;;;06.09.2026, 18:17:52;https://www.leroymerlin.es/productos/panel-solar-fotovoltaico-solarpower-xunzel-20w-de-alta-eficiencia-con-2m-cable-18883956.html
https://www.leroymerlin.es/cdp-site/6.66.0/static/images/common/loader-v2.svg;Generador inverter gasolina GENERGY FEROE - 4600W de potencia máxima - Arranque eléctrico;82220595;Genergy;;Equipamiento de emergencia para el hogar;;;;06.09.2026, 18:17:52;https://www.leroymerlin.es/productos/generador-inverter-gasolina-genergy-feroe-4600w-de-potencia-maxima-arranque-electrico-82220595.html
https://www.leroymerlin.es/cdp-site/6.66.0/static/images/common/loader-v2.svg;Set Cable Solar conexión baterías en Paralelo CBP-XUNZEL-30;81929198;Xunzel;;Equipamiento de emergencia para el hogar;29.99;EUR;extension-list;06.09.2026, 18:17:52;https://www.leroymerlin.es/productos/set-cable-solar-conexion-baterias-en-paralelo-cbp-xunzel-30-81929198.html
https://www.leroymerlin.es/cdp-site/6.66.0/static/images/common/loader-v2.svg;Batería solar estacionaria U-POWER 8 OPZS 800 2V C100 1464AH;82461699;UPOWER;;Equipamiento de emergencia para el hogar;;;;06.09.2026, 18:17:52;https://www.leroymerlin.es/productos/bateria-solar-estacionaria-u-power-8-opzs-800-2v-c100-1464ah-82461699.html
https://media.adeo.com/media/3859732/media.png?width=300;POWERBANK + CABLE C 30.000 MAH VEGER;90103748;POWERBANK;C 30.000;Equipamiento de emergencia para el hogar;44.99;EUR;extension-list;06.09.2026, 18:17:52;https://www.leroymerlin.es/productos/powerbank-cable-c-30-000-mah-veger-90103748.html
https://media.adeo.com/mkp/5d5727cd0e12a3f80b2c2ad42cb93ba0/media.jpg?width=100;Encendedor / Mechero Gas Antiviento Llama Tipo Soplete 285 mm.;86238353;Encendedor;;Equipamiento de emergencia para el hogar;8.08;EUR;extension-list;06.09.2026, 18:17:52;https://www.leroymerlin.es/productos/encendedor-mechero-gas-antiviento-llama-tipo-soplete-285-mm-86238353.html
https://media.adeo.com/media/3884831/media.jpg?width=300;Batería solar de litio UPOWER 50Ah 12.8V;89876588;UPOWER;;Equipamiento de emergencia para el hogar;;;;06.09.2026, 18:17:52;https://www.leroymerlin.es/productos/bateria-solar-de-litio-upower-50ah-12-8v-89876588.html
https://media.adeo.com/media/4494539/media.png?width=300;Cuadro de protecciones TOSCANO AC/DC 2ST2MPPT 600V 25A;92460774;Toscano;2ST2MPPT;Equipamiento de emergencia para el hogar;459.01;EUR;extension-list;06.09.2026, 18:17:52;https://www.leroymerlin.es/productos/cuadro-de-protecciones-toscano-ac-dc-2st2mppt-600v-25a-92460774.html
https://media.adeo.com/mkp/18d07e4ddcd990b31fc19029b0832325/media.jpg?width=100;Motorola T42 two-way radios 16 canales Azul, Verde, Naranja, Blanco;88262132;DiO;;Equipamiento de emergencia para el hogar;48.98;EUR;extension-list;06.09.2026, 18:17:52;https://www.leroymerlin.es/productos/motorola-t42-two-way-radios-16-canales-azul-verde-naranja-blanco-88262132.html
https://media.adeo.com/media/3340823/media.jpg?width=300;Batería Solar AGM SOLARX-240 XUNZEL 12V 240Ah sin mantenimiento;15276226;Xunzel;;Equipamiento de emergencia para el hogar;;;;06.09.2026, 18:17:52;https://www.leroymerlin.es/productos/bateria-solar-agm-solarx-240-xunzel-12v-240ah-sin-mantenimiento-15276226.html
https://www.leroymerlin.es/cdp-site/6.66.0/static/images/common/loader-v2.svg;Regulador MPPT 100V 50A Victron Smart Solar;90106964;;;Equipamiento de emergencia para el hogar;;;;06.09.2026, 18:17:29;https://www.leroymerlin.es/productos/regulador-mppt-100v-50a-victron-smart-solar-90106964.html
https://media.adeo.com/media/2072742/media.png?width=300;Hornillo de gas CAMPINGAZ de 2 quemadores y 1.6 kw de potencia recomendado para de 6 a 10 personas;17029236;Campingaz;de 2;Equipamiento de emergencia para el hogar;43.99;EUR;extension-list;06.09.2026, 18:17:29;https://www.leroymerlin.es/productos/hornillo-de-gas-campingaz-de-2-quemadores-y-1-6-kw-de-potencia-recomendado-para-de-6-a-10-personas-17029236.html
https://media.adeo.com/media/3921020/media.png?width=300;Regulador PWM BlueSolar 12/24V 30A LCD USB Victron;90106917;Regulador;12/24V;Equipamiento de emergencia para el hogar;49.99;EUR;extension-list;06.09.2026, 18:17:29;https://www.leroymerlin.es/productos/regulador-pwm-bluesolar-12-24v-30a-lcd-usb-victron-90106917.html
https://www.leroymerlin.es/cdp-site/6.66.0/static/images/common/loader-v2.svg;Generador inverter silencioso GENERGY LIMITED2000i - 2000/1700W - Arranque eléctrico y control remoto;82560859;Genergy;;Equipamiento de emergencia para el hogar;;;;06.09.2026, 18:17:29;https://www.leroymerlin.es/productos/generador-inverter-silencioso-genergy-limited2000i-2000-1700w-arranque-electrico-y-control-remoto-82560859.html
https://www.leroymerlin.es/cdp-site/6.66.0/static/images/common/loader-v2.svg;Batería solar AGM U-POWER 12V 6Ah;82461724;UPOWER;;Equipamiento de emergencia para el hogar;15.29;EUR;extension-list;06.09.2026, 18:17:29;https://www.leroymerlin.es/productos/bateria-solar-agm-u-power-12v-6ah-82461724.html
https://www.leroymerlin.es/cdp-site/6.66.0/static/images/common/loader-v2.svg;Generador inverter gasolina GENERGY RODAS - 3800W de potencia máxima - Arranque eléctrico;82434897;Generador;3800W;Equipamiento de emergencia para el hogar;;;;06.09.2026, 18:17:29;https://www.leroymerlin.es/productos/generador-inverter-gasolina-genergy-rodas-3800w-de-potencia-maxima-arranque-electrico-82434897.html
https://www.leroymerlin.es/cdp-site/6.66.0/static/images/common/loader-v2.svg;Batería solar de litio UPOWER 1,28 kWh 100 Ah 12v;89876595;UPOWER;UPOWER 1;Equipamiento de emergencia para el hogar;;;;06.09.2026, 18:17:29;https://www.leroymerlin.es/productos/bateria-solar-de-litio-upower-1-28-kwh-100-ah-12v-89876595.html
https://media.adeo.com/mkp/92f803b280bd501c36e4b6183db376bc/media.jpg?width=100;Barbacoa carbón portátil madera doble parrilla Aktive;86581561;Barbacoa;;Equipamiento de emergencia para el hogar;96.53;EUR;extension-list;06.09.2026, 18:17:29;https://www.leroymerlin.es/productos/barbacoa-carbon-portatil-madera-doble-parrilla-aktive-86581561.html
https://www.leroymerlin.es/cdp-site/6.66.0/static/images/common/loader-v2.svg;Batería de Litio Pylontech US3000C 48V 3,5 kWh;85785581;Pylontech;;Equipamiento de emergencia para el hogar;;;;06.09.2026, 18:17:29;https://www.leroymerlin.es/productos/bateria-de-litio-pylontech-us3000c-48v-3-5-kwh-85785581.html
https://www.leroymerlin.es/cdp-site/6.66.0/static/images/common/loader-v2.svg;Batería solar LFP UPOWER 300Ah 12.8V;89876594;;;Equipamiento de emergencia para el hogar;642.85;EUR;extension-list;06.09.2026, 18:17:29;https://www.leroymerlin.es/productos/bateria-solar-lfp-upower-300ah-12-8v-89876594.html
https://media.adeo.com/mkp/f2511e6def6cd586789a2a91eec171f8/media.jpg?width=100;Luces solares impermeables para exteriores, juego de 2 luces solares para cerca, blanco cálido, decoración de patio;92301992;Luces;;Equipamiento de emergencia para el hogar;18.63;EUR;extension-list;06.09.2026, 18:17:29;https://www.leroymerlin.es/productos/luces-solares-impermeables-para-exteriores-juego-de-2-luces-solares-para-cerca-blanco-calido-decoracion-de-patio-92301992.html
https://media.adeo.com/media/1864120/media.jpg?width=300;Batería solar AGM U-POWER 12V 35Ah;82461746;UPOWER;;Equipamiento de emergencia para el hogar;67.84;EUR;extension-list;06.09.2026, 18:17:29;https://www.leroymerlin.es/productos/bateria-solar-agm-u-power-12v-35ah-82461746.html
https://media.adeo.com/media/1864390/media.jpg?width=300;Módulo wi-fi inversor omega MF off-grid;83166020;Modulo;;Equipamiento de emergencia para el hogar;98.99;EUR;extension-list;06.09.2026, 18:17:29;https://www.leroymerlin.es/productos/modulo-wi-fi-inversor-omega-mf-off-grid-83166020.html
https://media.adeo.com/media/4591471/media.png?width=100;Batería solar de gel 6GFM180G 12V 180Ah;94379237;Batería;6GFM180G;Equipamiento de emergencia para el hogar;;;;06.09.2026, 18:17:29;https://www.leroymerlin.es/productos/bateria-solar-de-gel-6gfm180g-12v-180ah-94379237.html
https://media.adeo.com/mkp/ea9ef4a3cba0bc1422f4ad1b40759261/media.jpg?width=100;Barbacoa Plegable Portátil para Carbón BearBQ InnovaGoods;85375167;;;Equipamiento de emergencia para el hogar;22.9;EUR;extension-list;06.09.2026, 18:17:29;https://www.leroymerlin.es/productos/barbacoa-plegable-portatil-para-carbon-bearbq-innovagoods-85375167.html
https://media.adeo.com/mkp/bbc3aa67cd0051945e6bd47405061b4f/media.jpg?width=300;Hidronivel Pozo/Depósito TH1-230/400 - TOSCANO;86290459;Toscano;;Equipamiento de emergencia para el hogar;55.49;EUR;extension-list;06.09.2026, 18:17:29;https://www.leroymerlin.es/productos/hidronivel-pozo-deposito-th1-230-400-toscano-86290459.html
https://media.adeo.com/media/1864416/media.jpg?width=300;Batería solar AGM U-POWER 12V 26Ah;82461745;U-Power;;Equipamiento de emergencia para el hogar;45.99;EUR;extension-list;06.09.2026, 18:17:29;https://www.leroymerlin.es/productos/bateria-solar-agm-u-power-12v-26ah-82461745.html
https://www.leroymerlin.es/cdp-site/6.66.0/static/images/common/loader-v2.svg;Batería solar de gel U-POWER 6V 600Ah 3.6 kW;83166016;U-Power;;Equipamiento de emergencia para el hogar;;;;06.09.2026, 18:17:29;https://www.leroymerlin.es/productos/bateria-solar-de-gel-u-power-6v-600ah-3-6-kw-83166016.html
https://www.leroymerlin.es/cdp-site/6.66.0/static/images/common/loader-v2.svg;Controlador de Carga/Descarga Solar Compacto iSCC-AU-XUNZEL-10A-12V USB;82170481;Controlador;Compacto iSCC-AU-XUNZEL-10A-12V;Equipamiento de emergencia para el hogar;25.95;EUR;extension-list;06.09.2026, 18:17:07;https://www.leroymerlin.es/productos/controlador-de-carga-descarga-solar-compacto-iscc-au-xunzel-10a-12v-usb-82170481.html
https://media.adeo.com/media/3920586/media.png?width=300;Regulador PWM BlueSolar 12/24V 5A LCD USB Victron;90106909;;;Equipamiento de emergencia para el hogar;26.99;EUR;extension-list;06.09.2026, 18:17:07;https://www.leroymerlin.es/productos/regulador-pwm-bluesolar-12-24v-5a-lcd-usb-victron-90106909.html
https://media.adeo.com/media/3459810/media.jpg?width=300;Diferencial rearmable 40A SCHNEIDER ELECTRIC;85715249;Schneider Electric;;Equipamiento de emergencia para el hogar;;;;06.09.2026, 18:17:07;https://www.leroymerlin.es/productos/diferencial-rearmable-40a-schneider-electric-85715249.html
https://media.adeo.com/mkp/f3eee544bc3246ba401ec21a1493e647/media.jpg?width=100;Estación de energía electrica portátil Powerbank De 42000 Mah Bresser;87612585;Estación;;Equipamiento de emergencia para el hogar;;;;06.09.2026, 18:17:07;https://www.leroymerlin.es/productos/estacion-de-energia-electrica-portatil-powerbank-de-42000-mah-bresser-87612585.html
https://www.leroymerlin.es/cdp-site/6.66.0/static/images/common/loader-v2.svg;Batería Solar AGM SOLARX-14 XUNZEL 12V 14Ah sin mantenimiento;15276170;Xunzel;;Equipamiento de emergencia para el hogar;30.99;EUR;extension-list;06.09.2026, 18:17:07;https://www.leroymerlin.es/productos/bateria-solar-agm-solarx-14-xunzel-12v-14ah-sin-mantenimiento-15276170.html
https://media.adeo.com/mkp/936c635a73c92521356fa8b0817a8d67/media.jpg?width=100;Luz solar de pared para exteriores, paquete de 2 luces arriba y abajo, luz solar para iluminación LED, luz de pared impermeable (blanco cálido);91789491;Luz;;Equipamiento de emergencia para el hogar;28.41;EUR;extension-list;06.09.2026, 18:17:07;https://www.leroymerlin.es/productos/luz-solar-de-pared-para-exteriores-paquete-de-2-luces-arriba-y-abajo-luz-solar-para-iluminacion-led-luz-de-pared-impermeable-blanco-calido-91789491.html
https://www.leroymerlin.es/cdp-site/6.66.0/static/images/common/loader-v2.svg;Desconectador de Baterías 600A;89894221;;;Equipamiento de emergencia para el hogar;29.99;EUR;extension-list;06.09.2026, 18:17:07;https://www.leroymerlin.es/productos/desconectador-de-baterias-600a-89894221.html
https://www.leroymerlin.es/cdp-site/6.66.0/static/images/common/loader-v2.svg;Batería solar LFP UPOWER 6Ah 12.8V;89876584;Batería;12.8V;Equipamiento de emergencia para el hogar;30.99;EUR;extension-list;06.09.2026, 18:17:07;https://www.leroymerlin.es/productos/bateria-solar-lfp-upower-6ah-12-8v-89876584.html
https://www.leroymerlin.es/cdp-site/6.66.0/static/images/common/loader-v2.svg;Batería solar de gel U-POWER GEL 12V 40Ah;82461722;Batería;;Equipamiento de emergencia para el hogar;87.99;EUR;extension-list;06.09.2026, 18:17:07;https://www.leroymerlin.es/productos/bateria-solar-de-gel-u-power-gel-12v-40ah-82461722.html
https://media.adeo.com/media/4237489/media.png?width=300;Protección BACK-UP TOSCANO COMBI-PRO-MAX 2X40A 240VAC M/F;92460771;Toscano;;Equipamiento de emergencia para el hogar;;;;06.09.2026, 18:17:07;https://www.leroymerlin.es/productos/proteccion-back-up-toscano-combi-pro-max-2x40a-240vac-m-f-92460771.html
https://media.adeo.com/media/1872967/media.jpg?width=300;Limitador sobretensiones permanentes HAGER tetrapolar 63A;19466643;;;Equipamiento de emergencia para el hogar;;;;06.09.2026, 18:17:07;https://www.leroymerlin.es/productos/limitador-sobretensiones-permanentes-hager-tetrapolar-63a-19466643.html
https://media.adeo.com/media/1905243/media.png?width=100;Cartucho de gas para candileja SUPER EGO Btp 300 de butano 0.6 litros;82036393;Cartucho;;Equipamiento de emergencia para el hogar;8.85;EUR;extension-list;06.09.2026, 18:17:07;https://www.leroymerlin.es/productos/cartucho-de-gas-para-candileja-super-ego-btp-300-de-butano-0-6-litros-82036393.html
https://www.leroymerlin.es/cdp-site/6.66.0/static/images/common/loader-v2.svg;Batería solar de litio UPOWER 18Ah 12.8V;89876586;;;Equipamiento de emergencia para el hogar;78.99;EUR;extension-list;06.09.2026, 18:17:07;https://www.leroymerlin.es/productos/bateria-solar-de-litio-upower-18ah-12-8v-89876586.html
https://www.leroymerlin.es/cdp-site/6.66.0/static/images/common/loader-v2.svg;PACK 2 x Bombillas 12/24V AC/DC NATURE-LED-XUNZEL-1W COSY sistemas baja tensión;82330268;Xunzel;;Equipamiento de emergencia para el hogar;;;;06.09.2026, 18:17:07;https://www.leroymerlin.es/productos/pack-2-x-bombillas-12-24v-ac-dc-nature-led-xunzel-1w-cosy-sistemas-baja-tension-82330268.html
https://media.adeo.com/mkp/c22c8f35db5a92bf1ac7b727449e8496/media.jpg?width=100;Motorola TALKABOUT T42 two-way radios 16 canales Negro, Rojo;16505062;DiO;;Equipamiento de emergencia para el hogar;35.93;EUR;extension-list;06.09.2026, 18:17:07;https://www.leroymerlin.es/productos/motorola-talkabout-t42-two-way-radios-16-canales-negro-rojo-16505062.html
https://www.leroymerlin.es/cdp-site/6.66.0/static/images/common/loader-v2.svg;Conversor 24VCC a 12VCC DCDC-XUNZEL-20A;14706902;Xunzel;;Equipamiento de emergencia para el hogar;49.95;EUR;extension-list;06.09.2026, 18:17:07;https://www.leroymerlin.es/productos/conversor-24vcc-a-12vcc-dcdc-xunzel-20a-14706902.html
https://media.adeo.com/media/1880101/media.png?width=300;Kit solar fotovoltaico para iluminación y carga de móviles ARTE CONFORT Hidra;82051905;;;Equipamiento de emergencia para el hogar;49.99;EUR;extension-list;06.09.2026, 18:17:07;https://www.leroymerlin.es/productos/kit-solar-fotovoltaico-para-iluminacion-y-carga-de-moviles-arte-confort-hidra-82051905.html
https://media.adeo.com/media/3921009/media.png?width=300;Regulador MPPT 100V 20A Victron Smart Solar;90106959;VICTRON;;Equipamiento de emergencia para el hogar;89.99;EUR;extension-list;06.09.2026, 18:17:07;https://www.leroymerlin.es/productos/regulador-mppt-100v-20a-victron-smart-solar-90106959.html
https://media.adeo.com/media/5374986/media.png?width=300;Generador GENERGY LIMITED 5000 RC – 4500W de salida máxima a 230V – Salida estabilizada AVR – Arranque eléctrico y remoto - Obras, Emergencias y Vivienda Aislada;95219830;Genergy;;Equipamiento de emergencia para el hogar;;;;06.09.2026, 18:16:44;https://www.leroymerlin.es/productos/generador-genergy-limited-5000-rc-4500w-de-salida-maxima-a-230v-salida-estabilizada-avr-arranque-electrico-y-remoto-obras-emergencias-y-vivienda-aislada-95219830.html
https://media.adeo.com/media/3888363/media.png?width=100;Interruptor Magnetotérmico 50A 2P 1000V DC;89894156;;;Equipamiento de emergencia para el hogar;22.99;EUR;extension-list;06.09.2026, 18:16:44;https://www.leroymerlin.es/productos/interruptor-magnetotermico-50a-2p-1000v-dc-89894156.html
https://media.adeo.com/media/3859711/media.jpg?width=300;Powerbank ultra slim 20.000 mah VEGER;90103746;Powerbank;;Equipamiento de emergencia para el hogar;29.99;EUR;extension-list;06.09.2026, 18:16:44;https://www.leroymerlin.es/productos/powerbank-ultra-slim-20-000-mah-veger-90103746.html
https://www.leroymerlin.es/cdp-site/6.66.0/static/images/common/loader-v2.svg;Hornillo de gas CAMPINGAZ Hornillo Camp´Bistro 3 de 1 quemadores y 2.2 kw de potencia recomendado para menos de 6 personas;83561862;Campingaz;de 1;Equipamiento de emergencia para el hogar;29.99;EUR;extension-list;06.09.2026, 18:16:44;https://www.leroymerlin.es/productos/hornillo-de-gas-campingaz-hornillo-camp-bistro-3-de-1-quemadores-y-2-2-kw-de-potencia-recomendado-para-menos-de-6-personas-83561862.html
https://www.leroymerlin.es/cdp-site/6.66.0/static/images/common/loader-v2.svg;Estación Energía GENERGY GZE0506 Con Salida 600W – Batería 512Wh - Carga Ultrarrápida - 4000 Ciclos Vida Útil;92767580;Genergy;;Equipamiento de emergencia para el hogar;;;;06.09.2026, 18:16:44;https://www.leroymerlin.es/productos/estacion-energia-genergy-gze0506-con-salida-600w-bateria-512wh-carga-ultrarrapida-4000-ciclos-vida-util-92767580.html
https://www.leroymerlin.es/cdp-site/6.66.0/static/images/common/loader-v2.svg;4 pilas alcalinas lr06 aa lexman l2;85207712;Lexman;;Equipamiento de emergencia para el hogar;4.99;EUR;extension-list;06.09.2026, 18:16:44;https://www.leroymerlin.es/productos/4-pilas-alcalinas-lr06-aa-lexman-l2-85207712.html
https://www.leroymerlin.es/cdp-site/6.66.0/static/images/common/loader-v2.svg;Controlador de Carga/Descarga Solar iSCC-AU-XUNZEL-15A-12/24V USB;13842682;Controlador;;Equipamiento de emergencia para el hogar;44.95;EUR;extension-list;06.09.2026, 18:16:44;https://www.leroymerlin.es/productos/controlador-de-carga-descarga-solar-iscc-au-xunzel-15a-12-24v-usb-13842682.html
https://media.adeo.com/media/3398976/media.png?width=300;1 pila alcalina LEXMAN LR54 V10GA;85207727;Lexman;V10GA;Equipamiento de emergencia para el hogar;2.29;EUR;extension-list;06.09.2026, 18:16:44;https://www.leroymerlin.es/productos/1-pila-alcalina-lexman-lr54-v10ga-85207727.html
https://www.leroymerlin.es/cdp-site/6.66.0/static/images/common/loader-v2.svg;Batería solar AGM U-POWER 12V 55Ah;82461748;UPOWER;;Equipamiento de emergencia para el hogar;93.99;EUR;extension-list;06.09.2026, 18:16:44;https://www.leroymerlin.es/productos/bateria-solar-agm-u-power-12v-55ah-82461748.html
https://media.adeo.com/media/2974911/media.jpg?width=100;Armario rack para 3 baterías solares de litio;84751987;;;Equipamiento de emergencia para el hogar;;;;06.09.2026, 18:16:44;https://www.leroymerlin.es/productos/armario-rack-para-3-baterias-solares-de-litio-84751987.html
https://media.adeo.com/media/1904332/media.png?width=300;Cartucho de gas BTP C200 Pro;81981518;Cartucho;C200;Equipamiento de emergencia para el hogar;1.96;EUR;extension-list;06.09.2026, 18:16:44;https://www.leroymerlin.es/productos/cartucho-de-gas-btp-c200-pro-81981518.html
https://www.leroymerlin.es/cdp-site/6.66.0/static/images/common/loader-v2.svg;Controlador Carga/Descarga Solar Compacto iSCC-LX-XUNZEL-40A-12/24V PROG Li+PB;14074004;Controlador;;Equipamiento de emergencia para el hogar;84.95;EUR;extension-list;06.09.2026, 18:16:44;https://www.leroymerlin.es/productos/controlador-carga-descarga-solar-compacto-iscc-lx-xunzel-40a-12-24v-prog-li-pb-14074004.html
https://www.leroymerlin.es/cdp-site/6.66.0/static/images/common/loader-v2.svg;Limitador sobretensiones permanentes/transitorias CHINT 40A;19466286;Chint;;Equipamiento de emergencia para el hogar;;;;06.09.2026, 18:16:44;https://www.leroymerlin.es/productos/limitador-sobretensiones-permanentes-transitorias-chint-40a-19466286.html
https://media.adeo.com/media/3888359/media.png?width=100;Interruptor Magnetotérmico 125A 2P 1000V DC;89894159;;;Equipamiento de emergencia para el hogar;17.99;EUR;extension-list;06.09.2026, 18:16:44;https://www.leroymerlin.es/productos/interruptor-magnetotermico-125a-2p-1000v-dc-89894159.html
https://www.leroymerlin.es/cdp-site/6.66.0/static/images/common/loader-v2.svg;Batería solar de litio UPOWER UE5120I 48v 5,12kwh;93906958;UPOWER;;Equipamiento de emergencia para el hogar;;;;06.09.2026, 18:16:44;https://www.leroymerlin.es/productos/bateria-solar-de-litio-upower-ue5120i-48v-5-12kwh-93906958.html
https://media.adeo.com/media/4486730/media.png?width=300;Combi iga+limitador sobretensiones permanentes LEXMAN 2p 40a;88918332;Tado;;Equipamiento de emergencia para el hogar;;;;06.09.2026, 18:16:44;https://www.leroymerlin.es/productos/combi-iga-limitador-sobretensiones-permanentes-lexman-2p-40a-88918332.html
https://www.leroymerlin.es/cdp-site/6.66.0/static/images/common/loader-v2.svg;Linterna LED LEXMAN 1200 lúmenes;96417724;Lexman;;Equipamiento de emergencia para el hogar;19.99;EUR;extension-list;06.09.2026, 18:16:44;https://www.leroymerlin.es/productos/linterna-led-lexman-1200-lumenes-96417724.html
https://media.adeo.com/media/3923128/media.jpg?width=300;Cable de Interconexión de Baterías;89895448;;;Equipamiento de emergencia para el hogar;7.49;EUR;extension-list;06.09.2026, 18:16:44;https://www.leroymerlin.es/productos/cable-de-interconexion-de-baterias-89895448.html
https://www.leroymerlin.es/cdp-site/6.66.0/static/images/common/loader-v2.svg;2 pilas alcalinas LEXMAN LR44 V13GA;85207753;Lexman;V13GA;Equipamiento de emergencia para el hogar;1.99;EUR;extension-list;06.09.2026, 18:16:22;https://www.leroymerlin.es/productos/2-pilas-alcalinas-lexman-lr44-v13ga-85207753.html
https://www.leroymerlin.es/cdp-site/6.66.0/static/images/common/loader-v2.svg;Batería solar AGM U-POWER 12V 18Ah;82461744;U-Power;;Equipamiento de emergencia para el hogar;37.94;EUR;extension-list;06.09.2026, 18:16:22;https://www.leroymerlin.es/productos/bateria-solar-agm-u-power-12v-18ah-82461744.html
https://media.adeo.com/media/3888361/media.png?width=100;Interruptor Magnetotérmico 16A 2P 1000V DC;89894154;Interruptor;;Equipamiento de emergencia para el hogar;14.49;EUR;extension-list;06.09.2026, 18:16:22;https://www.leroymerlin.es/productos/interruptor-magnetotermico-16a-2p-1000v-dc-89894154.html
https://media.adeo.com/media/3427153/media.jpg?width=100;Pack 4 velas cilíndricas marfil;87084157;;;Equipamiento de emergencia para el hogar;2.99;EUR;extension-list;06.09.2026, 18:16:22;https://www.leroymerlin.es/productos/pack-4-velas-cilindricas-marfil-87084157.html
https://media.adeo.com/mkp/004cd6134179c6a95c676412b91d54df/media.jpg?width=100;Botiquín de 3 estantes de acero inoxidable con cerradura de 30x12x45 cm CasaSelección;86414480;OX;;Equipamiento de emergencia para el hogar;23.99;EUR;extension-list;06.09.2026, 18:16:22;https://www.leroymerlin.es/productos/botiquin-de-3-estantes-de-acero-inoxidable-con-cerradura-de-30x12x45-cm-casaseleccion-86414480.html
https://media.adeo.com/media/2883591/media.jpg?width=300;Linterna LED LEXMAN Imán 160 lm;81927416;Lexman;;Equipamiento de emergencia para el hogar;5.99;EUR;extension-list;06.09.2026, 18:16:22;https://www.leroymerlin.es/productos/linterna-led-lexman-iman-160-lm-81927416.html
https://media.adeo.com/media/5517286/media.png?width=100;Linterna LED Head Light 80 lm;81927408;;;Equipamiento de emergencia para el hogar;4.95;EUR;extension-list;06.09.2026, 18:16:22;https://www.leroymerlin.es/productos/linterna-led-head-light-80-lm-81927408.html
https://media.adeo.com/media/3398533/media.png?width=300;1 pila de litio LEXMAN CR2;85207732;Lexman;;Equipamiento de emergencia para el hogar;6.29;EUR;extension-list;06.09.2026, 18:16:22;https://www.leroymerlin.es/productos/1-pila-de-litio-lexman-cr2-85207732.html
https://media.adeo.com/media/4494523/media.png?width=100;Protección sobretensiones transitorias TOSCANO 600VDC C-II 40KA;92460217;Proteccion;;Equipamiento de emergencia para el hogar;54.99;EUR;extension-list;06.09.2026, 18:16:22;https://www.leroymerlin.es/productos/proteccion-sobretensiones-transitorias-toscano-600vdc-c-ii-40ka-92460217.html
https://www.leroymerlin.es/cdp-site/6.66.0/static/images/common/loader-v2.svg;Dispositivo de monitorización Cerbo GX para sistemas Victron;90106876;VICTRON;;Equipamiento de emergencia para el hogar;;;;06.09.2026, 18:16:22;https://www.leroymerlin.es/productos/dispositivo-de-monitorizacion-cerbo-gx-para-sistemas-victron-90106876.html
https://www.leroymerlin.es/cdp-site/6.66.0/static/images/common/loader-v2.svg;Batería Solar AGM SOLARX-8 XUNZEL 12V 8Ah sin mantenimiento;15276163;Xunzel;;Equipamiento de emergencia para el hogar;16.49;EUR;extension-list;06.09.2026, 18:16:22;https://www.leroymerlin.es/productos/bateria-solar-agm-solarx-8-xunzel-12v-8ah-sin-mantenimiento-15276163.html
https://www.leroymerlin.es/cdp-site/6.66.0/static/images/common/loader-v2.svg;Interruptor batería ON/OFF SWGUARD1-XUNZEL 275A;88635581;Xunzel;;Equipamiento de emergencia para el hogar;24.99;EUR;extension-list;06.09.2026, 18:16:22;https://www.leroymerlin.es/productos/interruptor-bateria-on-off-swguard1-xunzel-275a-88635581.html
https://media.adeo.com/media/3537522/media.jpg?width=300;Vaso contenedor con filtro de polifosfatos para calentador BBAGUA;13249656;Vaso;;Equipamiento de emergencia para el hogar;18.79;EUR;extension-list;06.09.2026, 18:16:22;https://www.leroymerlin.es/productos/vaso-contenedor-con-filtro-de-polifosfatos-para-calentador-bbagua-13249656.html
https://www.leroymerlin.es/cdp-site/6.66.0/static/images/common/loader-v2.svg;Inversor Victron Phoenix 12V 500VA;90107022;;;Equipamiento de emergencia para el hogar;;;;06.09.2026, 18:16:22;https://www.leroymerlin.es/productos/inversor-victron-phoenix-12v-500va-90107022.html
https://media.adeo.com/media/3067287/media.png?width=300;Limitador sobretensiones permanentes y transitorias F+N 40A;15395695;Tado;;Equipamiento de emergencia para el hogar;;;;06.09.2026, 18:16:22;https://www.leroymerlin.es/productos/limitador-sobretensiones-permanentes-y-transitorias-f-n-40a-15395695.html
https://www.leroymerlin.es/cdp-site/6.66.0/static/images/common/loader-v2.svg;1 pila recargable alcalina LEXMAN 6LR61 9V;85207748;Lexman;;Equipamiento de emergencia para el hogar;8.99;EUR;extension-list;06.09.2026, 18:16:22;https://www.leroymerlin.es/productos/1-pila-recargable-alcalina-lexman-6lr61-9v-85207748.html
https://media.adeo.com/media/3399213/media.png?width=300;8+4 pilas alcalinas LEXMAN LR06 AA L2;85207714;Lexman;;Equipamiento de emergencia para el hogar;6.99;EUR;extension-list;06.09.2026, 18:16:22;https://www.leroymerlin.es/productos/8-4-pilas-alcalinas-lexman-lr06-aa-l2-85207714.html
https://media.adeo.com/media/1794234/media.png?width=300;Linterna LEXMAN de 220 lúmenes;84733095;Lexman;;Equipamiento de emergencia para el hogar;4.99;EUR;extension-list;06.09.2026, 18:16:22;https://www.leroymerlin.es/productos/linterna-lexman-de-220-lumenes-84733095.html
https://www.leroymerlin.es/cdp-site/6.66.0/static/images/common/loader-v2.svg;Cartucho para hornillos de butano CAMPINGAZ CP250 0.220g válvula seguridad;18019246;Campingaz;;Equipamiento de emergencia para el hogar;2.69;EUR;extension-list;06.09.2026, 18:16:00;https://www.leroymerlin.es/productos/cartucho-para-hornillos-de-butano-campingaz-cp250-0-220g-valvula-seguridad-18019246.html
https://media.adeo.com/media/47192/media.jpg?width=100;Cartucho de gas para candileja SUPERGAS 330 gr 575;15485135;Cartucho;;Equipamiento de emergencia para el hogar;16.5;EUR;extension-list;06.09.2026, 18:16:00;https://www.leroymerlin.es/productos/cartucho-de-gas-para-candileja-supergas-330-gr-575-15485135.html
https://www.leroymerlin.es/cdp-site/6.66.0/static/images/common/loader-v2.svg;8+4 pilas alcalinas LEXMAN LR06 AA L1;85207718;Lexman;;Equipamiento de emergencia para el hogar;5.59;EUR;extension-list;06.09.2026, 18:16:00;https://www.leroymerlin.es/productos/8-4-pilas-alcalinas-lexman-lr06-aa-l1-85207718.html
https://media.adeo.com/media/4494529/media.png?width=100;Fusible TOSCANO 15-A DC 1000V;92460210;Toscano;;Equipamiento de emergencia para el hogar;2.19;EUR;extension-list;06.09.2026, 18:16:00;https://www.leroymerlin.es/productos/fusible-toscano-15-a-dc-1000v-92460210.html
https://www.leroymerlin.es/cdp-site/6.66.0/static/images/common/loader-v2.svg;2+1 pilas alcalinas 6LR1 9V LEXMAN L1;85207745;Lexman;;Equipamiento de emergencia para el hogar;5.39;EUR;extension-list;06.09.2026, 18:16:00;https://www.leroymerlin.es/productos/2-1-pilas-alcalinas-6lr1-9v-lexman-l1-85207745.html
https://www.leroymerlin.es/cdp-site/6.66.0/static/images/common/loader-v2.svg;2 pilas de litio LEXMAN CR2032;85207756;Lexman;;Equipamiento de emergencia para el hogar;3.99;EUR;extension-list;06.09.2026, 18:16:00;https://www.leroymerlin.es/productos/2-pilas-de-litio-lexman-cr2032-85207756.html
https://media.adeo.com/media/556207/media.jpg?width=300;Cartucho de gas KEMPER 220 g - Ideal para camping;82407696;Cartucho;;Equipamiento de emergencia para el hogar;2.59;EUR;extension-list;06.09.2026, 18:16:00;https://www.leroymerlin.es/productos/cartucho-de-gas-kemper-220-g-ideal-para-camping-82407696.html
https://media.adeo.com/media/3398883/media.png?width=300;8+4 pilas alcalinas lr03 aaa lexman l1;85207734;Lexman;;Equipamiento de emergencia para el hogar;5.59;EUR;extension-list;06.09.2026, 18:16:00;https://www.leroymerlin.es/productos/8-4-pilas-alcalinas-lr03-aaa-lexman-l1-85207734.html
https://media.adeo.com/media/3399064/media.png?width=300;8 pilas alcalinas lr03 aaa;85207721;;;Equipamiento de emergencia para el hogar;1.95;EUR;extension-list;06.09.2026, 18:16:00;https://www.leroymerlin.es/productos/8-pilas-alcalinas-lr03-aaa-85207721.html
https://www.leroymerlin.es/cdp-site/6.66.0/static/images/common/loader-v2.svg;4 pilas alcalinas LEXMAN LR03 AAA L1;85207730;Lexman;;Equipamiento de emergencia para el hogar;3.99;EUR;extension-list;06.09.2026, 18:16:00;https://www.leroymerlin.es/productos/4-pilas-alcalinas-lexman-lr03-aaa-l1-85207730.html
https://media.adeo.com/media/4018003/media.jpg?width=300;Conjunto Conector Solar XUNKLIK-4-XUNZEL M/H 2.5-6mm 40A;81908734;Xunzel;XUNKLIK-4-XUNZEL;Equipamiento de emergencia para el hogar;3.95;EUR;extension-list;06.09.2026, 18:16:00;https://www.leroymerlin.es/productos/conjunto-conector-solar-xunklik-4-xunzel-m-h-2-5-6mm-40a-81908734.html
https://www.leroymerlin.es/cdp-site/6.66.0/static/images/common/loader-v2.svg;Cartucho de gas para candileja DEXTER de 0.6 litros;81972953;Dexter;de 0.6;Equipamiento de emergencia para el hogar;7.99;EUR;extension-list;06.09.2026, 18:16:00;https://www.leroymerlin.es/productos/cartucho-de-gas-para-candileja-dexter-de-0-6-litros-81972953.html
https://www.leroymerlin.es/cdp-site/6.66.0/static/images/common/loader-v2.svg;4 pilas alcalinas LEXMAN LR03 AAA L2;85207722;Lexman;;Equipamiento de emergencia para el hogar;5.49;EUR;extension-list;06.09.2026, 18:16:00;https://www.leroymerlin.es/productos/4-pilas-alcalinas-lexman-lr03-aaa-l2-85207722.html
https://media.adeo.com/media/2073042/media.png?width=300;Encendedor fireturbo CRICKET;81979490;Encendedor;;Equipamiento de emergencia para el hogar;6.29;EUR;extension-list;06.09.2026, 18:16:00;https://www.leroymerlin.es/productos/encendedor-fireturbo-cricket-81979490.html
https://media.adeo.com/media/3921175/media.jpg?width=100;Pack de 24 pilas alcalinas AAA LR03;88752131;;;Equipamiento de emergencia para el hogar;4.99;EUR;extension-list;06.09.2026, 18:16:00;https://www.leroymerlin.es/productos/pack-de-24-pilas-alcalinas-aaa-lr03-88752131.html
https://www.leroymerlin.es/cdp-site/6.66.0/static/images/common/loader-v2.svg;4+2 pilas de litio LEXMAN CR2032;85207735;Lexman;;Equipamiento de emergencia para el hogar;4.79;EUR;extension-list;06.09.2026, 18:16:00;https://www.leroymerlin.es/productos/4-2-pilas-de-litio-lexman-cr2032-85207735.html
https://media.adeo.com/media/3399237/media.png?width=300;8 pilas alcalinas lr06 aa;85207711;;;Equipamiento de emergencia para el hogar;1.95;EUR;extension-list;06.09.2026, 18:16:00;https://www.leroymerlin.es/productos/8-pilas-alcalinas-lr06-aa-85207711.html
https://www.leroymerlin.es/cdp-site/6.66.0/static/images/common/loader-v2.svg;4 pilas alcalinas LEXMAN LR06 AA L1;85207716;Lexman;;Equipamiento de emergencia para el hogar;3.99;EUR;extension-list;06.09.2026, 18:16:00;https://www.leroymerlin.es/productos/4-pilas-alcalinas-lexman-lr06-aa-l1-85207716.html
https://media.adeo.com/media/5533783/media.jpg?width=100;Inversor cargador Xunzel IXS-ON 5000W 48V MPPT 5kW;72377949;Xunzel;;Energias renovables;;;;06.09.2026, 18:15:11;https://www.leroymerlin.es/productos/inversor-cargador-xunzel-ixs-on-5000w-48v-mppt-5kw-72377949.html
https://media.adeo.com/media/5601996/media.jpg?width=100;Kit Solar Aislada 5500w y 2 baterías de litio 10 kWh con estructura inclinada;92456939;Autosolar;;Energias renovables;;;;06.09.2026, 18:15:11;https://www.leroymerlin.es/productos/kit-solar-aislada-5500w-y-2-baterias-de-litio-10-kwh-con-estructura-inclinada-92456939.html
https://media.adeo.com/media/5761210/media.jpg?width=100;Kit de energía solar sin conexión XUNZEL de 8 led 3000k de 1W de potencia con 14 horas de autonomía;77035679;Xunzel;;Energias renovables;;;;06.09.2026, 18:15:11;https://www.leroymerlin.es/productos/kit-de-energia-solar-sin-conexion-xunzel-de-8-led-3000k-de-1w-de-potencia-con-14-horas-de-autonomia-77035679.html
https://media.adeo.com/media/5761209/media.jpg?width=100;Kit de energía solar sin conexión XUNZEL de 8 led 3000k de 1W de potencia con 8 horas de autonomía;77035687;Xunzel;;Energias renovables;;;;06.09.2026, 18:15:11;https://www.leroymerlin.es/productos/kit-de-energia-solar-sin-conexion-xunzel-de-8-led-3000k-de-1w-de-potencia-con-8-horas-de-autonomia-77035687.html
https://media.adeo.com/media/5299092/media.jpg?width=100;Kit solar de 2 paneles Xunzel 415 W + inversor y cargador de 1000W;98917277;Xunzel;;Energias renovables;;;;06.09.2026, 18:15:11;https://www.leroymerlin.es/productos/kit-solar-de-2-paneles-xunzel-415-w-inversor-y-cargador-de-1000w-98917277.html
https://media.adeo.com/media/4989736/media.png?width=100;Batería de Litio DEYE SE-G PRO-B 100A 5,1 kW;89341219;Deye;;Energias renovables;;;;06.09.2026, 18:15:11;https://www.leroymerlin.es/productos/bateria-de-litio-deye-se-g-pro-b-100a-5-1-kw-89341219.html
https://media.adeo.com/media/5208354/media.png?width=100;Panel solar Gokin TOPCon B/F 500W;97263975;Panel;;Energias renovables;89.25;EUR;extension-list;06.09.2026, 18:15:11;https://www.leroymerlin.es/productos/panel-solar-gokin-topcon-b-f-500w-97263975.html
https://media.adeo.com/media/4873264/media.jpg?width=100;Aerotermo Corberó Wifi 300 L;96461957;Aerotermo;Wifi 300;Energias renovables;;;;06.09.2026, 18:15:11;https://www.leroymerlin.es/productos/aerotermo-corbero-wifi-300-l-96461957.html
https://media.adeo.com/media/4447223/media.png?height=45&quality=80;Aerotermo vitrificado Emelson EML-AT-V100MR290A de 100 litros de instalación a suelo;75683107;Aerotermo;;Energias renovables;;;;06.09.2026, 18:15:11;https://www.leroymerlin.es/productos/aerotermo-vitrificado-emelson-eml-at-v100mr290a-de-100-litros-de-instalacion-a-suelo-75683107.html
https://media.adeo.com/media/5602012/media.jpg?width=100;Kit solar aislada con panel de 50W batería AGM y regulador de 20A;91878035;;;Energias renovables;;;;06.09.2026, 18:15:11;https://www.leroymerlin.es/productos/kit-solar-aislada-con-panel-de-50w-bateria-agm-y-regulador-de-20a-91878035.html
https://media.adeo.com/media/5173226/media.jpg?width=100;Inversor híbrido Deye SG05LP1-EU 6 kW Monofásico;97695244;Deye;Deye SG05LP1-EU;Energias renovables;;;;06.09.2026, 18:15:11;https://www.leroymerlin.es/productos/inversor-hibrido-deye-sg05lp1-eu-6-kw-monofasico-97695244.html
https://media.adeo.com/media/4447223/media.png?height=45&quality=80;Aerotermo ACS HAIER HP150M5 para pared con 150L de capacidad;85535926;Haier;HAIER HP150M5;Energias renovables;;;;06.09.2026, 18:15:11;https://www.leroymerlin.es/productos/aerotermo-acs-haier-hp150m5-para-pared-con-150l-de-capacidad-85535926.html
https://media.adeo.com/media/4447223/media.png?height=45&quality=80;Aerotermo ACS TAG-200 para suelo A+ de 200 litros R290;77188133;Aerotermo;;Energias renovables;;;;06.09.2026, 18:15:11;https://www.leroymerlin.es/productos/aerotermo-acs-tag-200-para-suelo-a-de-200-litros-r290-77188133.html
https://media.adeo.com/media/5299089/media.jpg?width=100;Kit Solar Litio de 6 paneles Xunzel 415 W + inversor y cargador de 5000W;98917279;Xunzel;;Energias renovables;;;;06.09.2026, 18:15:11;https://www.leroymerlin.es/productos/kit-solar-litio-de-6-paneles-xunzel-415-w-inversor-y-cargador-de-5000w-98917279.html
https://media.adeo.com/media/5441533/media.jpg?width=100;Batería de Litio Pylontech US5000 48V 4,8 kWh;85802015;Pylontech;US5000;Energias renovables;;;;06.09.2026, 18:15:11;https://www.leroymerlin.es/productos/bateria-de-litio-pylontech-us5000-48v-4-8-kwh-85802015.html
https://media.adeo.com/media/4447223/media.png?height=45&quality=80;Aerotermo ACS HAIER HP200M3 para suelo con 200L de capacidad;85444478;Haier;HAIER HP200M3;Energias renovables;;;;06.09.2026, 18:15:11;https://www.leroymerlin.es/productos/aerotermo-acs-haier-hp200m3-para-suelo-con-200l-de-capacidad-85444478.html
https://media.adeo.com/media/5469067/media.jpg?width=100;Kit Solar autoconsumo 6 kW Suntaic Híbrido 12 paneles + baterías litio 10 kW;98426278;;;Energias renovables;;;;06.09.2026, 18:15:11;https://www.leroymerlin.es/productos/kit-solar-autoconsumo-6-kw-suntaic-hibrido-12-paneles-baterias-litio-10-kw-98426278.html
https://media.adeo.com/media/4447229/media.png?height=45&quality=80;Recuperador de calor VMC doble flujo Dinak Ecodivent DF 150 NT;77098411;Recuperador;;Energias renovables;529.99;EUR;extension-list;06.09.2026, 18:15:11;https://www.leroymerlin.es/productos/recuperador-de-calor-vmc-doble-flujo-dinak-ecodivent-df-150-nt-77098411.html
https://media.adeo.com/media/5591563/media.jpg?width=100;Lote 5 paneles solares JA SOLAR TOPCon 535 W;72506270;Lote;Lote 5;Energias renovables;;;;06.09.2026, 18:15:11;https://www.leroymerlin.es/productos/lote-5-paneles-solares-ja-solar-topcon-535-w-72506270.html
https://media.adeo.com/media/4186606/media.png?width=100;Kit Solar enchufable LEXMAN 4 paneles flexibles 440W, para balcón/pared;91827489;Lexman;;Energias renovables;;;;06.09.2026, 18:15:11;https://www.leroymerlin.es/productos/kit-solar-enchufable-lexman-4-paneles-flexibles-440w-para-balcon-pared-91827489.html
https://media.adeo.com/media/4114628/media.png?width=100;Kit Solar Autoconsumo con inversor Tensite de 3kW;91878031;Tensite;;Energias renovables;;;;06.09.2026, 18:15:11;https://www.leroymerlin.es/productos/kit-solar-autoconsumo-con-inversor-tensite-de-3kw-91878031.html
https://media.adeo.com/media/4447223/media.png?height=45&quality=80;Aerotermo ARISTON NUOS PLUS S2 pared WiFi 150L;90099278;Ariston;PLUS S2;Energias renovables;;;;06.09.2026, 18:15:11;https://www.leroymerlin.es/productos/aerotermo-ariston-nuos-plus-s2-pared-wifi-150l-90099278.html
https://media.adeo.com/media/5601967/media.jpg?width=100;Kit solar aislada Victron 5000VA 48V con 15kWh en baterías de litio;96402623;;;Energias renovables;;;;06.09.2026, 18:15:11;https://www.leroymerlin.es/productos/kit-solar-aislada-victron-5000va-48v-con-15kwh-en-baterias-de-litio-96402623.html
https://media.adeo.com/media/4473506/media.jpg?width=100;Inversor + cargador Combi de onda pura 1000W XUNZEL 40A;93626455;Inversor;;Energias renovables;;;;06.09.2026, 18:15:11;https://www.leroymerlin.es/productos/inversor-cargador-combi-de-onda-pura-1000w-xunzel-40a-93626455.html
https://media.adeo.com/media/5601992/media.jpg?width=100;Kit Solar Aislada 5Kwp - 25Kwh/Día;94015503;;;Energias renovables;;;;06.09.2026, 18:15:11;https://www.leroymerlin.es/productos/kit-solar-aislada-5kwp-25kwh-dia-94015503.html
https://media.adeo.com/media/4447223/media.png?height=45&quality=80;Aerotermo ACS TAG-300 para suelo A+ de 300 litros R290;77188196;Aerotermo;;Energias renovables;;;;06.09.2026, 18:15:11;https://www.leroymerlin.es/productos/aerotermo-acs-tag-300-para-suelo-a-de-300-litros-r290-77188196.html
https://media.adeo.com/media/5761210/media.jpg?width=100;Kit de energía solar sin conexión XUNZEL de 8 led 4000k de 1W de potencia con 14 horas de autonomía;77035673;Xunzel;;Energias renovables;;;;06.09.2026, 18:15:11;https://www.leroymerlin.es/productos/kit-de-energia-solar-sin-conexion-xunzel-de-8-led-4000k-de-1w-de-potencia-con-14-horas-de-autonomia-77035673.html
https://media.adeo.com/media/3945676/media.jpg?width=100;Kit Solar PACK ZERO+ AX30 XUNZEL 5000Wh/d,batería 2800Wh,inversor 1000W,soportes;90769255;Xunzel;;Energias renovables;;;;06.09.2026, 18:15:11;https://www.leroymerlin.es/productos/kit-solar-pack-zero-ax30-xunzel-5000wh-d-bateria-2800wh-inversor-1000w-soportes-90769255.html
https://media.adeo.com/media/5422707/media.png?width=100;Batería solar de litio DYNESS DL5.0C PRO 48V 100Ah;72065727;DYNESS;DYNESS DL5.0C;Energias renovables;;;;06.09.2026, 18:15:11;https://www.leroymerlin.es/productos/bateria-solar-de-litio-dyness-dl5-0c-pro-48v-100ah-72065727.html
https://media.adeo.com/media/4844518/media.jpg?width=100;Cargador vehículo eléctrico TESLA Wall Connector M/F-T/F 7,4-22 kW con cable;96427731;Cargador;;Energias renovables;;;;06.09.2026, 18:15:11;https://www.leroymerlin.es/productos/cargador-vehiculo-electrico-tesla-wall-connector-m-f-t-f-7-4-22-kw-con-cable-96427731.html
https://media.adeo.com/media/3945680/media.jpg?width=100;Kit Solar PACK ZERO+AX10 XUNZEL 1300Whd, batería 1400Wh, inversor 400W, soportes;90780373;Xunzel;;Energias renovables;;;;06.09.2026, 18:15:11;https://www.leroymerlin.es/productos/kit-solar-pack-zero-ax10-xunzel-1300whd-bateria-1400wh-inversor-400w-soportes-90780373.html
https://media.adeo.com/media/5469087/media.jpg?width=100;Kit solar aislada con Inversor de 5500W a 48V y 10kWh en Baterías de Litio;91878038;;;Energias renovables;;;;06.09.2026, 18:15:11;https://www.leroymerlin.es/productos/kit-solar-aislada-con-inversor-de-5500w-a-48v-y-10kwh-en-baterias-de-litio-91878038.html
https://media.adeo.com/media/5601986/media.jpg?width=100;Kit Solar Aislada 11Kwp - 50Kwh/Día;94015513;;;Energias renovables;;;;06.09.2026, 18:15:11;https://www.leroymerlin.es/productos/kit-solar-aislada-11kwp-50kwh-dia-94015513.html
https://media.adeo.com/media/5240239/media.png?width=100;Marco doble vertical LEXMAN Lika blanco;96026473;Lexman;;Electricidad y domotica;1.99;EUR;extension-list;06.09.2026, 18:14:22;https://www.leroymerlin.es/productos/marco-doble-vertical-lexman-lika-blanco-96026473.html
https://media.adeo.com/media/2810300/media.png?width=100;Marco triple LIKA color blanco;82277564;Arco;;Electricidad y domotica;2.01;EUR;extension-list;06.09.2026, 18:14:22;https://www.leroymerlin.es/productos/marco-triple-lika-color-blanco-82277564.html
https://media.adeo.com/media/5240235/media.png?width=100;Marco doble LEXMAN Lika negro;96026476;Lexman;;Electricidad y domotica;1.6;EUR;extension-list;06.09.2026, 18:14:22;https://www.leroymerlin.es/productos/marco-doble-lexman-lika-negro-96026476.html
https://media.adeo.com/media/5652217/media.png?width=100;Interruptor/conmutador LEXMAN Lika negro;96026471;Lexman;;Electricidad y domotica;2.89;EUR;extension-list;06.09.2026, 18:14:22;https://www.leroymerlin.es/productos/interruptor-conmutador-lexman-lika-negro-96026471.html
https://media.adeo.com/media/536694/media.png?width=100;Conmutador una tecla monoblock LIKA color blanco;82277514;Tado;;Electricidad y domotica;2.66;EUR;extension-list;06.09.2026, 18:14:22;https://www.leroymerlin.es/productos/conmutador-una-tecla-monoblock-lika-color-blanco-82277514.html
https://media.adeo.com/media/5240223/media.png?width=100;Enchufe SCHUKO LEXMAN Lika negro;96026479;Lexman;;Electricidad y domotica;3.39;EUR;extension-list;06.09.2026, 18:14:22;https://www.leroymerlin.es/productos/enchufe-schuko-lexman-lika-negro-96026479.html
https://media.adeo.com/media/536791/media.png?width=100;Interruptor conmutador doble monoblock LIKA color blanco;82277535;;;Electricidad y domotica;3.94;EUR;extension-list;06.09.2026, 18:14:22;https://www.leroymerlin.es/productos/interruptor-conmutador-doble-monoblock-lika-color-blanco-82277535.html
https://media.adeo.com/media/536500/media.png?width=100;Marco doble Lika color blanco;82277562;Arco;;Electricidad y domotica;1.4;EUR;extension-list;06.09.2026, 18:14:22;https://www.leroymerlin.es/productos/marco-doble-lika-color-blanco-82277562.html
https://media.adeo.com/media/536794/media.png?width=100;Pack de 5 conmutadores LEXMAN Lika blanco;83147166;Lexman;;Electricidad y domotica;12.46;EUR;extension-list;06.09.2026, 18:14:22;https://www.leroymerlin.es/productos/pack-de-5-conmutadores-lexman-lika-blanco-83147166.html
https://media.adeo.com/media/5321040/media.jpg?width=100;Pack 3 Balizas V16 homologada DGT geolocalizada LEDONE Connected;99081030;;;Electricidad y domotica;89.97;EUR;extension-list;06.09.2026, 18:14:22;https://www.leroymerlin.es/productos/pack-3-balizas-v16-homologada-dgt-geolocalizada-ledone-connected-99081030.html
https://media.adeo.com/media/4714896/media.jpg?width=100;Baliza V16 homologada DGT geolocalizada para camión LEDOne Connected;94249691;Baliza;Baliza V16;Electricidad y domotica;;;;06.09.2026, 18:14:22;https://www.leroymerlin.es/productos/baliza-v16-homologada-dgt-geolocalizada-para-camion-ledone-connected-94249691.html
https://media.adeo.com/media/536590/media.png?width=100;Enchufe monoblock doble LIKA color blanco;82277550;Enchufe;;Electricidad y domotica;5.87;EUR;extension-list;06.09.2026, 18:14:22;https://www.leroymerlin.es/productos/enchufe-monoblock-doble-lika-color-blanco-82277550.html
https://media.adeo.com/media/4824538/media.jpg?width=100;Baliza V16 homologada DGT geolocalizada KSIX Safety Light IoT;87931435;Baliza;Baliza V16;Electricidad y domotica;37.99;EUR;extension-list;06.09.2026, 18:14:22;https://www.leroymerlin.es/productos/baliza-v16-homologada-dgt-geolocalizada-ksix-safety-light-iot-87931435.html
https://media.adeo.com/media/536437/media.png?width=100;Enchufe monoblock LIKA color blanco;82277545;Enchufe;;Electricidad y domotica;3.03;EUR;extension-list;06.09.2026, 18:14:22;https://www.leroymerlin.es/productos/enchufe-monoblock-lika-color-blanco-82277545.html
https://media.adeo.com/media/4672008/media.jpg?width=100;Baliza V16 homologada DGT geolocalizada LEDONE Connected;92543808;Baliza;Baliza V16;Electricidad y domotica;29.99;EUR;extension-list;06.09.2026, 18:14:22;https://www.leroymerlin.es/productos/baliza-v16-homologada-dgt-geolocalizada-ledone-connected-92543808.html
https://media.adeo.com/media/5305127/media.jpg?width=100;Pack 4 Balizas V16 homologada DGT geolocalizada LEDONE Connected;98602440;;;Electricidad y domotica;111.98;EUR;extension-list;06.09.2026, 18:14:22;https://www.leroymerlin.es/productos/pack-4-balizas-v16-homologada-dgt-geolocalizada-ledone-connected-98602440.html
https://media.adeo.com/media/4585073/media.jpg?width=100;Baliza V16 homologada DGT geolocalizada + chaleco LEDONE Connected;92547617;Baliza;Baliza V16;Electricidad y domotica;42.99;EUR;extension-list;06.09.2026, 18:14:22;https://www.leroymerlin.es/productos/baliza-v16-homologada-dgt-geolocalizada-chaleco-ledone-connected-92547617.html
https://media.adeo.com/media/5314756/media.jpg?width=100;Pack 2 Balizas V16 homologada DGT geolocalizada LEDONE Connected;94544256;;;Electricidad y domotica;55.99;EUR;extension-list;06.09.2026, 18:14:22;https://www.leroymerlin.es/productos/pack-2-balizas-v16-homologada-dgt-geolocalizada-ledone-connected-94544256.html
https://media.adeo.com/media/5211327/media.png?width=100;Baliza V16 homologada DGT geolocalizada Help Flash IoT+;97065346;Baliza;Baliza V16;Electricidad y domotica;44.37;EUR;extension-list;06.09.2026, 18:14:22;https://www.leroymerlin.es/productos/baliza-v16-homologada-dgt-geolocalizada-help-flash-iot-97065346.html
https://media.adeo.com/media/1293012/media.png?width=100;Pack de 5 schuko LEXMAN Lika blanco;83147165;Lexman;;Electricidad y domotica;13.8;EUR;extension-list;06.09.2026, 18:14:22;https://www.leroymerlin.es/productos/pack-de-5-schuko-lexman-lika-blanco-83147165.html
https://media.adeo.com/media/4939427/media.png?width=100;Marco con Passepartout Milo blanco INSPIRE 30x40cm;94015405;Inspire;;Decoracion;9.99;EUR;extension-list;06.09.2026, 18:13:14;https://www.leroymerlin.es/productos/marco-con-passepartout-milo-blanco-inspire-30x40cm-94015405.html
https://media.adeo.com/media/5188698/media.png?width=100;Marco con Passepartout Milo roble claro INSPIRE 18x24cm;94015415;Arco;;Decoracion;6.99;EUR;extension-list;06.09.2026, 18:13:14;https://www.leroymerlin.es/productos/marco-con-passepartout-milo-roble-claro-inspire-18x24cm-94015415.html
https://media.adeo.com/media/2727614/media.png?width=100;Marco Lila negro INSPIRE 30x40cm;19319853;Inspire;;Decoracion;5.99;EUR;extension-list;06.09.2026, 18:13:14;https://www.leroymerlin.es/productos/marco-lila-negro-inspire-30x40cm-19319853.html
https://media.adeo.com/media/2727536/media.png?width=100;Marco Lila negro INSPIRE 50x70cm;19319874;Inspire;;Decoracion;10.99;EUR;extension-list;06.09.2026, 18:13:14;https://www.leroymerlin.es/productos/marco-lila-negro-inspire-50x70cm-19319874.html
https://media.adeo.com/media/4939390/media.png?width=100;Marco con Passepartout Milo roble INSPIRE 40x50cm;94015414;Inspire;;Decoracion;12.99;EUR;extension-list;06.09.2026, 18:13:14;https://www.leroymerlin.es/productos/marco-con-passepartout-milo-roble-inspire-40x50cm-94015414.html
https://media.adeo.com/media/2726564/media.png?width=100;Marco con Passepartout Milo negro INSPIRE 40x50cm;19412792;Inspire;;Decoracion;12.99;EUR;extension-list;06.09.2026, 18:13:14;https://www.leroymerlin.es/productos/marco-con-passepartout-milo-negro-inspire-40x50cm-19412792.html
https://media.adeo.com/media/5206238/media.png?width=100;Marco con Passepartout Milo roble INSPIRE 30x30cm;94015382;Inspire;;Decoracion;8.99;EUR;extension-list;06.09.2026, 18:13:14;https://www.leroymerlin.es/productos/marco-con-passepartout-milo-roble-inspire-30x30cm-94015382.html
https://media.adeo.com/media/568711/media.png?width=100;Marco Lila blanco INSPIRE 30x40cm;19319944;Inspire;;Decoracion;5.99;EUR;extension-list;06.09.2026, 18:13:14;https://www.leroymerlin.es/productos/marco-lila-blanco-inspire-30x40cm-19319944.html
https://media.adeo.com/media/5199221/media.png?width=100;Marco con Passepartout Milo blanco INSPIRE 20x20cm;94015409;Inspire;;Decoracion;4.99;EUR;extension-list;06.09.2026, 18:13:14;https://www.leroymerlin.es/productos/marco-con-passepartout-milo-blanco-inspire-20x20cm-94015409.html
https://media.adeo.com/media/551/media.jpg?width=100;Marco Lila blanco INSPIRE 40x50cm;19319783;Inspire;;Decoracion;7.99;EUR;extension-list;06.09.2026, 18:13:14;https://www.leroymerlin.es/productos/marco-lila-blanco-inspire-40x50cm-19319783.html
https://media.adeo.com/media/5207940/media.png?width=100;Marco con Passepartout Milo blanco INSPIRE de 13x18cm;94015406;Inspire;;Decoracion;3.99;EUR;extension-list;06.09.2026, 18:13:14;https://www.leroymerlin.es/productos/marco-con-passepartout-milo-blanco-inspire-de-13x18cm-94015406.html
https://media.adeo.com/media/568410/media.png?width=100;Marco Lila negro INSPIRE 40x50cm;19319860;Inspire;;Decoracion;7.99;EUR;extension-list;06.09.2026, 18:13:14;https://www.leroymerlin.es/productos/marco-lila-negro-inspire-40x50cm-19319860.html
https://media.adeo.com/media/4945464/media.jpg?width=100;Adorno figuras mix 7 cm;95488162;Adorno;mix 7;Decoracion navidena;1.4;EUR;extension-list;06.09.2026, 18:12:35;https://www.leroymerlin.es/productos/adorno-figuras-mix-7-cm-95488162.html
https://media.adeo.com/media/5693277/media.jpg?width=100;Guirnalda de interior de poliéster de 130 cm rojo;85380196;Guirnalda;;Decoracion navidena;6.99;EUR;extension-list;06.09.2026, 18:12:35;https://www.leroymerlin.es/productos/guirnalda-de-interior-de-poliester-de-130-cm-rojo-85380196.html
https://media.adeo.com/media/4770873/media.jpg?width=100;Figura navideña Gnomo verde 60 cm;95554518;Figura;verde 60;Decoracion navidena;24.99;EUR;extension-list;06.09.2026, 18:12:35;https://www.leroymerlin.es/productos/figura-navidena-gnomo-verde-60-cm-95554518.html
https://media.adeo.com/media/5289031/media.jpg?width=100;Tren locomotora para árbol;15245475;Tren;;Decoracion navidena;53.99;EUR;extension-list;06.09.2026, 18:12:35;https://www.leroymerlin.es/productos/tren-locomotora-para-arbol-15245475.html
https://media.adeo.com/media/4905974/media.jpg?width=100;Figura navideña motocicleta rojo 11x46x75 cm;95488433;Figura;;Decoracion navidena;;;;06.09.2026, 18:12:35;https://www.leroymerlin.es/productos/figura-navidena-motocicleta-rojo-11x46x75-cm-95488433.html
https://media.adeo.com/media/4905976/media.jpg?width=100;Figura navideña para interior elfo 47x22x55 cm;95488396;Figura;;Decoracion navidena;;;;06.09.2026, 18:12:35;https://www.leroymerlin.es/productos/figura-navidena-para-interior-elfo-47x22x55-cm-95488396.html
https://media.adeo.com/media/4808651/media.jpg?width=100;Figura navideña bastón caramelo para interior 186 cm;84000072;Figura;;Decoracion navidena;;;;06.09.2026, 18:12:35;https://www.leroymerlin.es/productos/figura-navidena-baston-caramelo-para-interior-186-cm-84000072.html
https://media.adeo.com/media/4808650/media.jpg?width=100;Decoración navideña para interior de resina rojo;84000286;Decoracion;;Decoracion navidena;;;;06.09.2026, 18:12:35;https://www.leroymerlin.es/productos/decoracion-navidena-para-interior-de-resina-rojo-84000286.html
;Juego de bolas navideñas para interior de cristal blanco de 6 cm 10 unidades;89339363;;;Decoracion navidena;;;;06.09.2026, 18:12:35;https://www.leroymerlin.es/productos/juego-de-bolas-navidenas-para-interior-de-cristal-blanco-de-6-cm-10-unidades-89339363.html
https://media.adeo.com/media/5159255/media.png?width=100;Árbol de Navidad Ottowa PE verde de 240 cm de alto;95488436;Árbol;;Decoracion navidena;323.36;EUR;extension-list;06.09.2026, 18:12:35;https://www.leroymerlin.es/productos/arbol-de-navidad-ottowa-pe-verde-de-240-cm-de-alto-95488436.html
;Jarrón redondo de vidrio gris / plata 18.5x25 cm;89285636;Jarron;;Decoracion navidena;;;;06.09.2026, 18:12:35;https://www.leroymerlin.es/productos/jarron-redondo-de-vidrio-gris-plata-18-5x25-cm-89285636.html
;Adorno colgante bellota para interior multicolor 4x8 cm;95488189;Bellota;;Decoracion navidena;;;;06.09.2026, 18:12:35;https://www.leroymerlin.es/productos/adorno-colgante-bellota-para-interior-multicolor-4x8-cm-95488189.html
;Farolillo para jardín blanco de madera 33x80 cm;83510200;Farolillo;;Decoracion navidena;;;;06.09.2026, 18:12:35;https://www.leroymerlin.es/productos/farolillo-para-jardin-blanco-de-madera-33x80-cm-83510200.html
;Guirnalda de interior Nevada iluminada 50 luces de pvc de 25 cm verde;95426688;Guirnalda;;Decoracion navidena;;;;06.09.2026, 18:12:35;https://www.leroymerlin.es/productos/guirnalda-de-interior-nevada-iluminada-50-luces-de-pvc-de-25-cm-verde-95426688.html
;Farolillo para jardín marrón de madera 33x80 cm;83510199;Farolillo;;Decoracion navidena;;;;06.09.2026, 18:12:35;https://www.leroymerlin.es/productos/farolillo-para-jardin-marron-de-madera-33x80-cm-83510199.html
;Lámpara de pie Carvi Inspire 2 luces E27 Rafia 161 cm alto;85611548;Inspire;;Decoracion navidena;;;;06.09.2026, 18:12:35;https://www.leroymerlin.es/productos/lampara-de-pie-carvi-inspire-2-luces-e27-rafia-161-cm-alto-85611548.html
;Guirnalda iluminada decorativa con 10 bombillas LED blanco cálido de 0.90 metros de iluminación para interior a pilas;95631919;Guirnalda;con 10;Decoracion navidena;;;;06.09.2026, 18:12:35;https://www.leroymerlin.es/productos/guirnalda-iluminada-decorativa-con-10-bombillas-led-blanco-calido-de-0-90-metros-de-iluminacion-para-interior-a-pilas-95631919.html
;Bola navidad para interior de cristal incoloro / transparente de 8 cm;95488182;Bola;;Decoracion navidena;;;;06.09.2026, 18:12:35;https://www.leroymerlin.es/productos/bola-navidad-para-interior-de-cristal-incoloro-transparente-de-8-cm-95488182.html
;Árbol de Navidad Morry verde de 210 cm de alto;86672392;Arbol;;Decoracion navidena;;;;06.09.2026, 18:12:35;https://www.leroymerlin.es/productos/arbol-de-navidad-morry-verde-de-210-cm-de-alto-86672392.html
;Bola navidad para interior amarillo / dorado de 8 cm;95554493;Bola;;Decoracion navidena;;;;06.09.2026, 18:12:35;https://www.leroymerlin.es/productos/bola-navidad-para-interior-amarillo-dorado-de-8-cm-95554493.html
;Árbol iluminado para exterior de 120 cm de alto y 40 cm de ancho con 192 luces blanco cálido solar;95454035;Árbol;;Decoracion navidena;;;;06.09.2026, 18:12:35;https://www.leroymerlin.es/productos/arbol-iluminado-para-exterior-de-120-cm-de-alto-y-40-cm-de-ancho-con-192-luces-blanco-calido-solar-95454035.html
https://media.adeo.com/media/2050113/media.jpg?width=100;Saco de piedra de lava triturado Roja 15KG 10 y 25 mm;14364294;Saco;;Construccion;36.88;EUR;extension-list;06.09.2026, 18:11:52;https://www.leroymerlin.es/productos/saco-de-piedra-de-lava-triturado-roja-15kg-10-y-25-mm-14364294.html
https://media.adeo.com/media/5274456/media.png?width=100;Palé 24 paquetes (194,40m2) panel fibra de vidrio ISOVER ARENA APTA Espesor 65mm 1,35x0,6m R=1,91;97230718;Pale;;Construccion;853.44;EUR;extension-list;06.09.2026, 18:11:52;https://www.leroymerlin.es/productos/pale-24-paquetes-194-40m2-panel-fibra-de-vidrio-isover-arena-apta-espesor-65mm-1-35x0-6m-r-1-91-97230718.html
https://media.adeo.com/media/5294673/media.jpg?width=100;Palé 16 paquetes (285m2) panel ECO 037 Espesor 50mm 1,35x0,6m R=1,35;97230701;Pale;285m2;Construccion;23.52;EUR;extension-list;06.09.2026, 18:11:52;https://www.leroymerlin.es/productos/pale-16-paquetes-285m2-panel-eco-037-espesor-50mm-1-35x0-6m-r-1-35-97230701.html
https://media.adeo.com/media/2051656/media.jpg?width=100;Celosía Paula 40x20x6 cm;14534891;Celosia;;Construccion;4.49;EUR;extension-list;06.09.2026, 18:11:52;https://www.leroymerlin.es/productos/celosia-paula-40x20x6-cm-14534891.html
https://media.adeo.com/media/2131570/media.jpg?width=100;Grava blanca decorativa 20Kg;16790081;Grava;;Construccion;0.21;EUR;extension-list;06.09.2026, 18:11:52;https://www.leroymerlin.es/productos/grava-blanca-decorativa-20kg-16790081.html
https://media.adeo.com/media/5294281/media.jpg?width=100;Palé 20 rollos (240m2) IBR80 Espesor 80mm 10x1,2m R=2;97448516;Pale;240m2;Construccion;851.6;EUR;extension-list;06.09.2026, 18:11:52;https://www.leroymerlin.es/productos/pale-20-rollos-240m2-ibr80-espesor-80mm-10x1-2m-r-2-97448516.html
https://media.adeo.com/media/2131401/media.jpg?width=100;Saco de piedra calcárea rodada Blanco 20KG 60 y 100 mm;18838645;Saco;;Construccion;0.39;EUR;extension-list;06.09.2026, 18:11:52;https://www.leroymerlin.es/productos/saco-de-piedra-calcarea-rodada-blanco-20kg-60-y-100-mm-18838645.html
https://media.adeo.com/media/8816/media.jpg?width=100;Bloque de vidrio brillante neutro de 19x19x8cm;15959734;Bloque;de 19x19x8cm;Construccion;2.26;EUR;extension-list;06.09.2026, 18:11:52;https://www.leroymerlin.es/productos/bloque-de-vidrio-brillante-neutro-de-19x19x8cm-15959734.html
https://media.adeo.com/media/1826744/media.png?width=100&format=jpg&quality=60;Placa policarbonato celular 3x0,98m x 16 mm;16272683;Placa;;Construccion;15.99;EUR;extension-list;06.09.2026, 18:11:52;https://www.leroymerlin.es/productos/placa-policarbonato-celular-3x0-98m-x-16-mm-16272683.html
https://media.adeo.com/media/1823069/media.png?width=100;8 uds de Aislamiento textil reciclado de Algodón Super PYL GEOPANNEL 1.25x0.6m Espesor 60mm R = 1.82;82168063;Geopannel;R 1.82;Construccion;44.94;EUR;extension-list;06.09.2026, 18:11:52;https://www.leroymerlin.es/productos/8-uds-de-paneles-algodon-geopannel-super-pyl-espesor-60mm-1-25x0-6m-r-1-82-82168063.html
https://media.adeo.com/media/5294665/media.jpg?width=100;Palé 28 paquetes (181,44m2) panel ECO 037, Espesor: 80mm 1,35x0,6m R=2,16;97230710;Pale;;Construccion;86.96;EUR;extension-list;06.09.2026, 18:11:52;https://www.leroymerlin.es/productos/pale-28-paquetes-181-44m2-panel-eco-037-espesor-80mm-1-35x0-6m-r-2-16-97230710.html
https://media.adeo.com/media/3909452/media.jpg?width=100;Kit falso techo lama Venecia 200 blanco 4.62m2;83423818;;;Construccion;188.55;EUR;extension-list;06.09.2026, 18:11:52;https://www.leroymerlin.es/productos/kit-falso-techo-lama-venecia-200-blanco-4-62m2-83423818.html
https://media.adeo.com/media/5294712/media.jpg?width=100;Palé 18 paquetes (194,40m2) panel DRYWALL 37 Espesor: 60mm 1,35x0,4m R=1,63;97230713;Pale;;Construccion;472.68;EUR;extension-list;06.09.2026, 18:11:52;https://www.leroymerlin.es/productos/pale-18-paquetes-194-40m2-panel-drywall-37-espesor-60mm-1-35x0-4m-r-1-63-97230713.html
https://media.adeo.com/media/1831983/media.png?width=100;Hormigonera eléctrica Hormix ALTRAD de 700 w y 150 litros amarillo;82104218;Hormigonera;de 700;Construccion;;;;06.09.2026, 18:11:52;https://www.leroymerlin.es/productos/hormigonera-electrica-hormix-altrad-de-700-w-y-150-litros-amarillo-82104218.html
https://media.adeo.com/media/5294281/media.jpg?width=100;Palé 20 rollos (192m2) IBR100 Espesor 100mm 8x1,2m R=2,5;97448518;Pale;192m2;Construccion;919.6;EUR;extension-list;06.09.2026, 18:11:52;https://www.leroymerlin.es/productos/pale-20-rollos-192m2-ibr100-espesor-100mm-8x1-2m-r-2-5-97448518.html
https://media.adeo.com/media/5294281/media.jpg?width=100;Pale 20 rollos (216m2) IBR120 Espesor 120mm 9x1,2m R=3;97230697;Pale;216m2;Construccion;293.8;EUR;extension-list;06.09.2026, 18:11:52;https://www.leroymerlin.es/productos/pale-20-rollos-216m2-ibr120-espesor-120mm-9x1-2m-r-3-97230697.html
https://media.adeo.com/media/5294702/media.jpg?width=100;Palé 16 paquetes (311m2) panel DRYWALL 37 Espesor 60mm 1,35x0,6m R=1,63;97230707;Pale;311m2;Construccion;680.64;EUR;extension-list;06.09.2026, 18:11:52;https://www.leroymerlin.es/productos/pale-16-paquetes-311m2-panel-drywall-37-espesor-60mm-1-35x0-6m-r-1-63-97230707.html
https://media.adeo.com/media/5294218/media.jpg?width=100;Palé 30uds (306m2) DRYWALL 37 Espesor: 60mm 8,5x0,4m R=1,62;97448514;Pale;306m2;Construccion;2.43;EUR;extension-list;06.09.2026, 18:11:52;https://www.leroymerlin.es/productos/pale-30uds-306m2-drywall-37-espesor-60mm-8-5x0-4m-r-1-62-97448514.html
https://media.adeo.com/media/3614446/media.jpg?width=100;Panel de Acero rojo 3000x1010x0.5mm;84268289;Panel;;Construccion;30.87;EUR;extension-list;06.09.2026, 18:11:52;https://www.leroymerlin.es/productos/panel-de-acero-rojo-3000x1010x0-5mm-84268289.html
https://media.adeo.com/media/2131591/media.jpg?width=100;Saco de piedra calcárea rodada Blanco 20 kg 12 y 25 mm;18838435;Saco;;Construccion;0.37;EUR;extension-list;06.09.2026, 18:11:52;https://www.leroymerlin.es/productos/saco-de-piedra-calcarea-rodada-blanco-20-kg-12-y-25-mm-18838435.html
https://media.adeo.com/media/2050177/media.jpg?width=100;Saco de piedras calcárea rodada blancas 20 kg 20 y 40 mm;18838484;Saco;;Construccion;0.3;EUR;extension-list;06.09.2026, 18:11:52;https://www.leroymerlin.es/productos/saco-de-piedras-calcarea-rodada-blancas-20-kg-20-y-40-mm-18838484.html
https://media.adeo.com/media/5274456/media.png?width=100;Palé 24 paquetes (272,16m2) panel ARENA APTA Espesor 48mm 1,35x0,6m R=1,42;97230717;Pale;;Construccion;894.72;EUR;extension-list;06.09.2026, 18:11:52;https://www.leroymerlin.es/productos/pale-24-paquetes-272-16m2-panel-arena-apta-espesor-48mm-1-35x0-6m-r-1-42-97230717.html
https://media.adeo.com/media/5294642/media.jpg?width=100;Palé 20 rollos (259,20m2) DRYWALL37, Espesor: 50mm 10x0,4m R=1,35;97448517;Pale;;Construccion;450.8;EUR;extension-list;06.09.2026, 18:11:52;https://www.leroymerlin.es/productos/pale-20-rollos-259-20m2-drywall37-espesor-50mm-10x0-4m-r-1-35-97448517.html
https://media.adeo.com/media/5294642/media.jpg?width=100;Palé 20 rollos (204m2) DRYWALL 37 Espesor: 60mm 8,5x0,6m R=1,62;97448515;Pale;204m2;Construccion;2.43;EUR;extension-list;06.09.2026, 18:11:52;https://www.leroymerlin.es/productos/pale-20-rollos-204m2-drywall-37-espesor-60mm-8-5x0-6m-r-1-62-97448515.html
https://media.adeo.com/media/3264322/media.jpg?width=100;Escurreplatos Brabantia gris oscuro 38.5x14x49 cm;81957062;Brabantia;;Cocinas;43.34;EUR;extension-list;06.09.2026, 18:10:59;https://www.leroymerlin.es/productos/escurreplatos-brabantia-gris-oscuro-38-5x14x49-cm-81957062.html
https://media.adeo.com/media/4368682/media.jpg?width=100;Placa de inducción CATA ILM 3285 con 3 zonas de cocción zona grande de 28cm 7100 W negro 60cm;92875117;Cata;ILM 3285;Cocinas;;;;06.09.2026, 18:10:59;https://www.leroymerlin.es/productos/placa-de-induccion-cata-ilm-3285-con-3-zonas-de-coccion-zona-grande-de-28cm-7100-w-negro-60cm-92875117.html
https://media.adeo.com/media/2275578/media.jpg?width=100;Cubertero extensible de plástico antracita 28-48 x 6,5 x 38 cm;17986815;;;Cocinas;12.41;EUR;extension-list;06.09.2026, 18:10:59;https://www.leroymerlin.es/productos/cubertero-extensible-de-plastico-antracita-28-48-x-6-5-x-38-cm-17986815.html
https://media.adeo.com/media/3205663/media.png?width=100;Tapete escurreplatos de microfibra Brabantia;81957067;Tapete;;Cocinas;12.1;EUR;extension-list;06.09.2026, 18:10:59;https://www.leroymerlin.es/productos/tapete-escurreplatos-de-microfibra-brabantia-81957067.html
https://media.adeo.com/media/3853291/media.png?width=100;Grifo de cocina monomando caño alto flexible DELINIA Eleki negro;87932408;Delinia;;Cocinas;49.99;EUR;extension-list;06.09.2026, 18:10:59;https://www.leroymerlin.es/productos/grifo-de-cocina-monomando-cano-alto-flexible-delinia-eleki-negro-87932408.html
https://media.adeo.com/media/3422936/media.png?width=100;Estante metálico DELINIA 14 x33 x21 cm;85285372;Delinia;;Cocinas;8.99;EUR;extension-list;06.09.2026, 18:10:59;https://www.leroymerlin.es/productos/estante-metalico-delinia-14-x33-x21-cm-85285372.html
https://media.adeo.com/media/4446252/media.png?height=45&quality=80;Horno multifunción CATA MHDS 706 BK VR01 72L 3.4kW negro Clase A;91457119;Etiqueta;;Cocinas;;;;06.09.2026, 18:10:59;https://www.leroymerlin.es/productos/horno-multifuncion-cata-mhds-706-bk-vr01-72l-3-4kw-negro-clase-a-91457119.html
https://media.adeo.com/media/5141375/media.png?width=100;Módulo estantería decorativa de cocina roble en kit Delinia ID 30 x 76.8 x 37 cm;96848306;Modulo;;Cocinas;87.29;EUR;extension-list;06.09.2026, 18:10:59;https://www.leroymerlin.es/productos/modulo-estanteria-decorativa-de-cocina-roble-en-kit-delinia-id-30-x-76-8-x-37-cm-96848306.html
https://media.adeo.com/media/3579409/media.png?width=100;Pack de 4 botes de cocina de cristal apilables DELINIA con tapa de madera de haya 11x15,8x11cm;87822896;Delinia;;Cocinas;22.49;EUR;extension-list;06.09.2026, 18:10:59;https://www.leroymerlin.es/productos/pack-de-4-botes-de-cocina-de-cristal-apilables-delinia-con-tapa-de-madera-de-haya-11x15-8x11cm-87822896.html
https://media.adeo.com/media/5141380/media.png?width=100;Módulo estantería decorativa de cocina roble en kit Delinia ID 60 x 76.8 x 37 cm;96848307;Modulo;;Cocinas;89.99;EUR;extension-list;06.09.2026, 18:10:59;https://www.leroymerlin.es/productos/modulo-estanteria-decorativa-de-cocina-roble-en-kit-delinia-id-60-x-76-8-x-37-cm-96848307.html
https://media.adeo.com/media/2777182/media.png?width=100;Bandeja escurreplatos de silicona Brabantia gris oscuro;81957064;Brabantia;;Cocinas;20.39;EUR;extension-list;06.09.2026, 18:10:59;https://www.leroymerlin.es/productos/bandeja-escurreplatos-de-silicona-brabantia-gris-oscuro-81957064.html
https://media.adeo.com/media/3869323/media.png?width=100;Grifo de cocina monomando caño alto flexible DELINIA Eleki blanco/acero;87932400;Flex;;Cocinas;66.7;EUR;extension-list;06.09.2026, 18:10:59;https://www.leroymerlin.es/productos/grifo-de-cocina-monomando-cano-alto-flexible-delinia-eleki-blanco-acero-87932400.html
https://media.adeo.com/media/2012466/media.png?width=100;Grifo de cocina monomando caño alto TEKA ML 915 cromado;81965233;Teka;ML 915;Cocinas;44.6;EUR;extension-list;06.09.2026, 18:10:59;https://www.leroymerlin.es/productos/grifo-de-cocina-monomando-cano-alto-teka-ml-915-cromado-81965233.html
https://media.adeo.com/media/3181906/media.png?width=100;Grifo de cocina monomando caño alto DELINIA Loa cromo brillo;84752061;Delinia;;Cocinas;42.99;EUR;extension-list;06.09.2026, 18:10:59;https://www.leroymerlin.es/productos/grifo-de-cocina-monomando-cano-alto-delinia-loa-cromo-brillo-84752061.html
https://media.adeo.com/media/4600745/media.jpg?width=100;Pack de 2 paños de microfibra BRABANTIA gris oscuro;82880963;Brabantia;;Cocinas;2.12;EUR;extension-list;06.09.2026, 18:10:59;https://www.leroymerlin.es/productos/pack-de-2-panos-de-microfibra-brabantia-gris-oscuro-82880963.html
https://media.adeo.com/media/3614362/media.png?width=100;Organizador extensible para sartenes y tapas acero inox negro DELINIA 19x57x24cm;87823036;Organizador;;Cocinas;17.99;EUR;extension-list;06.09.2026, 18:10:59;https://www.leroymerlin.es/productos/organizador-extensible-para-sartenes-y-tapas-acero-inox-negro-delinia-19x57x24cm-87823036.html
https://media.adeo.com/media/3711046/media.jpg?width=100;Set de cuberteros ELEKI blanco;87822725;;;Cocinas;13.49;EUR;extension-list;06.09.2026, 18:10:59;https://www.leroymerlin.es/productos/set-de-cuberteros-eleki-blanco-87822725.html
https://media.adeo.com/media/3134766/media.png?width=100;Grifo de cocina monomando caño alto DELINIA Lily extraíble 2 funciones negro mate;95015076;Delinia;;Cocinas;64.99;EUR;extension-list;06.09.2026, 18:10:59;https://www.leroymerlin.es/productos/grifo-de-cocina-monomando-cano-alto-delinia-lily-extraible-2-funciones-negro-mate-95015076.html
https://media.adeo.com/media/3685336/media.jpg?width=100&format=jpg&quality=60;Azulejo cerámico Malmo efecto palillería fresno 45x120 cm GRESPANIA;88946259;Azulejo;;Ceramica;56.68;EUR;extension-list;06.09.2026, 18:10:03;https://www.leroymerlin.es/productos/azulejo-ceramico-malmo-efecto-palilleria-fresno-45x120-cm-grespania-88946259.html
https://media.adeo.com/media/3067215/media.png?width=100;Suelo/Azulejo porcelánico Helos efecto travertino beige 59.5x59.5 cm C1 ARTENS;84734432;Suelo;;Ceramica;21.19;EUR;extension-list;06.09.2026, 18:10:03;https://www.leroymerlin.es/productos/suelo-azulejo-porcelanico-helos-efecto-travertino-beige-59-5x59-5-cm-c1-artens-84734432.html
;Suelo porcelánico Lakos efecto piedra beige 60x60 cm C1 ARTENS;84734435;Suelo;;Ceramica;;;;06.09.2026, 18:10:03;https://www.leroymerlin.es/productos/suelo-porcelanico-lakos-efecto-piedra-beige-60x60-cm-c1-artens-84734435.html
;Suelo/Azulejo porcelánico Dark efecto madera dark 59.8x59.8 cm C1 ARTENS;87683815;Suelo;;Ceramica;;;;06.09.2026, 18:10:03;https://www.leroymerlin.es/productos/suelo-azulejo-porcelanico-dark-efecto-madera-dark-59-8x59-8-cm-c1-artens-87683815.html
;Suelo vinílico SPC en clic extrem WHARTON 5.5mm espesor base integrada ARTENS NAT340;89973265;;;Ceramica;;;;06.09.2026, 18:10:03;https://www.leroymerlin.es/productos/suelo-vinilico-spc-en-clic-extrem-wharton-5-5mm-espesor-base-integrada-artens-nat340-89973265.html
;Azulejo cerámico Arctic efecto green botanic mate 30x90 cm ARTENS;86932296;Gre;;Ceramica;;;;06.09.2026, 18:10:03;https://www.leroymerlin.es/productos/azulejo-ceramico-arctic-efecto-green-botanic-mate-30x90-cm-artens-86932296.html
;Azulejo cerámico Arctic efecto papel pintado flor blanco 2d mate 30x90 cm ARTENS;91656765;;;Ceramica;;;;06.09.2026, 18:10:03;https://www.leroymerlin.es/productos/azulejo-ceramico-arctic-efecto-papel-pintado-flor-blanco-2d-mate-30x90-cm-artens-91656765.html
;Azulejo porcelánico Legacy efecto piedra white relieve 40x120 cm;82490486;Azulejo;;Ceramica;;;;06.09.2026, 18:10:03;https://www.leroymerlin.es/productos/azulejo-porcelanico-legacy-efecto-piedra-white-relieve-40x120-cm-82490486.html
;Suelo porcelánico Vesta efecto piedra pearl 60x60 cm C1;90323682;Suelo;;Ceramica;;;;06.09.2026, 18:10:03;https://www.leroymerlin.es/productos/suelo-porcelanico-vesta-efecto-piedra-pearl-60x60-cm-c1-90323682.html
;Suelo/Azulejo cerámico Verna efecto madera roble 20.5x61.5 cm C1 ARTENS;83020653;;;Ceramica;;;;06.09.2026, 18:10:03;https://www.leroymerlin.es/productos/suelo-azulejo-ceramico-verna-efecto-madera-roble-20-5x61-5-cm-c1-artens-83020653.html
;Suelo/Azulejo porcelánico Legacy efecto piedra white 40x120 cm C1;82490566;Suelo;;Ceramica;;;;06.09.2026, 18:10:03;https://www.leroymerlin.es/productos/suelo-azulejo-porcelanico-legacy-efecto-piedra-white-40x120-cm-c1-82490566.html
;Suelo/Azulejo porcelánico Voltea efecto mármol green 60x120 cm ARTENS;87683764;Suelo;;Ceramica;;;;06.09.2026, 18:10:03;https://www.leroymerlin.es/productos/suelo-azulejo-porcelanico-voltea-efecto-marmol-green-60x120-cm-artens-87683764.html
;Azulejo porcelánico Savana efecto cemento deco natural 32x62.5 cm;90305264;;;Ceramica;;;;06.09.2026, 18:10:03;https://www.leroymerlin.es/productos/azulejo-porcelanico-savana-efecto-cemento-deco-natural-32x62-5-cm-90305264.html
;Plato de ducha Urban 200x80 cm blanco;82226273;Plato;;Ceramica;;;;06.09.2026, 18:10:03;https://www.leroymerlin.es/productos/plato-de-ducha-urban-200x80-cm-blanco-82226273.html
;Suelo/Azulejo porcelánico Imara efecto madera gris 15x90 cm C1 ARTENS;91656742;Artens;;Ceramica;;;;06.09.2026, 18:10:03;https://www.leroymerlin.es/productos/suelo-azulejo-porcelanico-imara-efecto-madera-gris-15x90-cm-c1-artens-91656742.html
;Suelo porcelánico Marmi efecto mármol white 60x120 cm C1 ARTENS;81970172;Suelo;;Ceramica;;;;06.09.2026, 18:10:03;https://www.leroymerlin.es/productos/suelo-porcelanico-marmi-efecto-marmol-white-60x120-cm-c1-artens-81970172.html
;Azulejo cerámico Arctic efecto relieve Rojo Slabs 3D Mate 30x90 cm ARTENS;91656787;Azulejo;;Ceramica;;;;06.09.2026, 18:10:03;https://www.leroymerlin.es/productos/azulejo-ceramico-arctic-efecto-relieve-rojo-slabs-3d-mate-30x90-cm-artens-91656787.html
;Suelo porcelánico Dynamic efecto madera natural 20x120 cm C1;89534232;Suelo;;Ceramica;;;;06.09.2026, 18:10:03;https://www.leroymerlin.es/productos/suelo-porcelanico-dynamic-efecto-madera-natural-20x120-cm-c1-89534232.html
;Suelo/Azulejo porcelánico Imara efecto madera marrón oscuro 15x90 cm C1 ARTENS;91656770;;;Ceramica;;;;06.09.2026, 18:10:03;https://www.leroymerlin.es/productos/suelo-azulejo-porcelanico-imara-efecto-madera-marron-oscuro-15x90-cm-c1-artens-91656770.html
;Suelo porcelánico Martins efecto cemento gris 60x60 cm C1 ARTENS;19483513;Suelo;;Ceramica;;;;06.09.2026, 18:10:03;https://www.leroymerlin.es/productos/suelo-porcelanico-martins-efecto-cemento-gris-60x60-cm-c1-artens-19483513.html
;Suelo porcelánico Balade efecto madera Wood 20x120 cm C1 ARTENS;87683772;Artens;;Ceramica;;;;06.09.2026, 18:10:03;https://www.leroymerlin.es/productos/suelo-porcelanico-balade-efecto-madera-wood-20x120-cm-c1-artens-87683772.html
;Suelo piscina porcelánico Ibor efecto piedra turquesa 30.3x61.3 cm C3 ECOCERAMIC;90347017;;;Ceramica;;;;06.09.2026, 18:10:03;https://www.leroymerlin.es/productos/suelo-piscina-porcelanico-ibor-efecto-piedra-turquesa-30-3x61-3-cm-c3-ecoceramic-90347017.html
;Suelo piscina porcelánico Ibor efecto piedra mix 30.3x61.3 cm C3 ECOCERAMIC;90347018;Suelo;;Ceramica;;;;06.09.2026, 18:10:03;https://www.leroymerlin.es/productos/suelo-piscina-porcelanico-ibor-efecto-piedra-mix-30-3x61-3-cm-c3-ecoceramic-90347018.html
;Azulejo porcelánico Savana efecto cemento natural 32x62.5 cm;90305283;Azulejo;;Ceramica;;;;06.09.2026, 18:10:03;https://www.leroymerlin.es/productos/azulejo-porcelanico-savana-efecto-cemento-natural-32x62-5-cm-90305283.html
;Rodapié porcelánico Ceres 32.5x7 cm terracota cotto ARTENS;90323670;Rodapie;;Ceramica;;;;06.09.2026, 18:10:03;https://www.leroymerlin.es/productos/rodapie-porcelanico-ceres-32-5x7-cm-terracota-cotto-artens-90323670.html
;Azulejo Arctic efecto cemento beige geo 2d mate 30x90 cm ARTENS;91656746;Azulejo;geo 2d;Ceramica;;;;06.09.2026, 18:10:03;https://www.leroymerlin.es/productos/azulejo-arctic-efecto-cemento-beige-geo-2d-mate-30x90-cm-artens-91656746.html
;Azulejo cerámico Arctic blanco mate 30x90 cm ARTENS;91656731;Artens;;Ceramica;;;;06.09.2026, 18:10:03;https://www.leroymerlin.es/productos/azulejo-ceramico-arctic-blanco-mate-30x90-cm-artens-91656731.html
;Azulejo porcelánico Limestone efecto piedra natural 32x62.5 cm C1;93437063;;;Ceramica;;;;06.09.2026, 18:10:03;https://www.leroymerlin.es/productos/azulejo-porcelanico-limestone-efecto-piedra-natural-32x62-5-cm-c1-93437063.html
;Azulejo mosaico gres porcelánico Blanco efecto cemento blanco 30x30 cm C1 ECOCERAMIC;19910912;;;Ceramica;;;;06.09.2026, 18:10:03;https://www.leroymerlin.es/productos/azulejo-mosaico-gres-porcelanico-blanco-efecto-cemento-blanco-30x30-cm-c1-ecoceramic-19910912.html
;Mortero para juntas de exterior AXTON marfil hueso 5kg;85480296;Axton;;Ceramica;;;;06.09.2026, 18:10:03;https://www.leroymerlin.es/productos/mortero-para-juntas-de-exterior-axton-marfil-hueso-5kg-85480296.html
;Suelo/Azulejo porcelánico Ulmo efecto piedra light 74.5x74.5 cm C1 ARTENS;87683743;Suelo;;Ceramica;;;;06.09.2026, 18:10:03;https://www.leroymerlin.es/productos/suelo-azulejo-porcelanico-ulmo-efecto-piedra-light-74-5x74-5-cm-c1-artens-87683743.html
;Suelo/Azulejo porcelánico Cavir efecto terrazo beige 60x60 cm C1 ARTENS;87683746;Suelo;;Ceramica;;;;06.09.2026, 18:10:03;https://www.leroymerlin.es/productos/suelo-azulejo-porcelanico-cavir-efecto-terrazo-beige-60x60-cm-c1-artens-87683746.html
;Mortero AXTON 5kg negro;85480299;Axton;;Ceramica;;;;06.09.2026, 18:10:03;https://www.leroymerlin.es/productos/mortero-axton-5kg-negro-85480299.html
;Azulejo cerámico Arctic White efecto white mate 30x60 cm ARTENS;82222335;Artens;;Ceramica;;;;06.09.2026, 18:10:03;https://www.leroymerlin.es/productos/azulejo-ceramico-arctic-white-efecto-white-mate-30x60-cm-artens-82222335.html
;Suelo porcelánico Harmony Zaragoza efecto madera natural 20x120 cm C1 ARTENS;83288268;;;Ceramica;;;;06.09.2026, 18:10:03;https://www.leroymerlin.es/productos/suelo-porcelanico-harmony-zaragoza-efecto-madera-natural-20x120-cm-c1-artens-83288268.html
;Azulejo cerámico Metro negro brillante 10x20 cm ARTENS;84307493;Azulejo;;Ceramica;;;;06.09.2026, 18:10:03;https://www.leroymerlin.es/productos/azulejo-ceramico-metro-negro-brillante-10x20-cm-artens-84307493.html
;Suelo porcelánico Martins efecto cemento arena 60x60 cm C1 ARTENS;19482932;Suelo;;Ceramica;;;;06.09.2026, 18:10:03;https://www.leroymerlin.es/productos/suelo-porcelanico-martins-efecto-cemento-arena-60x60-cm-c1-artens-19482932.html
;Suelo/Azulejo porcelánico Windsor efecto mármol marble blanco 60x60 cm ARTENS;86680123;Suelo;;Ceramica;;;;06.09.2026, 18:10:03;https://www.leroymerlin.es/productos/suelo-azulejo-porcelanico-windsor-efecto-marmol-marble-blanco-60x60-cm-artens-86680123.html
https://media.adeo.com/media/1942751/media.jpg?width=100;Suelo/Azulejo porcelánico Cuarzo Reno efecto mármol jaspe 59x119cm GRESPANIA;83022906;Gre;;Ceramica;45.35;EUR;extension-list;06.09.2026, 18:10:03;https://www.leroymerlin.es/productos/suelo-azulejo-porcelanico-cuarzo-reno-efecto-marmol-jaspe-59x119cm-grespania-83022906.html
;Mortero para juntas Axton Multiplus AXTON blanco 5kg;85480301;Axton;;Ceramica;;;;06.09.2026, 18:10:03;https://www.leroymerlin.es/productos/mortero-para-juntas-axton-multiplus-axton-blanco-5kg-85480301.html
;Suelo/Azulejo porcelánico Mediterranean efecto piedra blanco 60x120 cm C1;96331828;Suelo;;Ceramica;;;;06.09.2026, 18:10:03;https://www.leroymerlin.es/productos/suelo-azulejo-porcelanico-mediterranean-efecto-piedra-blanco-60x120-cm-c1-96331828.html
;Azulejo cerámico Arctic efecto cemento beige mate 60x120 cm C1 ARTENS;91656743;Azulejo;;Ceramica;;;;06.09.2026, 18:10:03;https://www.leroymerlin.es/productos/azulejo-ceramico-arctic-efecto-cemento-beige-mate-60x120-cm-c1-artens-91656743.html
;Azulejo cerámico Arctic efecto rojo mate 30x90 cm ARTENS;91656784;Artens;;Ceramica;;;;06.09.2026, 18:10:03;https://www.leroymerlin.es/productos/azulejo-ceramico-arctic-efecto-rojo-mate-30x90-cm-artens-91656784.html
;Suelo/Azulejo porcelánico Ulmo efecto piedra light 36.5x74.5 cm C1 ARTENS;87683770;Suelo;;Ceramica;;;;06.09.2026, 18:10:03;https://www.leroymerlin.es/productos/suelo-azulejo-porcelanico-ulmo-efecto-piedra-light-36-5x74-5-cm-c1-artens-87683770.html
;Azulejo cerámico Storm efecto relieve blanco round mate 33.3x90 cm ARTENS;86738046;Azulejo;;Ceramica;;;;06.09.2026, 18:10:03;https://www.leroymerlin.es/productos/azulejo-ceramico-storm-efecto-relieve-blanco-round-mate-33-3x90-cm-artens-86738046.html
;Azulejo cerámico Arctic White efecto relieve blanco mate 3d eggs 30x60 cm ARTENS;90126579;;;Ceramica;;;;06.09.2026, 18:10:03;https://www.leroymerlin.es/productos/azulejo-ceramico-arctic-white-efecto-relieve-blanco-mate-3d-eggs-30x60-cm-artens-90126579.html
;Azulejo porcelánico Deco Lingot efecto relieve white 32x62.5 cm;90305281;;;Ceramica;;;;06.09.2026, 18:10:03;https://www.leroymerlin.es/productos/azulejo-porcelanico-deco-lingot-efecto-relieve-white-32x62-5-cm-90305281.html
;Azulejo cerámico Moha Square efecto zellige white 31.6x60 cm ARTENS;84731826;Azulejo;;Ceramica;;;;06.09.2026, 18:10:03;https://www.leroymerlin.es/productos/azulejo-ceramico-moha-square-efecto-zellige-white-31-6x60-cm-artens-84731826.html
;Azulejo cerámico Storm efecto mármol blanco marble 33.3x90 cm ARTENS;86738043;Azulejo;;Ceramica;;;;06.09.2026, 18:10:03;https://www.leroymerlin.es/productos/azulejo-ceramico-storm-efecto-marmol-blanco-marble-33-3x90-cm-artens-86738043.html
;Azulejo Arctic efecto cemento azul 30x90 cm ARTENS;91656723;Artens;;Ceramica;;;;06.09.2026, 18:10:03;https://www.leroymerlin.es/productos/azulejo-arctic-efecto-cemento-azul-30x90-cm-artens-91656723.html
;Azulejo Arctic efecto relieve blanco slabs 3d mate 30x90 cm ARTENS;91656757;Artens;;Ceramica;;;;06.09.2026, 18:10:03;https://www.leroymerlin.es/productos/azulejo-arctic-efecto-relieve-blanco-slabs-3d-mate-30x90-cm-artens-91656757.html
https://media.adeo.com/media/4447217/media.png?height=45&quality=80;Termo eléctrico HAIER VH3W DUAL+WIFI 95L;98630589;Haier;;Calefaccion y climatizacion;;;;06.09.2026, 18:09:12;https://www.leroymerlin.es/productos/termo-electrico-haier-vh3w-dual-wifi-95l-98630589.html
https://media.adeo.com/media/4446252/media.png?height=45&quality=80;Caldera de condensación gas natural MANAUT Myto Connect 25S 25kw con termostato Instalación básica incluida;90058279;Caldera;;Calefaccion y climatizacion;;;;06.09.2026, 18:09:12;https://www.leroymerlin.es/productos/caldera-de-condensacion-gas-natural-manaut-myto-connect-25s-25kw-con-termostato-instalacion-basica-incluida-90058279.html
https://media.adeo.com/media/4447217/media.png?height=45&quality=80;Termo eléctrico HAIER VH3W DUAL+WIFI 75L;98630588;Haier;;Calefaccion y climatizacion;;;;06.09.2026, 18:09:12;https://www.leroymerlin.es/productos/termo-electrico-haier-vh3w-dual-wifi-75l-98630588.html
https://media.adeo.com/media/2092171/media.jpg?width=100;Bidón de parafina TOYOTOMI Plus 20 L;19304194;Toyotomi;Plus 20;Calefaccion y climatizacion;101.07;EUR;extension-list;06.09.2026, 18:09:12;https://www.leroymerlin.es/productos/bidon-de-parafina-toyotomi-plus-20-l-19304194.html
https://media.adeo.com/media/2016980/media.jpg?width=100;Bidón de parafina TOYOTOMI Clear de 20 L;19316556;Toyotomi;;Calefaccion y climatizacion;63.99;EUR;extension-list;06.09.2026, 18:09:12;https://www.leroymerlin.es/productos/bidon-de-parafina-toyotomi-clear-de-20-l-19316556.html
https://media.adeo.com/media/4260403/media.png?width=100&format=jpg&quality=60;Toallero Eléctrico NOOR 500W B, Secatoallas de Bajo Consumo con Termostato Digital 24/7, Modo Turbo 2h, Blanco, 78x50.5 cm;82417148;Toallero;;Calefaccion y climatizacion;;;;06.09.2026, 18:09:12;https://www.leroymerlin.es/productos/toallero-electrico-noor-500w-b-secatoallas-de-bajo-consumo-con-termostato-digital-24-7-modo-turbo-2h-blanco-78x50-5-cm-82417148.html
https://media.adeo.com/media/4447215/media.png?height=45&quality=80;Estufa de gas llama azul NEVERCOLD N4200 4.2 Kw;81885199;Estufa;N4200;Calefaccion y climatizacion;84.99;EUR;extension-list;06.09.2026, 18:09:12;https://www.leroymerlin.es/productos/estufa-de-gas-llama-azul-nevercold-n4200-4-2-kw-81885199.html
https://media.adeo.com/media/3602778/media.png?width=100;Emisor Térmico Seco AVA 1000W, Bajo Consumo-Programable 24/7, 1000W, Calor Rápido, 10m², Aluminio;86558101;Emisor;;Calefaccion y climatizacion;;;;06.09.2026, 18:09:12;https://www.leroymerlin.es/productos/emisor-termico-seco-ava-1000w-bajo-consumo-programable-24-7-1000w-calor-rapido-10m2-aluminio-86558101.html
https://media.adeo.com/media/4447221/media.png?height=45&quality=80;Calentador de gas estanco COINTRA ceti butano/natural 12 L Instalación básica incluida;88776843;Cointra;;Calefaccion y climatizacion;;;;06.09.2026, 18:09:12;https://www.leroymerlin.es/productos/calentador-de-gas-estanco-cointra-ceti-butano-natural-12-l-instalacion-basica-incluida-88776843.html
https://media.adeo.com/media/4249664/media.jpg?width=100;Palet de 70 sacos de pellet NATURPELLET;19162094;Palet;de 70;Calefaccion y climatizacion;0.5;EUR;extension-list;06.09.2026, 18:09:12;https://www.leroymerlin.es/productos/palet-de-70-sacos-de-pellet-naturpellet-19162094.html
https://media.adeo.com/media/4447215/media.png?height=45&quality=80;Hogar de leña INVICTA Optimise 700 7 kW;82017803;Hogar;Optimise 700;Calefaccion y climatizacion;;;;06.09.2026, 18:09:12;https://www.leroymerlin.es/productos/hogar-de-lena-invicta-optimise-700-7-kw-82017803.html
https://media.adeo.com/media/4446252/media.png?height=45&quality=80;Caldera de condensación gas natural MANAUT Myto Connect 35H con termostato Instalación básica incluida;90058281;;;Calefaccion y climatizacion;;;;06.09.2026, 18:09:12;https://www.leroymerlin.es/productos/caldera-de-condensacion-gas-natural-manaut-myto-connect-35h-con-termostato-instalacion-basica-incluida-90058281.html
https://media.adeo.com/media/4446252/media.png?height=45&quality=80;Caldera de condensación gas natural MANAUT Myto Connect 30H con termostato Instalación básica incluida;90058280;;;Calefaccion y climatizacion;;;;06.09.2026, 18:09:12;https://www.leroymerlin.es/productos/caldera-de-condensacion-gas-natural-manaut-myto-connect-30h-con-termostato-instalacion-basica-incluida-90058280.html
https://media.adeo.com/media/4447217/media.png?height=45&quality=80;Termo eléctrico HAIER VH3W DUAL+WIFI 47L;98630587;Haier;;Calefaccion y climatizacion;;;;06.09.2026, 18:09:12;https://www.leroymerlin.es/productos/termo-electrico-haier-vh3w-dual-wifi-47l-98630587.html
https://media.adeo.com/media/3602776/media.png?width=100;Emisor Térmico Seco AVA 1500 W, Bajo Consumo-Programable 24/7, 1500W, Calor Rápido, 15m², Aluminio;86558128;Emisor;AVA 1500;Calefaccion y climatizacion;;;;06.09.2026, 18:09:12;https://www.leroymerlin.es/productos/emisor-termico-seco-ava-1500-w-bajo-consumo-programable-24-7-1500w-calor-rapido-15m2-aluminio-86558128.html
https://media.adeo.com/media/4447208/media.png?height=45&quality=80;Estufa de pellet AURUM 10 kW blanco WIFI;91783861;;;Calefaccion y climatizacion;;;;06.09.2026, 18:09:12;https://www.leroymerlin.es/productos/estufa-de-pellet-aurum-10-kw-blanco-wifi-91783861.html
https://media.adeo.com/media/5435327/media.jpg?width=100;Saco de pellet NATURPELLET 15 kg;17868151;Saco;;Calefaccion y climatizacion;0.45;EUR;extension-list;06.09.2026, 18:09:12;https://www.leroymerlin.es/productos/saco-de-pellet-naturpellet-15-kg-17868151.html
https://media.adeo.com/media/4447216/media.png?height=45&quality=80;Estufa de leña LACUNZA Ocean 600 8,5 kw;82675768;Lacunza;Ocean 600;Calefaccion y climatizacion;;;;06.09.2026, 18:09:12;https://www.leroymerlin.es/productos/estufa-de-lena-lacunza-ocean-600-8-5-kw-82675768.html
https://media.adeo.com/media/2338851/media.jpg?width=100;Grifo de lavabo Nerea monomando bajo cromo brillo. Latón.;64292396;;;Banos;11.65;EUR;extension-list;06.09.2026, 18:08:24;https://www.leroymerlin.es/productos/grifo-de-lavabo-nerea-monomando-bajo-cromo-brillo-laton-64292396.html
https://media.adeo.com/media/1958150/media.png?width=100;Pack WC Nerea salida vertical;81989256;;;Banos;58.99;EUR;extension-list;06.09.2026, 18:08:24;https://www.leroymerlin.es/productos/pack-wc-nerea-salida-vertical-81989256.html
https://media.adeo.com/media/4447192/media.png?height=45&quality=80;Espejo de baño rectangular con luz LED funcional Nerea 60x70 cm color plata;90099416;Espejo;;Banos;;;;06.09.2026, 18:08:24;https://www.leroymerlin.es/productos/espejo-de-bano-rectangular-con-luz-led-funcional-nerea-60x70-cm-color-plata-90099416.html
https://media.adeo.com/media/4665602/media.jpg?width=100;Escobillero Quick blanco brillante;93515692;Escobillero;;Banos;0.95;EUR;extension-list;06.09.2026, 18:08:24;https://www.leroymerlin.es/productos/escobillero-quick-blanco-brillante-93515692.html
https://media.adeo.com/media/2013569/media.jpg?width=100;Alcachofa de ducha + flexo simple cromado con 1 función;18375231;Flex;;Banos;5.75;EUR;extension-list;06.09.2026, 18:08:24;https://www.leroymerlin.es/productos/alcachofa-de-ducha-flexo-simple-cromado-con-1-funcion-18375231.html
https://media.adeo.com/media/2812448/media.png?width=100;Alfombra de baño ovalada Funky 40x60 cm beige;82263400;Alfombra;;Banos;3.99;EUR;extension-list;06.09.2026, 18:08:24;https://www.leroymerlin.es/productos/alfombra-de-bano-ovalada-funky-40x60-cm-beige-82263400.html
https://media.adeo.com/media/1685072/media.png?width=100;Plato de ducha Remix 140x70 cm blanco;88286916;Plato;;Banos;;;;06.09.2026, 18:08:24;https://www.leroymerlin.es/productos/plato-de-ducha-remix-140x70-cm-blanco-88286916.html
https://media.adeo.com/media/2004184/media.jpg?width=100;Grifo de ducha monomando Nerea cromo brillo Latón;64292550;;;Banos;17.3;EUR;extension-list;06.09.2026, 18:08:24;https://www.leroymerlin.es/productos/grifo-de-ducha-monomando-nerea-cromo-brillo-laton-64292550.html
https://media.adeo.com/media/621601/media.jpg?width=100;Grifo monomando de bidé Nerea cromo brillo. Antical. Latón;36175566;;;Banos;13.1;EUR;extension-list;06.09.2026, 18:08:24;https://www.leroymerlin.es/productos/grifo-monomando-de-bide-nerea-cromo-brillo-antical-laton-36175566.html
https://media.adeo.com/media/3974661/media.jpg?width=100;Columna de baño Nerea blanco 30x182x35 cm;90491392;Columna;;Banos;;;;06.09.2026, 18:08:24;https://www.leroymerlin.es/productos/columna-de-bano-nerea-blanco-30x182x35-cm-90491392.html
https://media.adeo.com/media/321915/media.jpg?width=100;Portarrollos de papel higiénico Loft gris adhesivo o para atornillar;82000090;;;Banos;6.99;EUR;extension-list;06.09.2026, 18:08:24;https://www.leroymerlin.es/productos/portarrollos-de-papel-higienico-loft-gris-adhesivo-para-atornillar-82000090.html
https://media.adeo.com/media/6311/media.jpg?width=100;Grifo de bañera monomando Nerea cromo brillo Latón;64292522;;;Banos;19.4;EUR;extension-list;06.09.2026, 18:08:24;https://www.leroymerlin.es/productos/grifo-de-banera-monomando-nerea-cromo-brillo-laton-64292522.html
;Azulejo Artic Efecto Relieve Blanco Mate 30x60 Cm Artens;91656748;Azulejo;;Suelos;30.23;EUR;extension-list;06.09.2026, 14:32:11;https://www.leroymerlin.es/productos/azulejo-artic-efecto-relieve-blanco-mate-30x60-cm-artens-91656748.html
;Suelo Laminado Intenso Newcastle 8mm Espesor Ac5 Artens Nat325;85631278;Suelo;Espesor Ac5;Suelos;26.56;EUR;extension-list;06.09.2026, 14:32:11;https://www.leroymerlin.es/productos/suelo-laminado-intenso-newcastle-8mm-espesor-ac5-artens-nat325-85631278.html
;Azulejo Ceramico Metro Efecto Azul Oscuro Mate 10x20 Cm Artens;84307342;Azulejo;;Suelos;14.39;EUR;extension-list;06.09.2026, 14:32:11;https://www.leroymerlin.es/productos/azulejo-ceramico-metro-efecto-azul-oscuro-mate-10x20-cm-artens-84307342.html
;Azulejo Ceramico Moha Bricks Efecto Zellige Grey 31 6x60 Cm Artens;84731823;Azulejo;;Suelos;27.34;EUR;extension-list;06.09.2026, 14:32:11;https://www.leroymerlin.es/productos/azulejo-ceramico-moha-bricks-efecto-zellige-grey-31-6x60-cm-artens-84731823.html
https://media.adeo.com/media/2232343/media.png?width=100;Moldura collarin de poliestireno crudo 40x20 mm x 2,0 m (ancho x grueso x largo);17365411;Moldura;;Suelos;9.85;EUR;extension-list;06.09.2026, 14:32:11;https://www.leroymerlin.es/productos/moldura-collarin-de-poliestireno-crudo-40x20-mm-x-2-0-m-ancho-x-grueso-x-largo-17365411.html
;Azulejo De Loza Moha Square Efecto Zellige Verde Cuadrado 31 6x60 Cm C0 Artens;84731829;Azulejo;;Suelos;19.74;EUR;extension-list;06.09.2026, 14:32:11;https://www.leroymerlin.es/productos/azulejo-de-loza-moha-square-efecto-zellige-verde-cuadrado-31-6x60-cm-c0-artens-84731829.html
;Perfil De Esquina Y Borde Externo Cuadrado De Aluminio Int Ext 2 5m X2 3cm;85538548;Perfil;;Suelos;19.99;EUR;extension-list;06.09.2026, 14:32:11;https://www.leroymerlin.es/productos/perfil-de-esquina-y-borde-externo-cuadrado-de-aluminio-int-ext-2-5m-x2-3cm-85538548.html
https://media.adeo.com/media/5658050/media.png?width=100;Moldura collarin de poliestireno crudo 40x40 mm x 2,0 m (ancho x grueso x largo);17365390;Moldura;;Suelos;9.85;EUR;extension-list;06.09.2026, 14:32:11;https://www.leroymerlin.es/productos/moldura-collarin-de-poliestireno-crudo-40x40-mm-x-2-0-m-ancho-x-grueso-x-largo-17365390.html
;Rodapie De Mdf De 240x7 8cm Marron Nat380 Artens;88567679;Rodapie;;Suelos;9.99;EUR;extension-list;06.09.2026, 14:32:11;https://www.leroymerlin.es/productos/rodapie-de-mdf-de-240x7-8cm-marron-nat380-artens-88567679.html
;Rodapie De Poliestireno De 220x10cm Blanco Stiq Xl 110 White Artens;91052772;Rodapie;De 220x10cm;Suelos;9.99;EUR;extension-list;06.09.2026, 14:32:11;https://www.leroymerlin.es/productos/rodapie-de-poliestireno-de-220x10cm-blanco-stiq-xl-110-white-artens-91052772.html
;Suelo Porcelanico Harmony Merida Efecto Madera Roble 22 5x90 Cm C1 Artens;82000979;Suelo;;Suelos;18.29;EUR;extension-list;06.09.2026, 14:32:11;https://www.leroymerlin.es/productos/suelo-porcelanico-harmony-merida-efecto-madera-roble-22-5x90-cm-c1-artens-82000979.html
;Suelo Laminado Extrem Zaragoza Resistente Al Agua 100h 8mm Espesor Ac5 Artens Nat340;96516192;Suelo;Espesor Ac5;Suelos;37.1;EUR;extension-list;06.09.2026, 14:32:11;https://www.leroymerlin.es/productos/suelo-laminado-extrem-zaragoza-resistente-al-agua-100h-8mm-espesor-ac5-artens-nat340-96516192.html
;Suelo Porcelanico Harmony Granada Efecto Madera Gris 22 5x90 Cm C3 Artens;81967992;;;Suelos;18.29;EUR;extension-list;06.09.2026, 14:32:11;https://www.leroymerlin.es/productos/suelo-porcelanico-harmony-granada-efecto-madera-gris-22-5x90-cm-c3-artens-81967992.html
;Suelo Vinilico Spc En Clic Extrem Malte 5 2mm Espesor Base Integrada Artens Nat348;90975646;Suelo;;Suelos;45.77;EUR;extension-list;06.09.2026, 14:32:11;https://www.leroymerlin.es/productos/suelo-vinilico-spc-en-clic-extrem-malte-5-2mm-espesor-base-integrada-artens-nat348-90975646.html
;Azulejo Mosaico Gres Porcelanico Balade Efecto Madera Marron 24 9x30 2 Cm Artens;87975403;Gre;;Suelos;25.99;EUR;extension-list;06.09.2026, 14:32:11;https://www.leroymerlin.es/productos/azulejo-mosaico-gres-porcelanico-balade-efecto-madera-marron-24-9x30-2-cm-artens-87975403.html
;Suelo Vinilico Spc En Clic Extrem Norfolk 5 2mm Espesor Base Integrada Artens Nat360;91773158;Suelo;;Suelos;53.23;EUR;extension-list;06.09.2026, 14:32:11;https://www.leroymerlin.es/productos/suelo-vinilico-spc-en-clic-extrem-norfolk-5-2mm-espesor-base-integrada-artens-nat360-91773158.html
;Rodapie De Mdf De 240x7 8cm Madera Natural Nat340 Artens;88567633;Rodapie;;Suelos;9.99;EUR;extension-list;06.09.2026, 14:32:11;https://www.leroymerlin.es/productos/rodapie-de-mdf-de-240x7-8cm-madera-natural-nat340-artens-88567633.html
;Perfil Esquina Y Borde Externo Curvo Aluminio Blanco Brillo Int Ext 2 5mx1 2cm;82009077;Perfil;;Suelos;9.99;EUR;extension-list;06.09.2026, 14:32:11;https://www.leroymerlin.es/productos/perfil-esquina-y-borde-externo-curvo-aluminio-blanco-brillo-int-ext-2-5mx1-2cm-82009077.html
;Azulejo Ceramico Arctic Efecto Relieve Verde Slabs 3d Mate 30x90 Cm Artens;91656790;Azulejo;;Suelos;21.59;EUR;extension-list;06.09.2026, 14:32:11;https://www.leroymerlin.es/productos/azulejo-ceramico-arctic-efecto-relieve-verde-slabs-3d-mate-30x90-cm-artens-91656790.html
;Puerta De Interior Corredera Ciega Maciza Melamina Line Plus Lisboa Roble Con Unero Anchura 72 5cm;85283414;Puerta;;Suelos;150.55;EUR;extension-list;06.09.2026, 14:32:11;https://www.leroymerlin.es/productos/puerta-de-interior-corredera-ciega-maciza-melamina-line-plus-lisboa-roble-con-unero-anchura-72-5cm-85283414.html
;Azulejo Ceramico Artic Blanco Mate 30x60 Cm Artens;91656772;Azulejo;;Suelos;28.79;EUR;extension-list;06.09.2026, 14:32:11;https://www.leroymerlin.es/productos/azulejo-ceramico-artic-blanco-mate-30x60-cm-artens-91656772.html
;Azulejo Ceramico Arctic Efecto Dark Blue Mate 30x90 Cm Artens;86932293;Artens;;Suelos;26.99;EUR;extension-list;06.09.2026, 14:32:11;https://www.leroymerlin.es/productos/azulejo-ceramico-arctic-efecto-dark-blue-mate-30x90-cm-artens-86932293.html
;Puerta De Interior Abatible Ciega Maciza Vinilo Line Plus Lucerna Lagos Blanco Veteado Apertura Izquierda Cerco De 6x2 Anchura 72 5cm;91546884;Puerta;;Suelos;169.4;EUR;extension-list;06.09.2026, 14:32:11;https://www.leroymerlin.es/productos/puerta-de-interior-abatible-ciega-maciza-vinilo-line-plus-lucerna-lagos-blanco-veteado-apertura-izquierda-cerco-de-6x2-anchura-72-5cm-91546884.html
;Manillon Redondo Inox 500mm Diametro 25 Epoxi Negro;82402298;OX;;Suelos;52.99;EUR;extension-list;06.09.2026, 14:32:11;https://www.leroymerlin.es/productos/manillon-redondo-inox-500mm-diametro-25-epoxi-negro-82402298.html
;Puerta De Interior Abatible Ciega Maciza Melamina Line Plus Lisboa Roble Apertura Izquierda Cerco De 7x3 Anchura 72 5cm;85283432;Puerta;;Suelos;165.49;EUR;extension-list;06.09.2026, 14:32:11;https://www.leroymerlin.es/productos/puerta-de-interior-abatible-ciega-maciza-melamina-line-plus-lisboa-roble-apertura-izquierda-cerco-de-7x3-anchura-72-5cm-85283432.html
;Puerta De Interior Abatible Ciega Maciza Melamina Line Plus Oslo Gold Roble Apertura Derecha Cerco De 7x3 Anchura 72 5cm;82996003;;;Suelos;;;;06.09.2026, 14:32:11;https://www.leroymerlin.es/productos/puerta-de-interior-abatible-ciega-maciza-melamina-line-plus-oslo-gold-roble-apertura-derecha-cerco-de-7x3-anchura-72-5cm-82996003.html
;Suelo Vinilico Spc En Clic Extrem Zaragoza 5 5mm Espesor Base Integrada Artens Nat340;89973267;;;Suelos;35.4;EUR;extension-list;06.09.2026, 14:32:11;https://www.leroymerlin.es/productos/suelo-vinilico-spc-en-clic-extrem-zaragoza-5-5mm-espesor-base-integrada-artens-nat340-89973267.html
;Kit De 5 Tapetas Extensibles En L Mdf Melamina Blanco 80x12 10x2200 Mm;91546726;;;Suelos;71.78;EUR;extension-list;06.09.2026, 14:32:11;https://www.leroymerlin.es/productos/kit-de-5-tapetas-extensibles-en-l-mdf-melamina-blanco-80x12-10x2200-mm-91546726.html
;Base Aislante Para Suelo Vinilico Axton Silence 1 5mm 10 2m2;82620024;Axton;2m2;Suelos;30.51;EUR;extension-list;06.09.2026, 14:32:11;https://www.leroymerlin.es/productos/base-aislante-para-suelo-vinilico-axton-silence-1-5mm-10-2m2-82620024.html
;Pack Puerta De Interior Abatible Ciega Maciza Melamina Line Plus Chicago Roble Apertura Izquierda Cerco De 7x3 Anchura 72 5cm Kit De Tapetas;92383789;;;Suelos;281.62;EUR;extension-list;06.09.2026, 14:32:11;https://www.leroymerlin.es/productos/pack-puerta-de-interior-abatible-ciega-maciza-melamina-line-plus-chicago-roble-apertura-izquierda-cerco-de-7x3-anchura-72-5cm-kit-de-tapetas-92383789.html
;Rodapie De Mdf De 240x7 8cm Marron Bg235 Artens;88567631;Rodapie;;Suelos;9.99;EUR;extension-list;06.09.2026, 14:32:11;https://www.leroymerlin.es/productos/rodapie-de-mdf-de-240x7-8cm-marron-bg235-artens-88567631.html
;Suelo Vinilico Spc En Clic Forte Seren Grey 4mm Espesor Artens Cer515;84509608;Gre;;Suelos;36.78;EUR;extension-list;06.09.2026, 14:32:11;https://www.leroymerlin.es/productos/suelo-vinilico-spc-en-clic-forte-seren-grey-4mm-espesor-artens-cer515-84509608.html
;Azulejo Ceramico Metro Efecto Rojo Brillante 10x20 Cm Artens;84306149;Azulejo;;Suelos;16.79;EUR;extension-list;06.09.2026, 14:32:11;https://www.leroymerlin.es/productos/azulejo-ceramico-metro-efecto-rojo-brillante-10x20-cm-artens-84306149.html
;Pack De 4 Rodapies Ceramico Cemento 45x8 Cm Cemento Silver Artens;85827087;Artens;;Suelos;7.96;EUR;extension-list;06.09.2026, 14:32:11;https://www.leroymerlin.es/productos/pack-de-4-rodapies-ceramico-cemento-45x8-cm-cemento-silver-artens-85827087.html
;Rodapie De Poliestireno Artens H2o Color Marron Nat348 De 80x15x2400mm;91052759;Artens;Artens H2o;Suelos;9.79;EUR;extension-list;06.09.2026, 14:32:11;https://www.leroymerlin.es/productos/rodapie-de-poliestireno-artens-h2o-color-marron-nat348-de-80x15x2400mm-91052759.html
;Puerta De Interior Abatible Ciega Maciza Melamina Line Plus Oslo Gold Roble Apertura Derecha Cerco De 9x3 Anchura 72 5cm;82996405;;;Suelos;;;;06.09.2026, 14:32:11;https://www.leroymerlin.es/productos/puerta-de-interior-abatible-ciega-maciza-melamina-line-plus-oslo-gold-roble-apertura-derecha-cerco-de-9x3-anchura-72-5cm-82996405.html
;Suelo Vinilico Spc En Clic Extrem Granada 5 5mm Espesor Base Integrada Artens Gr130;89973257;;;Suelos;35.4;EUR;extension-list;06.09.2026, 14:32:11;https://www.leroymerlin.es/productos/suelo-vinilico-spc-en-clic-extrem-granada-5-5mm-espesor-base-integrada-artens-gr130-89973257.html
;Kit De 5 Tapetas Extensible En L Mdf Roble Para Puerta Gold De 80x12 10x2200mm;82980088;;;Suelos;56.24;EUR;extension-list;06.09.2026, 14:32:11;https://www.leroymerlin.es/productos/kit-de-5-tapetas-extensible-en-l-mdf-roble-para-puerta-gold-de-80x12-10x2200mm-82980088.html
;Pack Puerta De Interior Abatible Ciega Maciza Lacada Line Lucerna Blanco Apertura Izquierda Cerco De 7x3 Anchura 62 5cm Kit De Tapetas;83826654;;;Suelos;;;;06.09.2026, 14:32:11;https://www.leroymerlin.es/productos/pack-puerta-de-interior-abatible-ciega-maciza-lacada-line-lucerna-blanco-apertura-izquierda-cerco-de-7x3-anchura-62-5cm-kit-de-tapetas-83826654.html
;Rodapie De Poliestireno De 220x8cm Blanco Stiq Xl 810 White Artens;89305784;Rodapie;;Suelos;6.99;EUR;extension-list;06.09.2026, 14:32:11;https://www.leroymerlin.es/productos/rodapie-de-poliestireno-de-220x8cm-blanco-stiq-xl-810-white-artens-89305784.html
;Rodapie De Mdf Lacado De 225x12cm Blanco;82057050;Rodapie;De 225x12cm;Suelos;15.79;EUR;extension-list;06.09.2026, 14:32:11;https://www.leroymerlin.es/productos/rodapie-de-mdf-lacado-de-225x12cm-blanco-82057050.html
;Base Aislante Antihumedad Suelo Laminado Silence 11 8x8 5m 3mm Espesor Axton;82282778;;;Suelos;31.9;EUR;extension-list;06.09.2026, 14:32:11;https://www.leroymerlin.es/productos/base-aislante-antihumedad-suelo-laminado-silence-11-8x8-5m-3mm-espesor-axton-82282778.html
;Juego De Manilla Con Roseta Serie Lucerna Plus En Acero Inoxidable Niquelado;86492165;;;Suelos;24.49;EUR;extension-list;06.09.2026, 14:32:11;https://www.leroymerlin.es/productos/juego-de-manilla-con-roseta-serie-lucerna-plus-en-acero-inoxidable-niquelado-86492165.html
;Suelo Vinilico Spc En Clic Extrem Merida 5 5mm Espesor Base Integrada Artens Bg235;89973273;Suelo;;Suelos;29.24;EUR;extension-list;06.09.2026, 14:32:11;https://www.leroymerlin.es/productos/suelo-vinilico-spc-en-clic-extrem-merida-5-5mm-espesor-base-integrada-artens-bg235-89973273.html
;Ventana Pvc 120x135cm Oscilobatiente Blanca Doble Acristalamiento Transparente 4 16 4 Bajo Emisivo Con Persiana;82709312;;;Puertas ventanas y escaleras;;;;06.09.2026, 14:31:01;https://www.leroymerlin.es/productos/ventana-pvc-120x135cm-oscilobatiente-blanca-doble-acristalamiento-transparente-4-16-4-bajo-emisivo-con-persiana-82709312.html
;Garras De Fijacion Para Ventana De Pvc De 72mm;83005004;Garras;;Puertas ventanas y escaleras;7.49;EUR;extension-list;06.09.2026, 14:31:01;https://www.leroymerlin.es/productos/garras-de-fijacion-para-ventana-de-pvc-de-72mm-83005004.html
;Tapajuntas De Pvc Blanco De 50 Mm Plano;83745037;Tapajuntas;De 50;Puertas ventanas y escaleras;8.29;EUR;extension-list;06.09.2026, 14:31:01;https://www.leroymerlin.es/productos/tapajuntas-de-pvc-blanco-de-50-mm-plano-83745037.html
;Toldo Brazo Extensible 3x2 5 M Para Terraza Ares Cofre Blanco Motorizado Con Mando Tela Acrilica Beige;82536954;Toldo;;Puertas ventanas y escaleras;;;;06.09.2026, 14:31:01;https://www.leroymerlin.es/productos/toldo-brazo-extensible-3x2-5-m-para-terraza-ares-cofre-blanco-motorizado-con-mando-tela-acrilica-beige-82536954.html
;Puerta De Entrada Acorazada Serie V Fresada Blanco Interior Liso Blanco Apertura Derecha 206x89cm;19567835;Puerta;;Puertas ventanas y escaleras;;;;06.09.2026, 14:31:01;https://www.leroymerlin.es/productos/puerta-de-entrada-acorazada-serie-v-fresada-blanco-interior-liso-blanco-apertura-derecha-206x89cm-19567835.html
;Puerta De Garaje Seccional Motorizada Primo Color Exterior Blanco 250x212 5 Cm;82184055;Puerta;;Puertas ventanas y escaleras;;;;06.09.2026, 14:31:01;https://www.leroymerlin.es/productos/puerta-de-garaje-seccional-motorizada-primo-color-exterior-blanco-250x212-5-cm-82184055.html
;Ventana Aluminio 100x115cm Corredera Blanca Doble Acristalamiento Transparente 4 8 4 Con Persiana;87225329;Ventana;Aluminio 100x115cm;Puertas ventanas y escaleras;;;;06.09.2026, 14:31:01;https://www.leroymerlin.es/productos/ventana-aluminio-100x115cm-corredera-blanca-doble-acristalamiento-transparente-4-8-4-con-persiana-87225329.html
;Separador De Ambiente Recortable Madera De Pino Lamas Giratorias Medida 50x254cm;89298873;Separador;;Puertas ventanas y escaleras;108.9;EUR;extension-list;06.09.2026, 14:31:01;https://www.leroymerlin.es/productos/separador-de-ambiente-recortable-madera-de-pino-lamas-giratorias-medida-50x254cm-89298873.html
;Separador De Ambiente Recortable De Madera Fijo Con Medida 100x254cm;89298874;Separador;;Puertas ventanas y escaleras;137.7;EUR;extension-list;06.09.2026, 14:31:01;https://www.leroymerlin.es/productos/separador-de-ambiente-recortable-de-madera-fijo-con-medida-100x254cm-89298874.html
;Tapajuntas De Pvc Blanco De 70 Mm Con Camara;83745036;Tapajuntas;De 70;Puertas ventanas y escaleras;12.29;EUR;extension-list;06.09.2026, 14:31:01;https://www.leroymerlin.es/productos/tapajuntas-de-pvc-blanco-de-70-mm-con-camara-83745036.html
;Puerta De Entrada Acorazada Serie V Rustico Nogal Interior Liso Nogal Apertura Derecha 206x89cm;19567856;Puerta;;Puertas ventanas y escaleras;;;;06.09.2026, 14:31:01;https://www.leroymerlin.es/productos/puerta-de-entrada-acorazada-serie-v-rustico-nogal-interior-liso-nogal-apertura-derecha-206x89cm-19567856.html
;Kit De 5 Tapetas Lisas Mdf Melamina Roble Gold Berna Oslo 80x12 10x2200mm;82980086;;;Puertas ventanas y escaleras;51.37;EUR;extension-list;06.09.2026, 14:31:01;https://www.leroymerlin.es/productos/kit-de-5-tapetas-lisas-mdf-melamina-roble-gold-berna-oslo-80x12-10x2200mm-82980086.html
;Pintura De Interior Salones Y Habitaciones Luxens Color Cool 2 Mate 4l Para Paredes Y Techos;82401765;;;Pintura y drogueria;27.99;EUR;extension-list;06.09.2026, 14:30:15;https://www.leroymerlin.es/productos/pintura-de-interior-salones-y-habitaciones-luxens-color-cool-2-mate-4l-para-paredes-y-techos-82401765.html
;Pintura De Interior Basic Luxens Color Granit 5 Mate 4l Para Paredes Y Techos;82401677;Basic;Granit 5;Pintura y drogueria;4.75;EUR;extension-list;06.09.2026, 14:30:15;https://www.leroymerlin.es/productos/pintura-de-interior-basic-luxens-color-granit-5-mate-4l-para-paredes-y-techos-82401677.html
;Pintura De Interior Ultralavable Luxens Color Terra 6 Satinado 4l Para Paredes Y Techos;85063571;Pintura;;Pintura y drogueria;7.5;EUR;extension-list;06.09.2026, 14:30:15;https://www.leroymerlin.es/productos/pintura-de-interior-ultralavable-luxens-color-terra-6-satinado-4l-para-paredes-y-techos-85063571.html
;Pintura De Interior Ambiance Ceramic Bruguer Color Blanco Roto Mate Profundo 8l Para Paredes Y Techos;94085263;Bruguer;;Pintura y drogueria;8.12;EUR;extension-list;06.09.2026, 14:30:15;https://www.leroymerlin.es/productos/pintura-de-interior-ambiance-ceramic-bruguer-color-blanco-roto-mate-profundo-8l-para-paredes-y-techos-94085263.html
;Papel Pintado Vinilo Aplicacion Cola En Pared Text 709810 Azul Rasch 53cmx10 05m Lavable;79840814;Tado;;Pintura y drogueria;3.77;EUR;extension-list;06.09.2026, 14:30:15;https://www.leroymerlin.es/productos/papel-pintado-vinilo-aplicacion-cola-en-pared-text-709810-azul-rasch-53cmx10-05m-lavable-79840814.html
;Pintura De Interior Ambiance Ceramic Bruguer Color Blanco Mate Profundo 4l Para Paredes Y Techos;94085244;Bruguer;;Pintura y drogueria;9.25;EUR;extension-list;06.09.2026, 14:30:15;https://www.leroymerlin.es/productos/pintura-de-interior-ambiance-ceramic-bruguer-color-blanco-mate-profundo-4l-para-paredes-y-techos-94085244.html
;Papel Pintado Vinilo Aplicacion Cola En Pared Espigas Armonia 2 Naranja Saint Honore 53cmx10 05m Lavable;97868893;Tado;;Pintura y drogueria;5.66;EUR;extension-list;06.09.2026, 14:30:15;https://www.leroymerlin.es/productos/papel-pintado-vinilo-aplicacion-cola-en-pared-espigas-armonia-2-naranja-saint-honore-53cmx10-05m-lavable-97868893.html
;Papel Pintado Vinilo Aplicacion Cola En Pared Liso Bruma 1 Blanco Grandecolife 53cmx10m Superlavable;91290168;Tado;;Pintura y drogueria;2.45;EUR;extension-list;06.09.2026, 14:30:15;https://www.leroymerlin.es/productos/papel-pintado-vinilo-aplicacion-cola-en-pared-liso-bruma-1-blanco-grandecolife-53cmx10m-superlavable-91290168.html
;Pintura De Interior Ambiance Ceramic Bruguer Color Beige Playa Mate Profundo 4l Para Paredes Y Techos;94085255;Bruguer;;Pintura y drogueria;9.25;EUR;extension-list;06.09.2026, 14:30:15;https://www.leroymerlin.es/productos/pintura-de-interior-ambiance-ceramic-bruguer-color-beige-playa-mate-profundo-4l-para-paredes-y-techos-94085255.html
;Pintura De Interior Salones Y Habitaciones Luxens Color Moon 4 Mate 4l Para Paredes Y Techos;82401690;Pintura;;Pintura y drogueria;27.99;EUR;extension-list;06.09.2026, 14:30:15;https://www.leroymerlin.es/productos/pintura-de-interior-salones-y-habitaciones-luxens-color-moon-4-mate-4l-para-paredes-y-techos-82401690.html
;Pintura De Interior Ambiance Ceramic Bruguer Color Marron Cafe Mate Profundo 4l Para Paredes Y Techos;94085238;Bruguer;;Pintura y drogueria;9.25;EUR;extension-list;06.09.2026, 14:30:15;https://www.leroymerlin.es/productos/pintura-de-interior-ambiance-ceramic-bruguer-color-marron-cafe-mate-profundo-4l-para-paredes-y-techos-94085238.html
;Pintura De Interior Ambiance Ceramic Bruguer Color Blanco Mate Profundo 8l Para Paredes Y Techos;94085240;Bruguer;;Pintura y drogueria;8.12;EUR;extension-list;06.09.2026, 14:30:15;https://www.leroymerlin.es/productos/pintura-de-interior-ambiance-ceramic-bruguer-color-blanco-mate-profundo-8l-para-paredes-y-techos-94085240.html
;Pintura De Interior Ambiance Ceramic Bruguer Color Marron Arena Mate Profundo 4l Para Paredes Y Techos;94085243;Bruguer;;Pintura y drogueria;9.25;EUR;extension-list;06.09.2026, 14:30:15;https://www.leroymerlin.es/productos/pintura-de-interior-ambiance-ceramic-bruguer-color-marron-arena-mate-profundo-4l-para-paredes-y-techos-94085243.html
;Papel Pintado Vinilo Aplicacion Cola En Pared Botanico Canopy 790394 Verde 53cmx10 05m Lavable Apto Para Cocinas Banos;76350784;Tado;;Pintura y drogueria;5.66;EUR;extension-list;06.09.2026, 14:30:15;https://www.leroymerlin.es/productos/papel-pintado-vinilo-aplicacion-cola-en-pared-botanico-canopy-790394-verde-53cmx10-05m-lavable-apto-para-cocinas-banos-76350784.html
;Papel Pintado Vinilo Aplicacion Cola En Pared Aura Multicolor Marburg 53cmx10m Superlavable;79834649;Tado;;Pintura y drogueria;39.99;EUR;extension-list;06.09.2026, 14:30:15;https://www.leroymerlin.es/productos/papel-pintado-vinilo-aplicacion-cola-en-pared-aura-multicolor-marburg-53cmx10m-superlavable-79834649.html
;Pintura De Interior Ultralavable Luxens Color Moka 2 Mate 2 5l Para Paredes Y Techos;85063611;Pintura;;Pintura y drogueria;7.48;EUR;extension-list;06.09.2026, 14:30:15;https://www.leroymerlin.es/productos/pintura-de-interior-ultralavable-luxens-color-moka-2-mate-2-5l-para-paredes-y-techos-85063611.html
;Tester De Pintura Ambiance Ceramic Bruguer Color Gris Grafito Mate Profundo 30ml Para Paredes Y Techos;94085277;Bruguer;;Pintura y drogueria;2.49;EUR;extension-list;06.09.2026, 14:30:15;https://www.leroymerlin.es/productos/tester-de-pintura-ambiance-ceramic-bruguer-color-gris-grafito-mate-profundo-30ml-para-paredes-y-techos-94085277.html
;Pintura De Interior Ambiance Ceramic Bruguer Color Blanco Brisa Mate Profundo 4l Para Paredes Y Techos;94085247;Bruguer;;Pintura y drogueria;9.25;EUR;extension-list;06.09.2026, 14:30:15;https://www.leroymerlin.es/productos/pintura-de-interior-ambiance-ceramic-bruguer-color-blanco-brisa-mate-profundo-4l-para-paredes-y-techos-94085247.html
;Pintura De Interior Salones Y Habitaciones Luxens Color Pecan 4 Mate 4l Para Paredes Y Techos;82401756;Pintura;;Pintura y drogueria;27.99;EUR;extension-list;06.09.2026, 14:30:15;https://www.leroymerlin.es/productos/pintura-de-interior-salones-y-habitaciones-luxens-color-pecan-4-mate-4l-para-paredes-y-techos-82401756.html
;Pintura De Interior Ambiance Ceramic Bruguer Color Gris Artico Mate Profundo 4l Para Paredes Y Techos;94085252;Bruguer;;Pintura y drogueria;9.25;EUR;extension-list;06.09.2026, 14:30:15;https://www.leroymerlin.es/productos/pintura-de-interior-ambiance-ceramic-bruguer-color-gris-artico-mate-profundo-4l-para-paredes-y-techos-94085252.html
;Pintura De Interior Salones Y Habitaciones Luxens Color Bali 2 Mate 4l Para Paredes Y Techos;85063500;Pintura;;Pintura y drogueria;27.99;EUR;extension-list;06.09.2026, 14:30:15;https://www.leroymerlin.es/productos/pintura-de-interior-salones-y-habitaciones-luxens-color-bali-2-mate-4l-para-paredes-y-techos-85063500.html
;Pintura De Interior Ultraresist Bruguer Color Blanco Mate 4l Para Paredes Y Techos;19534921;Bruguer;;Pintura y drogueria;7.75;EUR;extension-list;06.09.2026, 14:30:15;https://www.leroymerlin.es/productos/pintura-de-interior-ultraresist-bruguer-color-blanco-mate-4l-para-paredes-y-techos-19534921.html
;Pintura De Interior Ambiance Ceramic Bruguer Color Beige Macadamia Mate Profundo 4l Para Paredes Y Techos;94085281;Bruguer;;Pintura y drogueria;9.25;EUR;extension-list;06.09.2026, 14:30:15;https://www.leroymerlin.es/productos/pintura-de-interior-ambiance-ceramic-bruguer-color-beige-macadamia-mate-profundo-4l-para-paredes-y-techos-94085281.html
;Pintura De Interior Ultralavable Luxens Color Sierra 2 Mate 2 5l Para Paredes Y Techos;85063605;;;Pintura y drogueria;7.48;EUR;extension-list;06.09.2026, 14:30:15;https://www.leroymerlin.es/productos/pintura-de-interior-ultralavable-luxens-color-sierra-2-mate-2-5l-para-paredes-y-techos-85063605.html
;Pintura De Interior Ultralavable Luxens Color Granit 1 Mate 2 5l Para Paredes Y Techos;85063535;Pintura;;Pintura y drogueria;7.48;EUR;extension-list;06.09.2026, 14:30:15;https://www.leroymerlin.es/productos/pintura-de-interior-ultralavable-luxens-color-granit-1-mate-2-5l-para-paredes-y-techos-85063535.html
https://media.adeo.com/media/4843549/media.png?width=300;Frente para cajón de mueble de cocina Delinia iD Chester lino mate Alt 12.8 x An 90 cm;96186807;Delinia;An 90;Novedades;20.99;EUR;extension-list;06.09.2026, 14:29:29;https://www.leroymerlin.es/productos/frente-para-cajon-de-mueble-de-cocina-delinia-id-chester-lino-mate-alt-12-8-x-an-90-cm-96186807.html
https://www.leroymerlin.es/cdp-site/6.66.0/static/images/common/loader-v2.svg;INSPIRE;96674071;Inspire;;Novedades;11.18;EUR;extension-list;06.09.2026, 14:29:29;https://www.leroymerlin.es/productos/roseta-de-puerta-interior-con-bocallave-margaud-en-niquel-satinado-96674071.html
https://www.leroymerlin.es/cdp-site/6.66.0/static/images/common/loader-v2.svg;CASTALLA;73070273;Castalla;;Novedades;;;;06.09.2026, 14:29:29;https://www.leroymerlin.es/productos/puerta-de-interior-corredera-ciega-maciza-lacada-smart-multicapa-lucerna-blanco-anchura-62-5cm-73070273.html
https://media.adeo.com/media/5703036/media.png?width=300;Set ambientador hogar Mikado 100ml + Spray 500ml + Vela 200g Fragancia Dark Amber AMBIENTAIR;72536595;Tado;;Novedades;13.33;EUR;extension-list;06.09.2026, 14:29:29;https://www.leroymerlin.es/productos/set-ambientador-hogar-mikado-100ml-spray-500ml-vela-200g-fragancia-dark-amber-ambientair-72536595.html
https://media.adeo.com/media/5740765/media.png?width=300;Mueble de baño con lavabo Remix2 Roble gris 100x45 cm con 3 cajones;77044346;Mueble;lavabo Remix2;Novedades;409.59;EUR;extension-list;06.09.2026, 14:29:29;https://www.leroymerlin.es/productos/mueble-de-bano-con-lavabo-remix2-roble-gris-100x45-cm-con-3-cajones-77044346.html
https://www.leroymerlin.es/cdp-site/6.66.0/static/images/common/loader-v2.svg;ROCA TILES;70843713;Roca tiles;;Novedades;47.51;EUR;extension-list;06.09.2026, 14:29:29;https://www.leroymerlin.es/productos/suelo-azulejo-porcelanico-marmore-parana-efecto-marmol-blanco-120x60-cm-c1-roca-tiles-70843713.html
https://www.leroymerlin.es/cdp-site/6.66.0/static/images/common/loader-v2.svg;BALAY;78451663;Balay;;Novedades;;;;06.09.2026, 14:29:29;https://www.leroymerlin.es/productos/campana-decorativa-balay-3bc865mm-con-3-velocidades-60-cm-594-m-h-negro-clase-b-78451663.html
https://www.leroymerlin.es/cdp-site/6.66.0/static/images/common/loader-v2.svg;DELINIA ID;82120759;Delinia Id;;Novedades;;;;06.09.2026, 14:29:29;https://www.leroymerlin.es/productos/costado-para-mueble-de-cocina-toscane-blanco-mate-h-236-4-x-l-60-cm-82120759.html
https://www.leroymerlin.es/cdp-site/6.66.0/static/images/common/loader-v2.svg;DELINIA ID;98352741;Delinia Id;;Novedades;91.16;EUR;extension-list;06.09.2026, 14:29:29;https://www.leroymerlin.es/productos/mueble-alto-delinia-id-chester-madera-38-4x60-cm-1pta-abatible-amortiguado-98352741.html
https://media.adeo.com/media/5645605/media.jpg?width=300;Bomba trasvase liquidos manguito 1300l/h;72280921;Bomba;manguito 1300l/h;Novedades;19.99;EUR;extension-list;06.09.2026, 14:29:29;https://www.leroymerlin.es/productos/bomba-trasvase-liquidos-manguito-1300l-h-72280921.html
;Malla Antihierba Xamanek 2x100 M Negro;77410476;Malla;;Novedades;;;;06.09.2026, 14:29:29;https://www.leroymerlin.es/productos/malla-antihierba-xamanek-2x100-m-negro-77410476.html
https://www.leroymerlin.es/cdp-site/6.66.0/static/images/common/loader-v2.svg;SEICO;76974451;SEICO;;Novedades;59.95;EUR;extension-list;06.09.2026, 14:29:29;https://www.leroymerlin.es/productos/bomba-de-condensados-seico-slim-horizon-76974451.html
https://media.adeo.com/media/5580377/media.png?width=300;Frigorífico combi FAGOR 3FFK-5527 No Frost 180cm 253L blanco clase E;79215092;Fagor;3FFK-5527;Novedades;;;;06.09.2026, 14:29:29;https://www.leroymerlin.es/productos/frigorifico-combi-fagor-3ffk-5527-no-frost-180cm-253l-blanco-clase-e-79215092.html
https://www.leroymerlin.es/cdp-site/6.66.0/static/images/common/loader-v2.svg;ARTENS;71269216;Artens;;Novedades;2.45;EUR;extension-list;06.09.2026, 14:29:29;https://www.leroymerlin.es/productos/set-de-2-remates-para-rodapie-de-poliestireno-color-beige-ho2-artens-bg235-71269216.html
https://www.leroymerlin.es/cdp-site/6.66.0/static/images/common/loader-v2.svg;DELINIA ID;98334184;Delinia Id;;Novedades;150.97;EUR;extension-list;06.09.2026, 14:29:29;https://www.leroymerlin.es/productos/mueble-bajo-de-cocina-delinia-id-chester-lino-76-8x30-cm-botellero-especiero-extraible-98334184.html
https://www.leroymerlin.es/cdp-site/6.66.0/static/images/common/loader-v2.svg;INSPIRE;79651365;Inspire;;Novedades;69.98;EUR;extension-list;06.09.2026, 14:29:29;https://www.leroymerlin.es/productos/pack-2-apliques-solar-exterior-luz-led-blanco-neutro-inspire-roxbury-negro-con-sensor-crepuscular-ip54-79651365.html
https://www.leroymerlin.es/cdp-site/6.66.0/static/images/common/loader-v2.svg;VITO;90108136;Vito;;Novedades;;;;06.09.2026, 14:29:29;https://www.leroymerlin.es/productos/cortacesped-electrico-vito-vimr1800-1800w-42-cm-ancho-de-corte-90108136.html
https://media.adeo.com/media/5260761/media.png?width=300;Semicolumna de cocina Delinia ID Chester lino multiuso 137,6x60 cm 1 PTA;98334229;Delinia Id;;Novedades;213.56;EUR;extension-list;06.09.2026, 14:29:29;https://www.leroymerlin.es/productos/semicolumna-de-cocina-delinia-id-chester-lino-multiuso-137-6x60-cm-1-pta-98334229.html
https://media.adeo.com/media/5308023/media.jpg?width=300;Encimera lavabo Pearl marmoleado beige 61x49x1.2 cm;96199109;Encimera;;Novedades;;;;06.09.2026, 14:28:53;https://www.leroymerlin.es/productos/encimera-lavabo-pearl-marmoleado-beige-61x49x1-2-cm-96199109.html
https://media.adeo.com/media/3390907/media.png?width=300;Puerta para mueble de cocina Delinia Id Tokyo lino mate Alt 137.6 x An 15 cm;86449995;Delinia Id;;Novedades;46.99;EUR;extension-list;06.09.2026, 14:28:53;https://www.leroymerlin.es/productos/puerta-para-mueble-de-cocina-delinia-id-tokyo-lino-mate-alt-137-6-x-an-15-cm-86449995.html
https://www.leroymerlin.es/cdp-site/6.66.0/static/images/common/loader-v2.svg;BRABANTIA;79318897;Brabantia;;Novedades;5.49;EUR;extension-list;06.09.2026, 14:28:53;https://www.leroymerlin.es/productos/esponja-microfibra-lavable-brabantia-79318897.html
https://media.adeo.com/media/4856643/media.png?width=300;Mueble bajo de cocina Delinia ID Hudson madera 76,8X90 cm 1 CAJ 2CAC;95869161;Delinia Id;;Novedades;382.93;EUR;extension-list;06.09.2026, 14:28:53;https://www.leroymerlin.es/productos/mueble-bajo-de-cocina-delinia-id-hudson-madera-76-8x90-cm-1-caj-2cac-95869161.html
https://media.adeo.com/media/5412736/media.jpg?width=300;Aspirador vertical a batería KARCHER VCS 3 NANO iluminación LED;98314078;Karcher;;Novedades;;;;06.09.2026, 14:28:53;https://www.leroymerlin.es/productos/aspirador-vertical-a-bateria-karcher-vcs-3-nano-iluminacion-led-98314078.html
https://media.adeo.com/media/5663774/media.png?width=100&format=jpg&quality=60;ver variante Altura (en m) 1;86145566;;;Novedades;;;;06.09.2026, 14:28:53;https://www.leroymerlin.es/productos/cercado-natural-faura-1x5-m-marron-86145566.html
;Revestimiento De Pared Decorativo Efecto Cemento Vinilico Spc Core Gris De 120x60cm;98886104;Revestimiento;;Novedades;69.09;EUR;extension-list;06.09.2026, 14:28:53;https://www.leroymerlin.es/productos/revestimiento-de-pared-decorativo-efecto-cemento-vinilico-spc-core-gris-de-120x60cm-98886104.html
https://media.adeo.com/media/5571117/media.jpg?width=300;Puerta de interior abatible ciega hueca impresa Basic Lanzarote haya apertura derecha cerco 7x3 anchura 82.5cm;70379303;Puerta;;Novedades;;;;06.09.2026, 14:28:53;https://www.leroymerlin.es/productos/puerta-de-interior-abatible-ciega-hueca-impresa-basic-lanzarote-haya-apertura-derecha-cerco-7x3-anchura-82-5cm-70379303.html
https://www.leroymerlin.es/cdp-site/6.66.0/static/images/common/loader-v2.svg;DELINIA ID;98352716;Delinia Id;;Novedades;349.93;EUR;extension-list;06.09.2026, 14:28:53;https://www.leroymerlin.es/productos/mueble-bajo-de-cocina-delinia-id-chester-madera-76-8x90-cm-1-caj-2cac-98352716.html
https://www.leroymerlin.es/cdp-site/6.66.0/static/images/common/loader-v2.svg;ARTENS;70332757;Artens;;Novedades;24.29;EUR;extension-list;06.09.2026, 14:28:53;https://www.leroymerlin.es/productos/azulejo-ceramico-marmi-relieve-efecto-marmol-brillante-beige-relieve-30x90-cm-artens-70332757.html
https://www.leroymerlin.es/cdp-site/6.66.0/static/images/common/loader-v2.svg;INSPIRE;81929074;Inspire;;Novedades;16.99;EUR;extension-list;06.09.2026, 14:28:53;https://www.leroymerlin.es/productos/manilla-de-placa-para-puerta-algaba-de-hierro-negro-81929074.html
https://www.leroymerlin.es/cdp-site/6.66.0/static/images/common/loader-v2.svg;DELINIA ID;96187526;Delinia Id;;Novedades;21.79;EUR;extension-list;06.09.2026, 14:28:53;https://www.leroymerlin.es/productos/frente-para-cajon-de-mueble-de-cocina-delinia-id-chester-madera-mate-alt-25-6-x-an-60-cm-96187526.html
https://www.leroymerlin.es/cdp-site/6.66.0/static/images/common/loader-v2.svg;ROCA;75966265;Roca;;Novedades;;;;06.09.2026, 14:28:53;https://www.leroymerlin.es/productos/bastidor-roca-active-one-para-anclaje-wc-suspendido-inteligente-inwash-alpine-roca-75966265.html
https://www.leroymerlin.es/cdp-site/6.66.0/static/images/common/loader-v2.svg;DELINIA ID;95869140;Delinia Id;;Novedades;131.55;EUR;extension-list;06.09.2026, 14:28:53;https://www.leroymerlin.es/productos/mueble-alto-de-cocina-delinia-id-hudson-madera-76-8x60-cm-2pta-95869140.html
;Marco Portafotos Clay Madera 30 X 30 Cm;99444606;Arco;;Novedades;19.99;EUR;extension-list;06.09.2026, 14:28:53;https://www.leroymerlin.es/productos/marco-portafotos-clay-madera-30-x-30-cm-99444606.html
https://www.leroymerlin.es/cdp-site/6.66.0/static/images/common/loader-v2.svg;DEXTER;96601847;Dexter;;Novedades;28.49;EUR;extension-list;06.09.2026, 14:28:53;https://www.leroymerlin.es/productos/botas-de-seguiridad-dexter-gris-l1-t45-96601847.html
https://www.leroymerlin.es/cdp-site/6.66.0/static/images/common/loader-v2.svg;DEXTER;96531854;Dexter;;Novedades;39.99;EUR;extension-list;06.09.2026, 14:28:53;https://www.leroymerlin.es/productos/zapatos-de-seguridad-dexter-s1ps-azul-blanco-gris-t46-96531854.html
https://media.adeo.com/media/4220081/media.jpg?width=300;Tabla de cortar reversible Delinia bambú;91477513;Delinia;;Novedades;9.99;EUR;extension-list;06.09.2026, 14:28:53;https://www.leroymerlin.es/productos/tabla-de-cortar-reversible-delinia-bambu-91477513.html
https://www.leroymerlin.es/cdp-site/6.66.0/static/images/common/loader-v2.svg;PURLINE;70776347;Purline;;Novedades;85.99;EUR;extension-list;06.09.2026, 14:28:22;https://www.leroymerlin.es/productos/ventilador-de-techo-con-luz-silencioso-dc-33w-con-mando-107-cm-ceily-brise-purline-blanco-luz-neutra-4-aspas-retractiles-tipo-lampara-6-velocidades-modo-verano-invierno-recomendado-para-13m2-70776347.html
;Mesa Auxiliar Calypso 60x48 Cm H 42 Cm;95506583;;;Novedades;41.39;EUR;extension-list;06.09.2026, 14:28:22;https://www.leroymerlin.es/productos/mesa-auxiliar-calypso-60x48-cm-h-42-cm-95506583.html
https://www.leroymerlin.es/cdp-site/6.66.0/static/images/common/loader-v2.svg;FAGOR;79215236;Fagor;;Novedades;602.9;EUR;extension-list;06.09.2026, 14:28:22;https://www.leroymerlin.es/productos/frigorifico-combi-fagor-3ffk-6677x-no-frost-186cm-337l-inox-clase-c-79215236.html
;Base De 3 Tomas Usb A C Byimtek Flexipower 36w 1 4m Blanco;98420546;Flex;;Novedades;26.99;EUR;extension-list;06.09.2026, 14:28:22;https://www.leroymerlin.es/productos/base-de-3-tomas-usb-a-c-byimtek-flexipower-36w-1-4m-blanco-98420546.html
https://media.adeo.com/media/5716755/media.jpg?width=300;Escuadra para balda de hierro color blanco 19,5cm de altura;76665605;Escuadra;;Novedades;10.79;EUR;extension-list;06.09.2026, 14:28:22;https://www.leroymerlin.es/productos/escuadra-para-balda-de-hierro-color-blanco-19-5cm-de-altura-76665605.html
https://media.adeo.com/media/5670868/media.jpg?width=300;Placa de Yeso FK 2600X1200X13 260 x 120 cm x 12.5 mm;99435411;Placa;2600X1200X13;Novedades;8.7;EUR;extension-list;06.09.2026, 14:28:22;https://www.leroymerlin.es/productos/placa-de-yeso-fk-2600x1200x13-260-x-120-cm-x-12-5-mm-99435411.html
https://media.adeo.com/media/5410115/media.png?width=300;Cámara de videovigilancia ENERGEEKS Defender Duo exterior rotativa Wi-Fi doble lente 4MP 360º;99432964;Energeeks;;Novedades;64.99;EUR;extension-list;06.09.2026, 14:28:22;https://www.leroymerlin.es/productos/camara-de-videovigilancia-energeeks-defender-duo-exterior-rotativa-wi-fi-doble-lente-4mp-360-99432964.html
https://www.leroymerlin.es/cdp-site/6.66.0/static/images/common/loader-v2.svg;NETATMO;76220384;Netatmo;;Novedades;139.99;EUR;extension-list;06.09.2026, 14:28:22;https://www.leroymerlin.es/productos/termostato-inteligente-netatmo-por-cable-76220384.html
https://www.leroymerlin.es/cdp-site/6.66.0/static/images/common/loader-v2.svg;CASTALLA;73070414;Castalla;;Novedades;;;;06.09.2026, 14:28:22;https://www.leroymerlin.es/productos/puerta-de-interior-abatible-con-cristal-maciza-lacada-smart-multicapa-lucerna-blanco-apertura-derecha-cerco-9x3-anchura-82-5cm-73070414.html
;Lampara De Techo Colgante De Vidrio Blanca 30 Cm Marcy Lamkur 1 Luz E27;87896517;LG;;Novedades;47.2;EUR;extension-list;06.09.2026, 14:28:22;https://www.leroymerlin.es/productos/lampara-de-techo-colgante-de-vidrio-blanca-30-cm-marcy-lamkur-1-luz-e27-87896517.html
https://www.leroymerlin.es/cdp-site/6.66.0/static/images/common/loader-v2.svg;DEXTER;84710373;Dexter;;Novedades;2.49;EUR;extension-list;06.09.2026, 14:28:22;https://www.leroymerlin.es/productos/broca-para-madera-3-puntas-10-x-l-100-dexter-84710373.html
https://www.leroymerlin.es/cdp-site/6.66.0/static/images/common/loader-v2.svg;HUSQVARNA;82875018;Husqvarna;;Novedades;23.29;EUR;extension-list;06.09.2026, 14:28:22;https://www.leroymerlin.es/productos/cadena-de-motosierra-husqvarna-de-52-eslabones-82875018.html
https://www.leroymerlin.es/cdp-site/6.66.0/static/images/common/loader-v2.svg;SENSEA;70539851;Sensea;;Novedades;;;;06.09.2026, 14:28:22;https://www.leroymerlin.es/productos/mampara-de-ducha-frontal-con-panel-fijo-lateral-corredero-essential-perfil-cromo-117-120-79-x185-cm-70539851.html
https://media.adeo.com/media/5434159/media.png?width=300;Armario rincón SPACEO Evo'M Vienne lino 140 x 230.4 x 54 cm (AnchoxAltoxFondo);71750608;Spaceo;lino 140;Novedades;717.84;EUR;extension-list;06.09.2026, 14:28:22;https://www.leroymerlin.es/productos/armario-rincon-spaceo-evo-m-vienne-lino-140-x-230-4-x-54-cm-anchoxaltoxfondo-71750608.html
;Antimosquitos Electrico Jata Mt10 Exterior 1000 M2;83728348;Antimosquitos;Jata Mt10;Novedades;89.99;EUR;extension-list;06.09.2026, 14:28:22;https://www.leroymerlin.es/productos/antimosquitos-electrico-jata-mt10-exterior-1000-m2-83728348.html
https://media.adeo.com/media/3132925/media.png?width=300;Costado para mueble de cocina Delinia Id Tokyo lino mate Alt 76.5 x An 37 cm x Esp 1.9 cm;86450413;Delinia Id;;Novedades;45.99;EUR;extension-list;06.09.2026, 14:28:22;https://www.leroymerlin.es/productos/costado-para-mueble-de-cocina-delinia-id-tokyo-lino-mate-alt-76-5-x-an-37-cm-x-esp-1-9-cm-86450413.html
https://media.adeo.com/media/5569045/media.jpg?width=300;Campana telescópica MEPAMSA SLIMLINE con 3 velocidades 60 cm 410 m/h negro clase C;82334065;Mepamsa;con 3;Novedades;90.95;EUR;extension-list;06.09.2026, 14:28:22;https://www.leroymerlin.es/productos/campana-telescopica-mepamsa-slimline-con-3-velocidades-60-cm-410-m-h-negro-clase-c-82334065.html
https://www.leroymerlin.es/cdp-site/6.66.0/static/images/common/loader-v2.svg;SPACEO;99080972;Spaceo;;Novedades;181.95;EUR;extension-list;06.09.2026, 14:28:22;https://www.leroymerlin.es/productos/aparador-spaceo-kub-roble-con-cajones-y-puertas-139-3-x-70-5-x-31-7-cm-ancho-x-alto-x-fondo-99080972.html
https://www.leroymerlin.es/cdp-site/6.66.0/static/images/common/loader-v2.svg;ROIG CERÁMICA;72391304;ROIG;;Novedades;41.98;EUR;extension-list;06.09.2026, 14:27:57;https://www.leroymerlin.es/productos/suelo-porcelanico-tanzania-efecto-madera-natural-20x120-cm-c1-roig-ceramica-72391304.html
https://media.adeo.com/media/5260734/media.png?width=300;Mueble columna de cocina Delinia ID Chester lino 214,4X15 cm botellero especiero extraible;98334209;Delinia Id;;Novedades;351.98;EUR;extension-list;06.09.2026, 14:27:57;https://www.leroymerlin.es/productos/mueble-columna-de-cocina-delinia-id-chester-lino-214-4x15-cm-botellero-especiero-extraible-98334209.html
;Pack De 2 Lamparas De Mesa Solares Sin Cables Negras De Exterior Con Sensor Crepuscular Outfit Ip44 Y 8hrs Autonomia;71763826;;;Novedades;29.99;EUR;extension-list;06.09.2026, 14:27:57;https://www.leroymerlin.es/productos/pack-de-2-lamparas-de-mesa-solares-sin-cables-negras-de-exterior-con-sensor-crepuscular-outfit-ip44-y-8hrs-autonomia-71763826.html
;Funda De Cojin Cuadrada Jeanne Lino Poliester Flor Caqui Con Cremallera 45x45cm;97598923;Funda;;Novedades;12.99;EUR;extension-list;06.09.2026, 14:27:57;https://www.leroymerlin.es/productos/funda-de-cojin-cuadrada-jeanne-lino-poliester-flor-caqui-con-cremallera-45x45cm-97598923.html
https://www.leroymerlin.es/cdp-site/6.66.0/static/images/common/loader-v2.svg;INSPIRE;79651212;Inspire;;Novedades;49.98;EUR;extension-list;06.09.2026, 14:27:57;https://www.leroymerlin.es/productos/pack-2-apliques-exterior-led-inspire-telin-antracita-2110lm-blanco-neutro-ip54-79651212.html
https://www.leroymerlin.es/cdp-site/6.66.0/static/images/common/loader-v2.svg;CRISTALINAS;86666798;CRISTALINAS;;Novedades;21.8;EUR;extension-list;06.09.2026, 14:27:57;https://www.leroymerlin.es/productos/ambientador-hogar-frutos-del-bosque-cristalinas-200-ml-86666798.html
https://www.leroymerlin.es/cdp-site/6.66.0/static/images/common/loader-v2.svg;INSPIRE;79651002;Inspire;;Novedades;139.96;EUR;extension-list;06.09.2026, 14:27:57;https://www.leroymerlin.es/productos/pack-4-apliques-exterior-led-baiona-inspire-negro-1400lm-blanco-neutro-ip65-79651002.html
;Alfombra Exterior Interior Pvc Sisaltouch 120x180cm Tejido Plano Cintacor Base Antideslizante Liso Beige;70530469;Alfombra;120x180cm;Novedades;;;;06.09.2026, 14:27:57;https://www.leroymerlin.es/productos/alfombra-exterior-interior-pvc-sisaltouch-120x180cm-tejido-plano-cintacor-base-antideslizante-liso-beige-70530469.html
https://www.leroymerlin.es/cdp-site/6.66.0/static/images/common/loader-v2.svg;DELINIA ID;97025990;Delinia Id;;Novedades;259.37;EUR;extension-list;06.09.2026, 14:27:57;https://www.leroymerlin.es/productos/mueble-columna-de-cocina-delinia-id-sevilla-blanco-brillo-multiuso-214-4x60-cm-1-puerta-97025990.html
https://www.leroymerlin.es/cdp-site/6.66.0/static/images/common/loader-v2.svg;DELINIA ID;97028584;Delinia Id;;Novedades;432.96;EUR;extension-list;06.09.2026, 14:27:57;https://www.leroymerlin.es/productos/mueble-bajo-de-cocina-delinia-id-tokyo-blanco-mate-76-8x80-cm-2cac-bajo-fregadero-cubo-interior-97028584.html
https://media.adeo.com/media/5510675/media.jpg?width=100;Filtro de cartucho para bomba de piscina INTEX para piscinas de 9.463 m³/h;94161354;Filtro;;Novedades;138.89;EUR;extension-list;06.09.2026, 14:27:57;https://www.leroymerlin.es/productos/filtro-de-cartucho-para-bomba-de-piscina-intex-para-piscinas-de-9-463-m3-h-94161354.html
https://www.leroymerlin.es/cdp-site/6.66.0/static/images/common/loader-v2.svg;EQUATION;96899578;Equation;;Novedades;;;;06.09.2026, 14:27:57;https://www.leroymerlin.es/productos/deshumidificador-de-aire-equation-para-una-superficie-de-40-m2-96899578.html
https://www.leroymerlin.es/cdp-site/6.66.0/static/images/common/loader-v2.svg;BOSCH;78452328;Bosch;;Novedades;718.99;EUR;extension-list;06.09.2026, 14:27:57;https://www.leroymerlin.es/productos/campana-decorativa-bosch-dwb97dn60-con-3-velocidades-89-8-cm-699-m-h-negro-clase-a-78452328.html
https://media.adeo.com/media/4655171/media.jpg?width=300;Jabonera Ylenia rosa mate;95043027;Jabonera;;Novedades;7.99;EUR;extension-list;06.09.2026, 14:27:57;https://www.leroymerlin.es/productos/jabonera-ylenia-rosa-mate-95043027.html
https://media.adeo.com/media/4843595/media.png?width=300;Puerta para mueble de cocina Delinia iD Chester lino mate Alt 214.4 x An 15 cm;96186806;Delinia Id;;Novedades;64.99;EUR;extension-list;06.09.2026, 14:27:57;https://www.leroymerlin.es/productos/puerta-para-mueble-de-cocina-delinia-id-chester-lino-mate-alt-214-4-x-an-15-cm-96186806.html
https://media.adeo.com/media/3023036/media.jpg?width=300;Grifo de ducha termostático ESSEBAGNO Envol dorado satinado Antical Latón;99519492;Essebagno;;Novedades;;;;06.09.2026, 14:27:57;https://www.leroymerlin.es/productos/grifo-de-ducha-termostatico-essebagno-envol-dorado-satinado-antical-laton-99519492.html
https://media.adeo.com/media/5653473/media.jpg?width=300;Campana de pared CATA 90 THALASSA 900G con 4 velocidades 90 cm 811 m/h negro clase A;70298716;Cata;;Novedades;344.89;EUR;extension-list;06.09.2026, 14:27:57;https://www.leroymerlin.es/productos/campana-de-pared-cata-90-thalassa-900g-con-4-velocidades-90-cm-811-m-h-negro-clase-a-70298716.html
https://media.adeo.com/media/5571102/media.jpg?width=300;Puerta de interior corredera ciega hueca impresa Basic Lobos roble anchura 82.5cm;70379710;Puerta;;Novedades;69.99;EUR;extension-list;06.09.2026, 14:27:57;https://www.leroymerlin.es/productos/puerta-de-interior-corredera-ciega-hueca-impresa-basic-lobos-roble-anchura-82-5cm-70379710.html
https://media.adeo.com/media/5528133/media.png?width=300;Capa de fondo impermeabilizante Knauf Látex azul 5 Kg;70873589;Capa;;Novedades;6.8;EUR;extension-list;06.09.2026, 14:27:32;https://www.leroymerlin.es/productos/capa-de-fondo-impermeabilizante-knauf-latex-azul-5-kg-70873589.html
https://www.leroymerlin.es/cdp-site/6.66.0/static/images/common/loader-v2.svg;DINAK;77097195;DINAK;;Novedades;14.78;EUR;extension-list;06.09.2026, 14:27:32;https://www.leroymerlin.es/productos/conexion-horizontal-vmc-de-2-salidas-75-a-125-mm-77097195.html
https://www.leroymerlin.es/cdp-site/6.66.0/static/images/common/loader-v2.svg;HAIER;97267322;Haier;;Novedades;543.95;EUR;extension-list;06.09.2026, 14:27:32;https://www.leroymerlin.es/productos/lavadora-haier-bha6s69m6db9j-s-carga-frontal-9-kg-1600-rpm-16-programas-clase-a-blanco-97267322.html
https://media.adeo.com/media/3297344/media.jpg?width=300;Encimera lavabo Texture blanco 60x46x10 cm;83457802;Encimera;;Novedades;;;;06.09.2026, 14:27:32;https://www.leroymerlin.es/productos/encimera-lavabo-texture-blanco-60x46x10-cm-83457802.html
https://media.adeo.com/media/5441466/media.png?width=300;Boca de extracción ventilación VMC Borea Ø 125 mm;77096954;Boca;;Novedades;12.56;EUR;extension-list;06.09.2026, 14:27:32;https://www.leroymerlin.es/productos/boca-de-extraccion-ventilacion-vmc-borea-125-mm-77096954.html
https://www.leroymerlin.es/cdp-site/6.66.0/static/images/common/loader-v2.svg;TEKA;74226232;Teka;;Novedades;138.95;EUR;extension-list;06.09.2026, 14:27:32;https://www.leroymerlin.es/productos/campana-decorativa-teka-dbb-94140-inox-con-3-velocidades-98-cm-410-m-h-inox-clase-b-74226232.html
https://www.leroymerlin.es/cdp-site/6.66.0/static/images/common/loader-v2.svg;TAURUS;96443043;Taurus;;Novedades;52.1;EUR;extension-list;06.09.2026, 14:27:32;https://www.leroymerlin.es/productos/ventilador-de-pared-taurus-greco-16-wall-45w-blanco-96443043.html
;Alfombra Pie De Cama Poliester Santillana 60x120cm Pelo Mediano Ma Salgueiro Base Antideslizante Liso Blanco Lavable En Lavadora;79471620;Alfombra;;Novedades;19.99;EUR;extension-list;06.09.2026, 14:27:32;https://www.leroymerlin.es/productos/alfombra-pie-de-cama-poliester-santillana-60x120cm-pelo-mediano-ma-salgueiro-base-antideslizante-liso-blanco-lavable-en-lavadora-79471620.html
https://www.leroymerlin.es/cdp-site/6.66.0/static/images/common/loader-v2.svg;DELINIA ID;86450027;Delinia Id;;Novedades;59.99;EUR;extension-list;06.09.2026, 14:27:32;https://www.leroymerlin.es/productos/puerta-para-mueble-de-cocina-delinia-id-tokyo-verde-mate-alt-76-8-x-an-45-cm-86450027.html
https://www.leroymerlin.es/cdp-site/6.66.0/static/images/common/loader-v2.svg;ISOVER;89752191;Isover;;Novedades;89.02;EUR;extension-list;06.09.2026, 14:27:32;https://www.leroymerlin.es/productos/15-uds-de-aislamiento-de-lana-de-roca-geowall-isover-1-35x0-4m-espesor-60mm-r-1-75-89752191.html
https://www.leroymerlin.es/cdp-site/6.66.0/static/images/common/loader-v2.svg;ROIG CERÁMICA;76813847;ROIG;;Novedades;34.55;EUR;extension-list;06.09.2026, 14:27:32;https://www.leroymerlin.es/productos/suelo-azulejo-porcelanico-raffaello-efecto-marmol-blanco-60-0x120-0-cm-c1-roig-ceramica-76813847.html
https://www.leroymerlin.es/cdp-site/6.66.0/static/images/common/loader-v2.svg;ROCA;74030815;Roca;;Novedades;81.99;EUR;extension-list;06.09.2026, 14:27:32;https://www.leroymerlin.es/productos/pack-wc-suspendido-inwash-alpine-roca-con-bastidor-active-one-y-pulsador-one-ac2-negro-74030815.html
https://www.leroymerlin.es/cdp-site/6.66.0/static/images/common/loader-v2.svg;DELINIA ID;97028646;Delinia Id;;Novedades;173.97;EUR;extension-list;06.09.2026, 14:27:32;https://www.leroymerlin.es/productos/mueble-bajo-de-cocina-delinia-id-tokyo-blanco-mate-76-8x30-cm-botellero-especiero-extraible-97028646.html
https://www.leroymerlin.es/cdp-site/6.66.0/static/images/common/loader-v2.svg;DELINIA ID;98352743;Delinia Id;;Novedades;423.01;EUR;extension-list;06.09.2026, 14:27:32;https://www.leroymerlin.es/productos/mueble-columna-horno-de-cocina-delinia-id-chester-madera-214-4x60-1pta-2-cac-1-caj-98352743.html
https://media.adeo.com/media/5587117/media.jpg?width=300;Aire acondicionado por conductos Mitsubishi Heavy Industries 1X1 FDUM100VHNA-W TACTIL R32 A++/A+ 8600 fg/9632K;76981065;Aire;FDUM100VHNA-W;Novedades;;;;06.09.2026, 14:27:32;https://www.leroymerlin.es/productos/aire-acondicionado-por-conductos-mitsubishi-heavy-industries-1x1-fdum100vhna-w-tactil-r32-a-a-8600-fg-9632k-76981065.html
https://media.adeo.com/media/3582198/media.jpg?width=300;Cubo de basura EMUCA 13L;82915083;Emuca;;Novedades;25.49;EUR;extension-list;06.09.2026, 14:27:32;https://www.leroymerlin.es/productos/cubo-de-basura-emuca-13l-82915083.html
https://media.adeo.com/media/5656402/media.jpg?width=300;Estante para el baño de acero negro Cromia 41x28x70cm;79462512;Estante;;Novedades;25.49;EUR;extension-list;06.09.2026, 14:27:32;https://www.leroymerlin.es/productos/estante-para-el-bano-de-acero-negro-cromia-41x28x70cm-79462512.html
https://www.leroymerlin.es/cdp-site/6.66.0/static/images/common/loader-v2.svg;DINAK;77097305;DINAK;;Novedades;5.82;EUR;extension-list;06.09.2026, 14:27:32;https://www.leroymerlin.es/productos/manguito-de-conexion-vmc-hembra-hembra-150-mm-77097305.html
https://media.adeo.com/media/3523791/media.png?width=300;Esmalte de interior multisuperficies LUXENS color banana 1 brillante 750ml para ventanas;85063242;Esmalte;;Novedades;17.99;EUR;extension-list;06.09.2026, 14:27:07;https://www.leroymerlin.es/productos/esmalte-de-interior-multisuperficies-luxens-color-banana-1-brillante-750ml-para-ventanas-85063242.html
;Suelo Vinilico Rollo Forte Texline Nature Leone Greystone Efecto Cemento De 4m;74581336;Suelo;;Novedades;17.99;EUR;extension-list;06.09.2026, 14:27:07;https://www.leroymerlin.es/productos/suelo-vinilico-rollo-forte-texline-nature-leone-greystone-efecto-cemento-de-4m-74581336.html
https://www.leroymerlin.es/cdp-site/6.66.0/static/images/common/loader-v2.svg;STANLEY FATMAX;76681980;STanley;;Novedades;;;;06.09.2026, 14:27:07;https://www.leroymerlin.es/productos/atornillador-de-impacto-a-bateria-stanley-fatmax-18v-brushless-1-bateria-1-bateria-li-ion-2ah-cargador-1-25a-y-bolsa-de-transporte-sfmcf600d1s-qw-76681980.html
https://media.adeo.com/media/5440109/media.jpg?width=300;Reloj de pared redondo negro de 30 cm de diámetro;99444631;Reloj;de 30;Novedades;13.99;EUR;extension-list;06.09.2026, 14:27:07;https://www.leroymerlin.es/productos/reloj-de-pared-redondo-negro-de-30-cm-de-diametro-99444631.html
https://www.leroymerlin.es/cdp-site/6.66.0/static/images/common/loader-v2.svg;DELINIA;95573761;Delinia;;Novedades;91.99;EUR;extension-list;06.09.2026, 14:27:07;https://www.leroymerlin.es/productos/grifo-de-cocina-monomando-osmosis-delinia-filtrao-2-funciones-cromo-brillo-95573761.html
https://www.leroymerlin.es/cdp-site/6.66.0/static/images/common/loader-v2.svg;BOSCH;70899881;Bosch;;Novedades;;;;06.09.2026, 14:27:07;https://www.leroymerlin.es/productos/grupo-filtrante-bosch-dhl555bm-con-2-velocidades-53-cm-604-m-h-inox-clase-d-70899881.html
https://www.leroymerlin.es/cdp-site/6.66.0/static/images/common/loader-v2.svg;EMUCA;96216736;Emuca;;Novedades;24.74;EUR;extension-list;06.09.2026, 14:27:07;https://www.leroymerlin.es/productos/cubos-de-basura-para-reciclaje-emuca-gris-antracita-2x15l-96216736.html
https://media.adeo.com/media/5734525/media.png?width=300;2 Láminas Comida y bebida rectangular de 30 x 40 cm. Papel Entre Mandarinas y Caquis naranja, terracota, azul y blanco;70637731;;;Novedades;9.99;EUR;extension-list;06.09.2026, 14:27:07;https://www.leroymerlin.es/productos/2-laminas-comida-y-bebida-rectangular-de-30-x-40-cm-papel-entre-mandarinas-y-caquis-naranja-terracota-azul-y-blanco-70637731.html
https://www.leroymerlin.es/cdp-site/6.66.0/static/images/common/loader-v2.svg;ROCA;87274340;Roca;;Novedades;;;;06.09.2026, 14:27:07;https://www.leroymerlin.es/productos/mampara-de-ducha-frontal-1-fijo-1-puerta-corredera-transparente-apolo-perfil-aluminio-negro-152-1-162-x200-cm-cristal-6mm-cierre-magnetico-sin-guia-inferior-roca-87274340.html
https://www.leroymerlin.es/cdp-site/6.66.0/static/images/common/loader-v2.svg;DELINIA ID;98423119;Delinia Id;;Novedades;384.93;EUR;extension-list;06.09.2026, 14:27:07;https://www.leroymerlin.es/productos/mueble-bajo-de-cocina-delinia-id-montreal-gris-76-8x80-cm-1-caj-2cac-98423119.html
https://www.leroymerlin.es/cdp-site/6.66.0/static/images/common/loader-v2.svg;FAGOR;79215307;Fagor;;Novedades;;;;06.09.2026, 14:27:07;https://www.leroymerlin.es/productos/lavavajillas-fagor-4lvf-636adx-14-cubiertos-10-programas-con-inicio-diferido-inox-60cm-clase-b-79215307.html
https://www.leroymerlin.es/cdp-site/6.66.0/static/images/common/loader-v2.svg;PHILIPS;94499465;Philips;;Novedades;8.99;EUR;extension-list;06.09.2026, 14:27:07;https://www.leroymerlin.es/productos/bombilla-led-g24d3-1100-lumenes-9w-color-de-luz-blanco-neutro-4000k-cri-80-89-luz-natural-y-fiel-94499465.html
;Maceta Cuadrada De Polipropileno Deroma Cubo Millennium 39 X 39 X 39 Cm Blanco;73431708;Maceta;;Novedades;59.99;EUR;extension-list;06.09.2026, 14:27:07;https://www.leroymerlin.es/productos/maceta-cuadrada-de-polipropileno-deroma-cubo-millennium-39-x-39-x-39-cm-blanco-73431708.html
https://media.adeo.com/media/5468976/media.jpg?width=300;Suelo vinílico rollo Intenso Patina Cream HQR Nature efecto piedra de 30m;76688155;Suelo;;Novedades;79.4;EUR;extension-list;06.09.2026, 14:27:07;https://www.leroymerlin.es/productos/suelo-vinilico-rollo-intenso-patina-cream-hqr-nature-efecto-piedra-de-30m-76688155.html
https://media.adeo.com/media/5336625/media.png?width=300;Juego de manilla con roseta en zamak color negro;99025176;;;Novedades;38.99;EUR;extension-list;06.09.2026, 14:27:07;https://www.leroymerlin.es/productos/juego-de-manilla-con-roseta-en-zamak-color-negro-99025176.html
https://www.leroymerlin.es/cdp-site/6.66.0/static/images/common/loader-v2.svg;SENSEA;95643311;Sensea;;Novedades;;;;06.09.2026, 14:27:07;https://www.leroymerlin.es/productos/mueble-de-bano-pearl-verde-mate-90x47-8-cm-lavabo-no-incluido-95643311.html
https://www.leroymerlin.es/cdp-site/6.66.0/static/images/common/loader-v2.svg;INSPIRE;79650479;Inspire;;Novedades;26.38;EUR;extension-list;06.09.2026, 14:27:07;https://www.leroymerlin.es/productos/pack-2-focos-proyector-de-exterior-compatible-con-casquillo-gu10-inspire-ada-redondo-de-aluminio-negro-ip65-resistente-a-lluvia-y-al-polvo-79650479.html
https://media.adeo.com/media/5445521/media.png?width=300;Estación energía GENERGY GZE1515C - Con salida de 1500W (Pico 3600W) - Batería de 1488 Wh - Carga ultrarrápida - 4000 ciclos de vida útil;70529741;Genergy;GZE1515C;Novedades;;;;06.09.2026, 14:27:07;https://www.leroymerlin.es/productos/estacion-energia-genergy-gze1515c-con-salida-de-1500w-pico-3600w-bateria-de-1488-wh-carga-ultrarrapida-4000-ciclos-de-vida-util-70529741.html
https://media.adeo.com/media/5443272/media.png?width=300;Ducha inodoro EDOUARD ROUSSEAU Con. Ducheta Portarrollos cromo;78805075;Edouard Rousseau;;Novedades;39.99;EUR;extension-list;06.09.2026, 14:26:42;https://www.leroymerlin.es/productos/ducha-inodoro-edouard-rousseau-con-ducheta-portarrollos-cromo-78805075.html
https://media.adeo.com/media/5786741/media.jpg?width=300;Puerta de interior abatible ciega hueca impresa Basic Palma haya apertura derecha cerco 7x3 anchura 72.5cm;70378559;Puerta;;Novedades;;;;06.09.2026, 14:26:42;https://www.leroymerlin.es/productos/puerta-de-interior-abatible-ciega-hueca-impresa-basic-palma-haya-apertura-derecha-cerco-7x3-anchura-72-5cm-70378559.html
https://www.leroymerlin.es/cdp-site/6.66.0/static/images/common/loader-v2.svg;DELINIA ID;98423111;Delinia Id;;Novedades;184.55;EUR;extension-list;06.09.2026, 14:26:42;https://www.leroymerlin.es/productos/mueble-alto-de-cocina-delinia-id-montreal-gris-76-8x80-cm-2pta-98423111.html
https://www.leroymerlin.es/cdp-site/6.66.0/static/images/common/loader-v2.svg;INSPIRE;79650437;Inspire;;Novedades;14.37;EUR;extension-list;06.09.2026, 14:26:42;https://www.leroymerlin.es/productos/pack-3-balizas-jardin-solar-exterior-led-negro-inspire-coma-ip44-sensor-crepuscular-79650437.html
;Cojin De Suelo Exterior Interior Redondo Water Repellent Desenfundable Algodon Poliester Beige 50x50x20cm;94936722;Cojin;;Novedades;34.99;EUR;extension-list;06.09.2026, 14:26:42;https://www.leroymerlin.es/productos/cojin-de-suelo-exterior-interior-redondo-water-repellent-desenfundable-algodon-poliester-beige-50x50x20cm-94936722.html
https://www.leroymerlin.es/cdp-site/6.66.0/static/images/common/loader-v2.svg;DELINIA ID;86449983;Delinia Id;;Novedades;46.99;EUR;extension-list;06.09.2026, 14:26:42;https://www.leroymerlin.es/productos/puerta-para-mueble-de-cocina-delinia-id-tokyo-lino-mate-alt-50-9-x-an-60-cm-86449983.html
https://www.leroymerlin.es/cdp-site/6.66.0/static/images/common/loader-v2.svg;DELINIA ID;97028603;Delinia Id;;Novedades;182.77;EUR;extension-list;06.09.2026, 14:26:42;https://www.leroymerlin.es/productos/mueble-alto-de-cocina-delinia-id-viena-verde-mate-102-4x60-cm-1pta-97028603.html
https://www.leroymerlin.es/cdp-site/6.66.0/static/images/common/loader-v2.svg;DOORSELF;81865393;DOORSELF;;Novedades;25.79;EUR;extension-list;06.09.2026, 14:26:42;https://www.leroymerlin.es/productos/accesorio-de-corte-para-continuacion-de-valla-de-94cm-gris-forja-81865393.html
https://media.adeo.com/media/5517238/media.jpg?width=300;Relé interruptor inteligente para persianas enrollables Wi-fi Matter SONOFF 1A blanco;78927793;Relé;;Novedades;13.99;EUR;extension-list;06.09.2026, 14:26:42;https://www.leroymerlin.es/productos/rele-interruptor-inteligente-para-persianas-enrollables-wi-fi-matter-sonoff-1a-blanco-78927793.html
https://media.adeo.com/media/5434427/media.png?width=300;Estribo de construcción 6mm 10x0.1m;73554897;Estribo;10x0.1m;Novedades;0.31;EUR;extension-list;06.09.2026, 14:26:42;https://www.leroymerlin.es/productos/estribo-de-construccion-6mm-10x0-1m-73554897.html
https://media.adeo.com/media/5463097/media.jpg?width=300;Armario de baño QS312 blanco 50x70x20 cm;74564463;;QS312;Novedades;;;;06.09.2026, 14:26:42;https://www.leroymerlin.es/productos/armario-de-bano-qs312-blanco-50x70x20-cm-74564463.html
https://www.leroymerlin.es/cdp-site/6.66.0/static/images/common/loader-v2.svg;GIERRE;72427657;Gierre;;Novedades;54.99;EUR;extension-list;06.09.2026, 14:26:42;https://www.leroymerlin.es/productos/taburete-escalera-de-aluminio-para-150-kg-de-carga-y-108-cm-de-alto-72427657.html
;Armario Basic Multiusos 1 Puerta 40x180x35cm Con 1 Puerta Color Blanco;73363721;Basic;;Novedades;82.99;EUR;extension-list;06.09.2026, 14:26:42;https://www.leroymerlin.es/productos/armario-basic-multiusos-1-puerta-40x180x35cm-con-1-puerta-color-blanco-73363721.html
https://www.leroymerlin.es/cdp-site/6.66.0/static/images/common/loader-v2.svg;WHIRLPOOL;78174668;Whirlpool;;Novedades;;;;06.09.2026, 14:26:42;https://www.leroymerlin.es/productos/grupo-filtrante-whirlpool-wcth-63f-leb-x-con-4-velocidades-51-4-cm-710-m-h-inox-clase-b-78174668.html
https://www.leroymerlin.es/cdp-site/6.66.0/static/images/common/loader-v2.svg;GAYA FORES;73057506;GAYA;;Novedades;38.87;EUR;extension-list;06.09.2026, 14:26:42;https://www.leroymerlin.es/productos/suelo-azulejo-porcelanico-montblack-efecto-marmol-negro-intenso-antracita-y-veta-blanca-60x120-cm-c1-73057506.html
https://www.leroymerlin.es/cdp-site/6.66.0/static/images/common/loader-v2.svg;NATERIAL;94341137;Naterial;;Novedades;;;;06.09.2026, 14:26:42;https://www.leroymerlin.es/productos/mesa-extensible-de-aluminio-naterial-odyssea-blanca-187-244x100-cm-94341137.html
https://media.adeo.com/media/5705335/media.jpg?width=300;Pack 2 Apliques de exterior Bergen INSPIRE E27 grises 7.6 cm IP44;79651190;Inspire;;Novedades;17.98;EUR;extension-list;06.09.2026, 14:26:42;https://www.leroymerlin.es/productos/pack-2-apliques-de-exterior-bergen-inspire-e27-grises-7-6-cm-ip44-79651190.html
https://www.leroymerlin.es/cdp-site/6.66.0/static/images/common/loader-v2.svg;DELINIA ID;98352749;Delinia Id;;Novedades;101.16;EUR;extension-list;06.09.2026, 14:26:42;https://www.leroymerlin.es/productos/mueble-alto-camapana-delinia-id-chester-madera-48x60-cm-1pta-abat-amortiguado-98352749.html
;Base De 8 Tomas Con Protecciones 30 000a Usb A C Byimtek Flexiprotect 17w 1 9m Negro;98420553;Base;;Novedades;34.99;EUR;extension-list;06.09.2026, 14:26:16;https://www.leroymerlin.es/productos/base-de-8-tomas-con-protecciones-30-000a-usb-a-c-byimtek-flexiprotect-17w-1-9m-negro-98420553.html
https://media.adeo.com/media/5267912/media.png?width=300;Mueble bajo de cocina Delinia ID Montreal gris 76,8X60 cm 1 CAJ 2CAC;98423147;Delinia Id;;Novedades;392.93;EUR;extension-list;06.09.2026, 14:26:16;https://www.leroymerlin.es/productos/mueble-bajo-de-cocina-delinia-id-montreal-gris-76-8x60-cm-1-caj-2cac-98423147.html
https://www.leroymerlin.es/cdp-site/6.66.0/static/images/common/loader-v2.svg;TP-LINK;91149582;;;Novedades;53.13;EUR;extension-list;06.09.2026, 14:26:16;https://www.leroymerlin.es/productos/camara-de-videovigilancia-tapo-tc41-exterior-rotativa-por-cable-2k-3mp-360-91149582.html
https://www.leroymerlin.es/cdp-site/6.66.0/static/images/common/loader-v2.svg;NESPOLI;75746184;NESPOLI;;Novedades;11.99;EUR;extension-list;06.09.2026, 14:26:16;https://www.leroymerlin.es/productos/cubeta-de-pintura-nespoli-25-litros-negro-con-escurridor-75746184.html
https://media.adeo.com/media/5573747/media.png?width=300;Juego de manillas con roseta cuadra niquel mate de zamak;99025310;;;Novedades;36.99;EUR;extension-list;06.09.2026, 14:26:16;https://www.leroymerlin.es/productos/juego-de-manillas-con-roseta-cuadra-niquel-mate-de-zamak-99025310.html
https://media.adeo.com/media/4908484/media.png?width=300;10 Escuadras de ensamblaje para muebles de acero cincado 60x60x60 mm, para uso exterior;94885790;;;Novedades;16.99;EUR;extension-list;06.09.2026, 14:26:16;https://www.leroymerlin.es/productos/10-escuadras-perforadas-ancha-de-acero-cincado-60-x-60-x-60-mm-94885790.html
;Maceta Cuadrada De Polipropileno Deroma Cubo Millennium 25 X 25 X 25 Cm Marron;73428612;Maceta;;Novedades;32.99;EUR;extension-list;06.09.2026, 14:26:16;https://www.leroymerlin.es/productos/maceta-cuadrada-de-polipropileno-deroma-cubo-millennium-25-x-25-x-25-cm-marron-73428612.html
https://www.leroymerlin.es/cdp-site/6.66.0/static/images/common/loader-v2.svg;SENSEA;96199114;Sensea;;Novedades;;;;06.09.2026, 14:26:16;https://www.leroymerlin.es/productos/encimera-lavabo-pearl-nogal-61x49x1-2-cm-96199114.html
https://media.adeo.com/media/5211410/media.jpg?width=300;Mueble de baño Pearl terracota 60x47.8 cm (lavabo no incluido);95643302;Mueble;;Novedades;;;;06.09.2026, 14:26:16;https://www.leroymerlin.es/productos/mueble-de-bano-pearl-terracota-60x47-8-cm-lavabo-no-incluido-95643302.html
https://media.adeo.com/media/5395262/media.png?width=300;Maletín Herramientas DEXTER - 94 Piezas;95482035;Dexter;;Novedades;50.99;EUR;extension-list;06.09.2026, 14:26:16;https://www.leroymerlin.es/productos/maletin-herramientas-dexter-94-piezas-95482035.html
;Liston De Madera Cepillada De Abeto Natural De 18x27x2400mm;66125430;Liston;;Novedades;6.79;EUR;extension-list;06.09.2026, 14:26:16;https://www.leroymerlin.es/productos/liston-de-madera-cepillada-de-abeto-natural-de-18x27x2400mm-66125430.html
https://www.leroymerlin.es/cdp-site/6.66.0/static/images/common/loader-v2.svg;VITO;82384590;Vito;;Novedades;13.99;EUR;extension-list;06.09.2026, 14:26:16;https://www.leroymerlin.es/productos/pulverizador-con-capacidad-para-5l-vito-82384590.html
https://www.leroymerlin.es/cdp-site/6.66.0/static/images/common/loader-v2.svg;VITO;82386314;Vito;;Novedades;16.99;EUR;extension-list;06.09.2026, 14:26:16;https://www.leroymerlin.es/productos/membrana-para-calderin-50-l-vito-82386314.html
https://www.leroymerlin.es/cdp-site/6.66.0/static/images/common/loader-v2.svg;DELINIA ID;86450399;Delinia Id;;Novedades;81.99;EUR;extension-list;06.09.2026, 14:26:16;https://www.leroymerlin.es/productos/costado-para-mueble-de-cocina-delinia-id-tokyo-lino-mate-alt-102-1-x-an-37-cm-x-esp-1-9-cm-86450399.html
;Aparador Mueble Auxiliar Kamet Con 2 Puertas Roble Gold 120x87x40cm;88255051;Aparador;Con 2;Novedades;;;;06.09.2026, 14:26:16;https://www.leroymerlin.es/productos/aparador-mueble-auxiliar-kamet-con-2-puertas-roble-gold-120x87x40cm-88255051.html
https://www.leroymerlin.es/cdp-site/6.66.0/static/images/common/loader-v2.svg;LUXENS;85063270;LUXENS;;Novedades;17.99;EUR;extension-list;06.09.2026, 14:26:16;https://www.leroymerlin.es/productos/esmalte-de-interior-multisuperficies-luxens-color-elixir-4-brillante-750ml-para-ventanas-85063270.html
https://media.adeo.com/media/5423548/media.png?width=300;Columna de ducha monomando con grifo HANSGROHE Activera cromado;98572448;Columna;;Novedades;273.17;EUR;extension-list;06.09.2026, 14:26:16;https://www.leroymerlin.es/productos/columna-de-ducha-monomando-con-grifo-hansgrohe-activera-cromado-98572448.html
;Descargador Pulsador Interrumpible Huracan;71376503;;;Novedades;7.99;EUR;extension-list;06.09.2026, 14:26:16;https://www.leroymerlin.es/productos/descargador-pulsador-interrumpible-huracan-71376503.html
https://www.leroymerlin.es/cdp-site/6.66.0/static/images/common/loader-v2.svg;LUXENS;82483870;;;Novedades;33.2;EUR;extension-list;06.09.2026, 14:25:49;https://www.leroymerlin.es/productos/tester-de-pintura-salones-y-habitaciones-luxens-color-fjord-3-mate-75ml-para-paredes-y-techos-82483870.html
https://media.adeo.com/media/5705315/media.jpg?width=300;Pack 3 Balizas jardín solar exterior LED gris INSPIRE Lecanto IP44 con sensor crepuscular;79650427;Inspire;;Novedades;5.97;EUR;extension-list;06.09.2026, 14:25:49;https://www.leroymerlin.es/productos/pack-3-balizas-jardin-solar-exterior-led-gris-inspire-lecanto-ip44-con-sensor-crepuscular-79650427.html
;Set Ambientador Hogar Mikado 100ml Spray 500ml Vela 200g Fragancia Sandalwood Ambientair;72536537;Tado;;Novedades;13.33;EUR;extension-list;06.09.2026, 14:25:49;https://www.leroymerlin.es/productos/set-ambientador-hogar-mikado-100ml-spray-500ml-vela-200g-fragancia-sandalwood-ambientair-72536537.html
https://www.leroymerlin.es/cdp-site/6.66.0/static/images/common/loader-v2.svg;DELINIA ID;98423138;Delinia Id;;Novedades;207.75;EUR;extension-list;06.09.2026, 14:25:49;https://www.leroymerlin.es/productos/mueble-bajo-de-cocina-delinia-id-montreal-gris-76-8x60-cm-1pta-1-caj-98423138.html
https://www.leroymerlin.es/cdp-site/6.66.0/static/images/common/loader-v2.svg;DUSCHOLUX;70591631;Duscholux;;Novedades;14.99;EUR;extension-list;06.09.2026, 14:25:49;https://www.leroymerlin.es/productos/limpia-mamparas-duschorestore-eliminador-de-cal-y-suciedad-70591631.html
https://www.leroymerlin.es/cdp-site/6.66.0/static/images/common/loader-v2.svg;DELINIA ID;98334180;Delinia Id;;Novedades;288.33;EUR;extension-list;06.09.2026, 14:25:49;https://www.leroymerlin.es/productos/mueble-bajo-de-cocina-delinia-id-chester-lino-76-8x80-cm-3-caj-98334180.html
https://www.leroymerlin.es/cdp-site/6.66.0/static/images/common/loader-v2.svg;SPACEO;70474287;Spaceo;;Novedades;475.92;EUR;extension-list;06.09.2026, 14:25:49;https://www.leroymerlin.es/productos/armario-2-puertas-abatible-vienne-verde-spaceo-evo-m-blanco-94-96-x-230-4-x-54-cm-anchoxaltoxfondo-70474287.html
https://www.leroymerlin.es/cdp-site/6.66.0/static/images/common/loader-v2.svg;DEWALT;96740957;Dewalt;;Novedades;19.36;EUR;extension-list;06.09.2026, 14:25:49;https://www.leroymerlin.es/productos/juego-de-punta-de-atornillar-32-pzas-dewalt-mclaren-96740957.html
https://www.leroymerlin.es/cdp-site/6.66.0/static/images/common/loader-v2.svg;HUSQVARNA;82623982;Husqvarna;;Novedades;;;;06.09.2026, 14:25:49;https://www.leroymerlin.es/productos/bateria-de-li-ion-husqvarna-bli200-de-5-2-ah-82623982.html
https://media.adeo.com/media/5500882/media.jpg?width=300;Suelo vinílico rollo Forte Leone Cream LoFtex efecto piedra de 30m;76688711;Suelo;;Novedades;779.4;EUR;extension-list;06.09.2026, 14:25:49;https://www.leroymerlin.es/productos/suelo-vinilico-rollo-forte-leone-cream-loftex-efecto-piedra-de-30m-76688711.html
https://media.adeo.com/media/5543650/media.jpg?width=300;Taburete retro con respando y altura regulable;89180561;Espa;;Novedades;;;;06.09.2026, 14:25:49;https://www.leroymerlin.es/productos/taburete-retro-con-respando-y-altura-regulable-89180561.html
https://media.adeo.com/media/5407753/media.png?width=300;Alcachofa de ducha + flexo + soporte HANSGROHE ACTIVERA cromado con 2 funciones;98572710;Flex;;Novedades;48.99;EUR;extension-list;06.09.2026, 14:25:49;https://www.leroymerlin.es/productos/alcachofa-de-ducha-flexo-soporte-hansgrohe-activera-cromado-con-2-funciones-98572710.html
https://media.adeo.com/media/5434559/media.jpg?width=300;Escalera aluminio 5 peldaños FERRAL altura máxima de trabajo 3.1 m;82163329;;;Novedades;79.99;EUR;extension-list;06.09.2026, 14:25:49;https://www.leroymerlin.es/productos/escalera-aluminio-5-peldanos-ferral-altura-maxima-de-trabajo-3-1-m-82163329.html
https://www.leroymerlin.es/cdp-site/6.66.0/static/images/common/loader-v2.svg;CATA;78862986;Cata;;Novedades;;;;06.09.2026, 14:25:49;https://www.leroymerlin.es/productos/microondas-con-grill-integrable-cata-cata-mc-20-dx-ix-20l-700w-inox-78862986.html
https://www.leroymerlin.es/cdp-site/6.66.0/static/images/common/loader-v2.svg;ROIG CERÁMICA;72391443;ROIG;;Novedades;38.87;EUR;extension-list;06.09.2026, 14:25:49;https://www.leroymerlin.es/productos/suelo-porcelanico-rovere-ombre-chevron-efecto-madera-mosaico-maple-60x120-cm-c1-roig-ceramica-72391443.html
https://www.leroymerlin.es/cdp-site/6.66.0/static/images/common/loader-v2.svg;BEKO;99283544;Beko;;Novedades;;;;06.09.2026, 14:25:49;https://www.leroymerlin.es/productos/horno-multifuncion-beko-bcbim17300ksb-72l-hidrolisis-clase-a-black-99283544.html
https://media.adeo.com/media/4994986/media.png?width=300;Foco para mueble LED negro 210 lm color de la luz blanco neutro 4000K INSPIRE Lakao 7 cm de ancho y alimentación USB;95494546;Foco;4000K;Novedades;12.9;EUR;extension-list;06.09.2026, 14:25:49;https://www.leroymerlin.es/productos/foco-para-mueble-led-negro-210-lm-color-de-luz-blanco-neutro-4000k-inspire-lakao-7-cm-de-ancho-y-alimentacion-usb-95494546.html
;Coqueta De Bano Texture Roble 79 5x34 5x46 Cm;93965926;Coqueta;;Novedades;;;;06.09.2026, 14:25:49;https://www.leroymerlin.es/productos/coqueta-de-bano-texture-roble-79-5x34-5x46-cm-93965926.html
https://media.adeo.com/media/5521580/media.png?width=300;Cojín decorativo cuadrado Tundra algodón, lana rojo cotta 2 multicolor INSPIRE 45x45cm;98629592;LG;;Novedades;17.99;EUR;extension-list;06.09.2026, 14:25:25;https://www.leroymerlin.es/productos/cojin-decorativo-cuadrado-tundra-algodon-lana-rojo-cotta-2-multicolor-inspire-45x45cm-98629592.html
https://www.leroymerlin.es/cdp-site/6.66.0/static/images/common/loader-v2.svg;FAGOR;79215401;Fagor;;Novedades;;;;06.09.2026, 14:25:25;https://www.leroymerlin.es/productos/lavavajillas-fagor-4lvf-439adx-10-cubiertos-10-programas-con-inicio-diferido-inox-45cm-clase-a-79215401.html
;Terminal Pvc Presion 50 Mm Con Rosca Macho 2;79806542;Terminal;Presion 50;Novedades;1.99;EUR;extension-list;06.09.2026, 14:25:25;https://www.leroymerlin.es/productos/terminal-pvc-presion-50-mm-con-rosca-macho-2-79806542.html
https://www.leroymerlin.es/cdp-site/6.66.0/static/images/common/loader-v2.svg;WENKO;98630312;Wenko;;Novedades;5.99;EUR;extension-list;06.09.2026, 14:25:25;https://www.leroymerlin.es/productos/vaso-de-bano-martina-beige-98630312.html
https://media.adeo.com/media/5440130/media.jpg?width=300;Reloj de pared redondo blanco de 30 cm de diámetro;99444620;Reloj;de 30;Novedades;13.99;EUR;extension-list;06.09.2026, 14:25:25;https://www.leroymerlin.es/productos/reloj-de-pared-redondo-blanco-de-30-cm-de-diametro-99444620.html
https://www.leroymerlin.es/cdp-site/6.66.0/static/images/common/loader-v2.svg;FAGOR;79214427;Fagor;;Novedades;;;;06.09.2026, 14:25:25;https://www.leroymerlin.es/productos/placa-de-gas-fagor-3cfi-4glspb-4-zonas-de-coccion-gas-butano-gas-natural-cristal-negro-con-encendido-integrado-60cm-79214427.html
https://media.adeo.com/media/5786912/media.jpg?width=300;Revestimiento de pared decorativo efecto motivo PVC Dumapan Sada blanco de 260x37.5cm;78066447;Revestimiento;;Novedades;81.86;EUR;extension-list;06.09.2026, 14:25:25;https://www.leroymerlin.es/productos/revestimiento-de-pared-decorativo-efecto-motivo-pvc-dumapan-sada-blanco-de-260x37-5cm-78066447.html
https://media.adeo.com/media/5267896/media.png?width=300;Mueble bajo de cocina Delinia ID Montreal gris 76,8X60 cm 1PTA;98423135;Delinia Id;;Novedades;141.77;EUR;extension-list;06.09.2026, 14:25:25;https://www.leroymerlin.es/productos/mueble-bajo-de-cocina-delinia-id-montreal-gris-76-8x60-cm-1pta-98423135.html
;Ventilador De Techo Con Luz Silencioso Dc 35w Con Mando 132 Cm Mickey Blanco Luz Cct 3 Aspas 6 Velocidades Modo Verano Invierno Brisa Temporizador Recomendado De 13 A 20m2;97408597;;;Novedades;;;;06.09.2026, 14:25:25;https://www.leroymerlin.es/productos/ventilador-de-techo-con-luz-silencioso-dc-35w-con-mando-132-cm-mickey-blanco-luz-cct-3-aspas-6-velocidades-modo-verano-invierno-brisa-temporizador-recomendado-de-13-a-20m2-97408597.html
https://media.adeo.com/media/5393428/media.jpg?width=300;Encimera lavabo Pearl nogal 121x49x1.2 cm;96199112;Encimera;;Novedades;;;;06.09.2026, 14:25:25;https://www.leroymerlin.es/productos/encimera-lavabo-pearl-nogal-121x49x1-2-cm-96199112.html
https://www.leroymerlin.es/cdp-site/6.66.0/static/images/common/loader-v2.svg;DELINIA ID;98423144;Delinia Id;;Novedades;318.95;EUR;extension-list;06.09.2026, 14:25:25;https://www.leroymerlin.es/productos/mueble-bajo-de-cocina-delinia-id-montreal-gris-76-8x60-cm-2cac-98423144.html
;Varilla De Madera Lisa De Haya De 8x1000mm;70181006;Varilla;;Novedades;1.59;EUR;extension-list;06.09.2026, 14:25:25;https://www.leroymerlin.es/productos/varilla-de-madera-lisa-de-haya-de-8x1000mm-70181006.html
https://www.leroymerlin.es/cdp-site/6.66.0/static/images/common/loader-v2.svg;DELINIA ID;98423158;Delinia Id;;Novedades;171.16;EUR;extension-list;06.09.2026, 14:25:25;https://www.leroymerlin.es/productos/mueble-alto-de-cocina-delinia-id-montreal-gris-38-4x90-cm-1pta-abatible-98423158.html
;Manilla Con Roseta Para Puerta Micel Modelo 1331 De Aluminio Cromado Color Negro;99080852;Manilla;;Novedades;17.99;EUR;extension-list;06.09.2026, 14:25:25;https://www.leroymerlin.es/productos/manilla-con-roseta-para-puerta-micel-modelo-1331-de-aluminio-cromado-color-negro-99080852.html
https://www.leroymerlin.es/cdp-site/6.66.0/static/images/common/loader-v2.svg;DELINIA ID;86450013;Delinia Id;;Novedades;53.99;EUR;extension-list;06.09.2026, 14:25:25;https://www.leroymerlin.es/productos/frente-para-cajon-de-mueble-de-cocina-delinia-id-tokyo-lino-mate-alt-38-1-x-an-40-cm-86450013.html
https://media.adeo.com/media/5664897/media.jpg?width=300;Caseta de acero GAVLE de 261x202x202 cm y 5.27 m2 con 0.25 mm espesor y puerta doble corredera HOGGAR;78714537;Caseta;;Novedades;;;;06.09.2026, 14:25:25;https://www.leroymerlin.es/productos/caseta-de-acero-gavle-de-261x202x202-cm-y-5-27-m2-con-0-25-mm-espesor-y-puerta-doble-corredera-hoggar-78714537.html
https://www.leroymerlin.es/cdp-site/6.66.0/static/images/common/loader-v2.svg;FAGOR;79215238;Fagor;;Novedades;;;;06.09.2026, 14:25:25;https://www.leroymerlin.es/productos/frigorifico-combi-fagor-3ffk-6877-no-frost-200-5cm-366l-blanco-clase-c-79215238.html
https://www.leroymerlin.es/cdp-site/6.66.0/static/images/common/loader-v2.svg;DEXTER;84377030;Dexter;;Novedades;;;;06.09.2026, 14:25:25;https://www.leroymerlin.es/productos/hormigonera-electrica-dexter-de-650-w-y-160-litros-azul-naranja-84377030.html
https://www.leroymerlin.es/cdp-site/6.66.0/static/images/common/loader-v2.svg;DEWALT;86584039;Dewalt;;Novedades;569.82;EUR;extension-list;06.09.2026, 14:24:59;https://www.leroymerlin.es/productos/kit-dewalt-18v-3-herramientas-2-baterias-5ah-maletin-86584039.html
https://www.leroymerlin.es/cdp-site/6.66.0/static/images/common/loader-v2.svg;SENSEA;95014576;Sensea;;Novedades;82.99;EUR;extension-list;06.09.2026, 14:24:59;https://www.leroymerlin.es/productos/grifo-de-ducha-termostatico-sensea-new-studio-26-cromo-95014576.html
https://www.leroymerlin.es/cdp-site/6.66.0/static/images/common/loader-v2.svg;SPACEO;91271683;Spaceo;;Novedades;32.99;EUR;extension-list;06.09.2026, 14:24:59;https://www.leroymerlin.es/productos/estante-de-pared-decorativo-verde-60-x-20-cm-91271683.html
https://www.leroymerlin.es/cdp-site/6.66.0/static/images/common/loader-v2.svg;EDESA;70298715;EDESA;;Novedades;160.58;EUR;extension-list;06.09.2026, 14:24:59;https://www.leroymerlin.es/productos/frigorifico-1-puerta-edesa-efs-0816-bl-estatico-84-5cm-97l-blanco-clase-e-70298715.html
https://www.leroymerlin.es/cdp-site/6.66.0/static/images/common/loader-v2.svg;ARTENS;95929432;Artens;;Novedades;74.86;EUR;extension-list;06.09.2026, 14:24:59;https://www.leroymerlin.es/productos/revestimiento-de-pared-decorativo-efecto-marmol-de-pvc-artens-renowall-xl-mineralia-blanco-260x90cm-95929432.html
;Suelo Porcelanico Loire Efecto Madera Maple 60x120 Cm C1 Ecoceramic;77275049;Suelo;;Novedades;38.87;EUR;extension-list;06.09.2026, 14:24:59;https://www.leroymerlin.es/productos/suelo-porcelanico-loire-efecto-madera-maple-60x120-cm-c1-ecoceramic-77275049.html
https://www.leroymerlin.es/cdp-site/6.66.0/static/images/common/loader-v2.svg;TEKA;74226269;Teka;;Novedades;121.95;EUR;extension-list;06.09.2026, 14:24:59;https://www.leroymerlin.es/productos/campana-decorativa-teka-dbb-74140-inox-con-3-velocidades-78-cm-410-m-h-inox-clase-b-74226269.html
;Zapatero Zeus Con 2 Compartimentos Para 15 Pares En Melamina Color Blanco Y Roble Artisan 60 2x121x36 Cm;79207664;Zapatero;Con 2;Novedades;84.9;EUR;extension-list;06.09.2026, 14:24:59;https://www.leroymerlin.es/productos/zapatero-zeus-con-2-compartimentos-para-15-pares-en-melamina-color-blanco-y-roble-artisan-60-2x121x36-cm-79207664.html
https://www.leroymerlin.es/cdp-site/6.66.0/static/images/common/loader-v2.svg;HAIER;99435445;Haier;;Novedades;;;;06.09.2026, 14:24:59;https://www.leroymerlin.es/productos/aire-acondicionado-2x1-haier-perla-pre-40-wf-a-20-20-99435445.html
https://media.adeo.com/media/5705406/media.jpg?width=300;Pack 4 Balizas jardín solar exterior LED acero gris INSPIRE Ferula IP44 sensor crepuscular;79650414;Inspire;;Novedades;14.36;EUR;extension-list;06.09.2026, 14:24:59;https://www.leroymerlin.es/productos/pack-4-balizas-jardin-solar-exterior-led-acero-gris-inspire-ferula-ip44-sensor-crepuscular-79650414.html
https://media.adeo.com/media/5500238/media.jpg?width=300;Parasol con manivela negro;96944655;Parasol;;Novedades;59.99;EUR;extension-list;06.09.2026, 14:24:59;https://www.leroymerlin.es/productos/parasol-con-manivela-negro-96944655.html
https://www.leroymerlin.es/cdp-site/6.66.0/static/images/common/loader-v2.svg;BEKO;78711204;Beko;;Novedades;;;;06.09.2026, 14:24:59;https://www.leroymerlin.es/productos/lavavajillas-beko-bdfn26441x-14-cubiertos-6-programas-con-inicio-diferido-inox-60cm-clase-c-78711204.html
;Panel Japones Pantalla 10 Screen Vtx 60 X 280 Cm Poliester Liso Blanco Ajustable En Altura;98148580;Panel;;Novedades;39.99;EUR;extension-list;06.09.2026, 14:24:59;https://www.leroymerlin.es/productos/panel-japones-pantalla-10-screen-vtx-60-x-280-cm-poliester-liso-blanco-ajustable-en-altura-98148580.html
https://media.adeo.com/media/874250/media.jpg?width=300;Listón de madera cepillada de abeto natural de 44x67x2400mm;66125766;Listón;;Novedades;17.96;EUR;extension-list;06.09.2026, 14:24:59;https://www.leroymerlin.es/productos/liston-de-madera-cepillada-de-abeto-natural-de-44x67x2400mm-66125766.html
https://media.adeo.com/media/5399528/media.jpg?width=300;Suelo vinílico rollo Forte Texline Nature Leone Greystone efecto piedra de 2m - Producto A MEDIDA - NO Admite Devolución.;74581316;Suelo;;Novedades;17.99;EUR;extension-list;06.09.2026, 14:24:59;https://www.leroymerlin.es/productos/suelo-vinilico-rollo-forte-texline-nature-leone-greystone-efecto-piedra-de-2m-producto-a-medida-no-admite-devolucion-74581316.html
https://media.adeo.com/media/5513835/media.jpg?width=300;Interruptor inteligente de pared para persianas enrollables fusion Orb-zbrbs Zigbee SONOFF 1A Blanco;78927758;Interruptor;;Novedades;19.99;EUR;extension-list;06.09.2026, 14:24:59;https://www.leroymerlin.es/productos/interruptor-inteligente-de-pared-para-persianas-enrollables-fusion-orb-zbrbs-zigbee-sonoff-1a-blanco-78927758.html
https://media.adeo.com/media/5260765/media.png?width=300;Mueble bajo de cocina Delinia ID Chester lino 76,8X60 cm 3 CAJ;98334227;Delinia Id;;Novedades;329.33;EUR;extension-list;06.09.2026, 14:24:59;https://www.leroymerlin.es/productos/mueble-bajo-de-cocina-delinia-id-chester-lino-76-8x60-cm-3-caj-98334227.html
https://media.adeo.com/media/5496444/media.jpg?width=100;Spa de exterior hinchable gris redondo de ø216 x 71 cm para 6 personas con cubierta incluida y wifi INTEX;97624226;Spa;;Novedades;;;;06.09.2026, 14:24:35;https://www.leroymerlin.es/productos/spa-de-exterior-hinchable-gris-redondo-de-216-x-71-cm-para-6-personas-con-cubierta-incluida-y-wifi-intex-97624226.html
https://media.adeo.com/media/5215605/media.png?width=300;Zapatos de seguridad DEXTER S1P multicolor T46;96601844;Dexter;;Novedades;27.99;EUR;extension-list;06.09.2026, 14:24:35;https://www.leroymerlin.es/productos/zapatos-de-seguridad-dexter-s1p-multicolor-t46-96601844.html
https://www.leroymerlin.es/cdp-site/6.66.0/static/images/common/loader-v2.svg;WHIRLPOOL;71743594;Whirlpool;;Novedades;661.99;EUR;extension-list;06.09.2026, 14:24:35;https://www.leroymerlin.es/productos/congelador-vertical-whirlpool-whmff-6312-xp4-no-frost-187x60cm-286l-gris-clase-e-71743594.html
https://media.adeo.com/media/5580392/media.png?width=300;Frigorífico combi FAGOR 3FFK-6840 No Frost 200cm 365L blanco clase E;79215210;Fagor;3FFK-6840;Novedades;447.9;EUR;extension-list;06.09.2026, 14:24:35;https://www.leroymerlin.es/productos/frigorifico-combi-fagor-3ffk-6840-no-frost-200cm-365l-blanco-clase-e-79215210.html
https://media.adeo.com/media/5577458/media.png?width=300;Termo eléctrico HAIER DT DUAL+WIFI 93L;98630592;Haier;;Novedades;;;;06.09.2026, 14:24:35;https://www.leroymerlin.es/productos/termo-electrico-haier-dt-dual-wifi-93l-98630592.html
https://media.adeo.com/media/5467987/media.jpg?width=300;Suelo vinílico rollo Forte Castle Clear Booster efecto madera natural de 30m;76689700;Suelo;;Novedades;479.4;EUR;extension-list;06.09.2026, 14:24:35;https://www.leroymerlin.es/productos/suelo-vinilico-rollo-forte-castle-clear-booster-efecto-madera-natural-de-30m-76689700.html
https://www.leroymerlin.es/cdp-site/6.66.0/static/images/common/loader-v2.svg;DELINIA ID;98334204;Delinia Id;;Novedades;226.43;EUR;extension-list;06.09.2026, 14:24:35;https://www.leroymerlin.es/productos/mueble-bajo-de-cocina-delinia-id-chester-lino-76-8x45-cm-1-caj-2cac-98334204.html
https://media.adeo.com/media/5536668/media.jpg?width=300;Tabla de planchar LEIFHEIT Air Board Compact Plus M color blanco 120x38;77298048;Leifheit;;Novedades;88.99;EUR;extension-list;06.09.2026, 14:24:35;https://www.leroymerlin.es/productos/tabla-de-planchar-leifheit-air-board-compact-plus-m-color-blanco-120x38-77298048.html
https://www.leroymerlin.es/cdp-site/6.66.0/static/images/common/loader-v2.svg;HAILO;70912926;Hailo;;Novedades;19.99;EUR;extension-list;06.09.2026, 14:24:35;https://www.leroymerlin.es/productos/kit-de-4-conteras-hailo-adaptables-antideslizante-escalera-70912926.html
https://media.adeo.com/media/3524119/media.png?width=300;Pintura de interior salones y habitaciones LUXENS color lava 3 mate 4L para paredes y techos;82984010;Pintura;;Novedades;27.99;EUR;extension-list;06.09.2026, 14:24:35;https://www.leroymerlin.es/productos/pintura-de-interior-salones-y-habitaciones-luxens-color-lava-3-mate-4l-para-paredes-y-techos-82984010.html
https://www.leroymerlin.es/cdp-site/6.66.0/static/images/common/loader-v2.svg;GEDY;95043025;Gedy;;Novedades;8.99;EUR;extension-list;06.09.2026, 14:24:35;https://www.leroymerlin.es/productos/portacepillos-ylenia-rosa-mate-95043025.html
https://www.leroymerlin.es/cdp-site/6.66.0/static/images/common/loader-v2.svg;INSPIRE;98830156;Inspire;;Novedades;24.99;EUR;extension-list;06.09.2026, 14:24:35;https://www.leroymerlin.es/productos/visillo-ollaos-new-teo-poliester-lino-de-200x280cm-inspire-liso-blanco-incluye-cinta-termoadhesiva-98830156.html
;Lampara De Techo Colgante De Vidrio Dorada 25 Cm Pop Exagon 1 Luz E27;93331476;LG;;Novedades;49.99;EUR;extension-list;06.09.2026, 14:24:35;https://www.leroymerlin.es/productos/lampara-de-techo-colgante-de-vidrio-dorada-25-cm-pop-exagon-1-luz-e27-93331476.html
https://www.leroymerlin.es/cdp-site/6.66.0/static/images/common/loader-v2.svg;INSPIRE;79650470;Inspire;;Novedades;29.98;EUR;extension-list;06.09.2026, 14:24:35;https://www.leroymerlin.es/productos/pack-2-balizas-jardin-solar-exterior-led-negra-inspire-pediona-ip54-sensor-crepuscular-79650470.html
https://www.leroymerlin.es/cdp-site/6.66.0/static/images/common/loader-v2.svg;TAURUS;99331948;Taurus;;Novedades;37.99;EUR;extension-list;06.09.2026, 14:24:35;https://www.leroymerlin.es/productos/ventilador-de-sobremesa-taurus-air-lite-fold-go-36w-blanco-99331948.html
https://www.leroymerlin.es/cdp-site/6.66.0/static/images/common/loader-v2.svg;HAIER;85810298;Haier;;Novedades;;;;06.09.2026, 14:24:35;https://www.leroymerlin.es/productos/termo-electrico-haier-a3-es-80l-vertical-85810298.html
https://www.leroymerlin.es/cdp-site/6.66.0/static/images/common/loader-v2.svg;SENSEA;95043688;Sensea;;Novedades;;;;06.09.2026, 14:24:35;https://www.leroymerlin.es/productos/plato-de-ducha-neo2-160x70-cm-blanco-95043688.html
;Base De 4 Tomas Usb A 2c Byimtek Flexipower 65w 1 4m;98420545;Flex;;Novedades;38.99;EUR;extension-list;06.09.2026, 14:24:35;https://www.leroymerlin.es/productos/base-de-4-tomas-usb-a-2c-byimtek-flexipower-65w-1-4m-98420545.html
https://www.leroymerlin.es/cdp-site/6.66.0/static/images/common/loader-v2.svg;DELINIA ID;97028588;Delinia Id;;Novedades;232.77;EUR;extension-list;06.09.2026, 14:24:12;https://www.leroymerlin.es/productos/mueble-bajo-rincon-recto-de-cocina-delinia-id-tokyo-blanco-mate-76-8x106-cm-1p-45-97028588.html
https://www.leroymerlin.es/cdp-site/6.66.0/static/images/common/loader-v2.svg;WENKO;98630313;Wenko;;Novedades;9.99;EUR;extension-list;06.09.2026, 14:24:12;https://www.leroymerlin.es/productos/dispensador-martina-beige-mate-98630313.html
https://media.adeo.com/media/5697679/media.jpg?width=300;Estantería de resina en kit Tayg de 180x90x40 cm y 40 kg max, por balda;91429651;Tayg;y 40;Novedades;58.99;EUR;extension-list;06.09.2026, 14:24:12;https://www.leroymerlin.es/productos/estanteria-de-resina-en-kit-tayg-de-180x90x40-cm-y-40-kg-max-por-balda-91429651.html
https://media.adeo.com/media/504102/media.png?width=300;Regleta LED INSPIRE Vilini 4000K 700 lm;95494606;Inspire;4000K;Novedades;5.99;EUR;extension-list;06.09.2026, 14:24:12;https://www.leroymerlin.es/productos/regleta-led-inspire-vilini-4000k-700-lm-95494606.html
https://media.adeo.com/media/5666252/media.png?width=300;Toallero Eléctrico NYRA 500W E/P WIFI, Secatoallas de Bajo Consumo con Termostato Digital 24/7, Modo Turbo 2h, Blanco, 80x53 cm;74974249;Toallero;;Novedades;;;;06.09.2026, 14:24:12;https://www.leroymerlin.es/productos/toallero-electrico-nyra-500w-e-p-wifi-secatoallas-de-bajo-consumo-con-termostato-digital-24-7-modo-turbo-2h-blanco-80x53-cm-74974249.html
https://media.adeo.com/media/5554225/media.jpg?width=300;Puerta de interior abatible ciega maciza melamina antihuellas Line Plus Salvia verde apertura izquierda cerco 7x3 anchura 72.5cm;72784588;Puerta;;Novedades;;;;06.09.2026, 14:24:12;https://www.leroymerlin.es/productos/puerta-de-interior-abatible-ciega-maciza-melamina-antihuellas-line-plus-salvia-verde-apertura-izquierda-cerco-7x3-anchura-72-5cm-72784588.html
https://www.leroymerlin.es/cdp-site/6.66.0/static/images/common/loader-v2.svg;LUXENS;85063273;;;Novedades;17.99;EUR;extension-list;06.09.2026, 14:24:12;https://www.leroymerlin.es/productos/esmalte-de-interior-multisuperficies-luxens-color-elixir-4-mate-750ml-para-ventanas-85063273.html
https://media.adeo.com/media/5422649/media.jpg?width=300;Zapatero Rommy con 3 compartimentos para 9 pares en metal color negro 50x112x13.5 cm;70673140;Zapatero;con 3;Novedades;;;;06.09.2026, 14:24:12;https://www.leroymerlin.es/productos/zapatero-rommy-con-3-compartimentos-para-9-pares-en-metal-color-negro-50x112x13-5-cm-70673140.html
https://media.adeo.com/media/807420/media.jpg?width=300;Suelo vinílico rollo Intenso Texline Opera Nature efecto madera natural de 4m;82363540;Suelo;;Novedades;17.99;EUR;extension-list;06.09.2026, 14:24:12;https://www.leroymerlin.es/productos/suelo-vinilico-rollo-intenso-texline-opera-nature-efecto-madera-natural-de-4m-82363540.html
;Aplique De Pared Klara Lamkur De Vidrio Dorado Y De Acero Compatible Con Casquillo E14 Ip20;70575886;Aplique;;Novedades;21.99;EUR;extension-list;06.09.2026, 14:24:12;https://www.leroymerlin.es/productos/aplique-de-pared-klara-lamkur-de-vidrio-dorado-y-de-acero-compatible-con-casquillo-e14-ip20-70575886.html
;Lavabo Sobre Encimera De Vidrio Iceberg 36 Cm De Diametro Redondo Transparente Brillante;98800171;Lavabo;Iceberg 36;Novedades;;;;06.09.2026, 14:24:12;https://www.leroymerlin.es/productos/lavabo-sobre-encimera-de-vidrio-iceberg-36-cm-de-diametro-redondo-transparente-brillante-98800171.html
;Puerta De Interior Corredera Ciega Hueca Impresa Basic Menorca Blanco Anchura 82 5cm;70380621;Puerta;;Novedades;69.99;EUR;extension-list;06.09.2026, 14:24:12;https://www.leroymerlin.es/productos/puerta-de-interior-corredera-ciega-hueca-impresa-basic-menorca-blanco-anchura-82-5cm-70380621.html
;Suelo Vinilico Rollo Forte Texline Nature Hexa Cream Efecto Ceramico De 2m;74581504;Suelo;;Novedades;17.99;EUR;extension-list;06.09.2026, 14:24:12;https://www.leroymerlin.es/productos/suelo-vinilico-rollo-forte-texline-nature-hexa-cream-efecto-ceramico-de-2m-74581504.html
;Suelo Vinilico Rollo Forte Sherwood Nature Booster Efecto Madera Natural De 30m;76689637;Suelo;;Novedades;479.4;EUR;extension-list;06.09.2026, 14:24:12;https://www.leroymerlin.es/productos/suelo-vinilico-rollo-forte-sherwood-nature-booster-efecto-madera-natural-de-30m-76689637.html
https://www.leroymerlin.es/cdp-site/6.66.0/static/images/common/loader-v2.svg;DELINIA ID;97028655;Delinia Id;;Novedades;328.36;EUR;extension-list;06.09.2026, 14:24:12;https://www.leroymerlin.es/productos/mueble-columna-de-cocina-delinia-id-tokyo-blanco-mate-multiuso-214-4x60-cm-2pta-97028655.html
https://www.leroymerlin.es/cdp-site/6.66.0/static/images/common/loader-v2.svg;INSPIRE;97859631;Inspire;;Novedades;52.49;EUR;extension-list;06.09.2026, 14:24:12;https://www.leroymerlin.es/productos/lampara-de-pie-dipsy-1-luz-e27-hierro-y-vidrio-dorado-160-cm-alto-97859631.html
https://www.leroymerlin.es/cdp-site/6.66.0/static/images/common/loader-v2.svg;ARTENS;71269177;Artens;;Novedades;2.45;EUR;extension-list;06.09.2026, 14:24:12;https://www.leroymerlin.es/productos/set-de-2-remates-para-rodapie-de-poliestireno-color-negro-ho2-artens-71269177.html
https://www.leroymerlin.es/cdp-site/6.66.0/static/images/common/loader-v2.svg;ELUXE;82143595;ELUXE;;Novedades;;;;06.09.2026, 14:24:12;https://www.leroymerlin.es/productos/aire-acondicionado-1x1-eluxe-amber-6000-fg-82143595.html
https://media.adeo.com/media/5413780/media.jpg?width=300;Mueble de baño con lavabo MIA Roble 60x40 cm fondo reducido con 2 cajones;72732614;Mueble;;Novedades;273.99;EUR;extension-list;06.09.2026, 14:23:47;https://www.leroymerlin.es/productos/mueble-de-bano-con-lavabo-mia-roble-60x40-cm-72732614.html
;Lampara De Techo Colgante De Vidrio Dorado Y Negro 48 Cm Georgia Lamkur 3 Luces G9 Altura Maxima 48 5 Cm;70575958;LG;;Novedades;80.99;EUR;extension-list;06.09.2026, 14:23:47;https://www.leroymerlin.es/productos/lampara-de-techo-colgante-de-vidrio-dorado-y-negro-48-cm-georgia-lamkur-3-luces-g9-altura-maxima-48-5-cm-70575958.html
https://www.leroymerlin.es/cdp-site/6.66.0/static/images/common/loader-v2.svg;WENKO;98630316;Wenko;;Novedades;9.99;EUR;extension-list;06.09.2026, 14:23:47;https://www.leroymerlin.es/productos/dispensador-martina-taupe-mate-98630316.html
https://www.leroymerlin.es/cdp-site/6.66.0/static/images/common/loader-v2.svg;SONOFF;94565184;Sonoff;;Novedades;10.29;EUR;extension-list;06.09.2026, 14:23:47;https://www.leroymerlin.es/productos/sensor-de-puertas-y-ventanas-inalambrico-zigbee-sonoff-zigbee-snzb-04p-94565184.html
https://www.leroymerlin.es/cdp-site/6.66.0/static/images/common/loader-v2.svg;INSPIRE;86222764;Inspire;;Novedades;23.99;EUR;extension-list;06.09.2026, 14:23:47;https://www.leroymerlin.es/productos/plafon-redondo-2-luces-e27-blanco-inspire-40-cm-86222764.html
;Mesa Pedestal Redondo Auxiliar Petra D 30 Cm H 50 Cm;98934431;;;Novedades;26.99;EUR;extension-list;06.09.2026, 14:23:47;https://www.leroymerlin.es/productos/mesa-pedestal-redondo-auxiliar-petra-d-30-cm-h-50-cm-98934431.html
https://www.leroymerlin.es/cdp-site/6.66.0/static/images/common/loader-v2.svg;ARTENS;95598461;Artens;;Novedades;19.98;EUR;extension-list;06.09.2026, 14:23:47;https://www.leroymerlin.es/productos/pack-de-2-rodapies-porcelanico-alba-60x8-cm-marmol-beige-artens-95598461.html
https://www.leroymerlin.es/cdp-site/6.66.0/static/images/common/loader-v2.svg;EQUATION;95183978;Equation;;Novedades;7.89;EUR;extension-list;06.09.2026, 14:23:47;https://www.leroymerlin.es/productos/sumidero-sifonico-equation-inoxidable-salida-vertical-10x10cm-50mm-95183978.html
https://media.adeo.com/media/5417317/media.jpg?width=300;Lámpara de mesa compatible con casquillo G9 Lydia XTRELAMP con estructura y pantalla de acero verde alimentación a red;75180539;Xtrelamp;;Novedades;44.85;EUR;extension-list;06.09.2026, 14:23:47;https://www.leroymerlin.es/productos/lampara-de-mesa-compatible-con-casquillo-g9-lydia-xtrelamp-con-estructura-y-pantalla-de-acero-verde-alimentacion-a-red-75180539.html
https://www.leroymerlin.es/cdp-site/6.66.0/static/images/common/loader-v2.svg;DELINIA ID;96187514;Delinia Id;;Novedades;21.99;EUR;extension-list;06.09.2026, 14:23:47;https://www.leroymerlin.es/productos/frente-para-cajon-de-mueble-de-cocina-delinia-id-chester-madera-mate-alt-38-4-x-an-60-cm-96187514.html
https://www.leroymerlin.es/cdp-site/6.66.0/static/images/common/loader-v2.svg;XTRELAMP;98924932;Xtrelamp;;Novedades;64.4;EUR;extension-list;06.09.2026, 14:23:47;https://www.leroymerlin.es/productos/lampara-de-mesa-compatible-con-casquillo-e27-albert-xtrelamp-con-estructura-ceramica-verde-pantalla-blanca-de-algodon-alimentacion-a-red-98924932.html
;Liston De Madera Cepillada De Abeto Natural De 44x93x2400mm;68175324;;;Novedades;19.85;EUR;extension-list;06.09.2026, 14:23:47;https://www.leroymerlin.es/productos/liston-de-madera-cepillada-de-abeto-natural-de-44x93x2400mm-68175324.html
https://www.leroymerlin.es/cdp-site/6.66.0/static/images/common/loader-v2.svg;ARTENS;88940205;Artens;;Novedades;42.11;EUR;extension-list;06.09.2026, 14:23:47;https://www.leroymerlin.es/productos/revestimiento-de-pared-de-palilleria-efecto-3d-mdf-artens-ravik-roble-claro-de-260x30cm-88940205.html
;Armario Basic 60x180x35cm Con 2 Puertas Color Roble;73363695;Basic;;Novedades;;;;06.09.2026, 14:23:47;https://www.leroymerlin.es/productos/armario-basic-60x180x35cm-con-2-puertas-color-roble-73363695.html
https://media.adeo.com/media/5410128/media.png?width=300;Cámara de videovigilancia ENERGEEKS Atlas Nano exterior fija Wi-Fi 4MP con batería solar integrada;99432965;Energeeks;;Novedades;49.99;EUR;extension-list;06.09.2026, 14:23:47;https://www.leroymerlin.es/productos/camara-de-videovigilancia-energeeks-atlas-nano-exterior-fija-wi-fi-4mp-con-bateria-solar-integrada-99432965.html
https://media.adeo.com/media/5267941/media.png?width=300;Mueble bajo de cocina Delinia ID Chester madera 76,8X40 cm 1PTA;98352706;Delinia Id;;Novedades;80.57;EUR;extension-list;06.09.2026, 14:23:47;https://www.leroymerlin.es/productos/mueble-bajo-de-cocina-delinia-id-chester-madera-76-8x40-cm-1pta-98352706.html
https://media.adeo.com/media/5735455/media.jpg?width=300;Toallero Slim 45x5.5 cm dorado cepillado;74586450;Toallero;;Novedades;39.99;EUR;extension-list;06.09.2026, 14:23:47;https://www.leroymerlin.es/productos/toallero-slim-45x5-5-cm-dorado-cepillado-74586450.html
https://media.adeo.com/media/5224696/media.png?width=300;Proyector recargable 2 fuentes de luz 400+200 lúmenes;96417730;Proyector;;Novedades;15.99;EUR;extension-list;06.09.2026, 14:23:47;https://www.leroymerlin.es/productos/proyector-recargable-2-fuentes-de-luz-400-200-lumenes-96417730.html
;Downlight Led Empotrable Mialuz Grok Nordic Marron Redondo 12 Cm 642 Lm 6 W 3 Tonos De Luz Cct 3000k 4000k 6000k Ip20 Foco Led Empotrado Para Techos;75620841;Downlight;;Novedades;13.74;EUR;extension-list;06.09.2026, 14:23:24;https://www.leroymerlin.es/productos/downlight-led-empotrable-mialuz-grok-nordic-marron-redondo-12-cm-642-lm-6-w-3-tonos-de-luz-cct-3000k-4000k-6000k-ip20-foco-led-empotrado-para-techos-75620841.html
https://www.leroymerlin.es/cdp-site/6.66.0/static/images/common/loader-v2.svg;WENKO;98630305;Wenko;;Novedades;9.99;EUR;extension-list;06.09.2026, 14:23:24;https://www.leroymerlin.es/productos/dispensador-martina-mocha-mate-98630305.html
;Revestimiento De Pared Decorativo Efecto Marmol Vinilico Spc Marbre Calacatta Blanco De 120x60cm;98886105;Revestimiento;;Novedades;69.09;EUR;extension-list;06.09.2026, 14:23:24;https://www.leroymerlin.es/productos/revestimiento-de-pared-decorativo-efecto-marmol-vinilico-spc-marbre-calacatta-blanco-de-120x60cm-98886105.html
https://www.leroymerlin.es/cdp-site/6.66.0/static/images/common/loader-v2.svg;SPACEO;96038721;Spaceo;;Novedades;15.99;EUR;extension-list;06.09.2026, 14:23:24;https://www.leroymerlin.es/productos/puerta-para-mueble-de-almacenamiento-spaceo-kub-verde-32-2x32-2-cm-96038721.html
https://media.adeo.com/media/5760884/media.jpg?width=300;Pulsador inalámbrico NIVIAN 2 canales;78701797;Nivian;NIVIAN 2;Novedades;5.99;EUR;extension-list;06.09.2026, 14:23:24;https://www.leroymerlin.es/productos/pulsador-inalambrico-nivian-2-canales-78701797.html
https://media.adeo.com/media/4843554/media.png?width=300;Frente para cajón de mueble de cocina Delinia iD Chester lino mate Alt 25.6 x An 40 cm;96186802;Delinia;An 40;Novedades;13.99;EUR;extension-list;06.09.2026, 14:23:24;https://www.leroymerlin.es/productos/frente-para-cajon-de-mueble-de-cocina-delinia-id-chester-lino-mate-alt-25-6-x-an-40-cm-96186802.html
;Maceta Red Jack De Cemento Beige 18cm;89638140;Maceta;;Novedades;11.99;EUR;extension-list;06.09.2026, 14:23:24;https://www.leroymerlin.es/productos/maceta-red-jack-de-cemento-beige-18cm-89638140.html
https://www.leroymerlin.es/cdp-site/6.66.0/static/images/common/loader-v2.svg;DELINIA ID;95869141;Delinia Id;;Novedades;137.55;EUR;extension-list;06.09.2026, 14:23:24;https://www.leroymerlin.es/productos/mueble-alto-de-cocina-delinia-id-hudson-madera-76-8x80-cm-2pta-95869141.html
https://www.leroymerlin.es/cdp-site/6.66.0/static/images/common/loader-v2.svg;DELINIA ID;98334196;Delinia Id;;Novedades;90.77;EUR;extension-list;06.09.2026, 14:23:24;https://www.leroymerlin.es/productos/mueble-bajo-de-cocina-delinia-id-chester-lino-76-8x45-cm-1pta-98334196.html
https://www.leroymerlin.es/cdp-site/6.66.0/static/images/common/loader-v2.svg;FAGOR;79215186;Fagor;;Novedades;;;;06.09.2026, 14:23:24;https://www.leroymerlin.es/productos/frigorifico-combi-fagor-3ffk-5527x-no-frost-180cm-253l-inox-clase-e-79215186.html
https://media.adeo.com/media/4880699/media.png?width=300;Escuadra de ensamblaje para muebles de acero cincado 100x100x15 mm, para uso interior;94885755;Escuadra;;Novedades;0.65;EUR;extension-list;06.09.2026, 14:23:24;https://www.leroymerlin.es/productos/escuadra-de-ensamblaje-para-muebles-de-acero-cincado-100x100x15-mm-para-uso-interior-94885755.html
https://www.leroymerlin.es/cdp-site/6.66.0/static/images/common/loader-v2.svg;ARTENS;95929453;Artens;;Novedades;81.86;EUR;extension-list;06.09.2026, 14:23:24;https://www.leroymerlin.es/productos/revestimiento-de-pared-y-techo-decorativo-efecto-cemento-de-pvc-artens-renolam-alveolar-beige-concrete-de-260x37-5cm-95929453.html
;Ambientador Hogar Spray White Musk Ambientair 500 Ml;76793610;Tado;;Novedades;28.58;EUR;extension-list;06.09.2026, 14:23:24;https://www.leroymerlin.es/productos/ambientador-hogar-spray-white-musk-ambientair-500-ml-76793610.html
https://media.adeo.com/media/5080329/media.png?width=300;Mueble bajo de cocina Delinia ID Sevilla blanco brillo 76,8X30 cm botellero especiero extraible;97025972;Delinia Id;;Novedades;152.77;EUR;extension-list;06.09.2026, 14:23:24;https://www.leroymerlin.es/productos/mueble-bajo-de-cocina-delinia-id-sevilla-blanco-brillo-76-8x30-cm-botellero-especiero-extraible-97025972.html
https://media.adeo.com/media/5651604/media.jpg?width=300;Cojín decorativo cuadrado Cubis algodón bordado tribal azul, dorado , blanco 45x45cm;78461981;LG;;Novedades;24.99;EUR;extension-list;06.09.2026, 14:23:24;https://www.leroymerlin.es/productos/cojin-decorativo-cuadrado-cubis-algodon-bordado-tribal-azul-dorado-blanco-45x45cm-78461981.html
;Manilla Con Roseta Para Puerta Con Cierre Pestillo Llave En Niquel Convierte Una Habitacion En Estancia Privada;75197904;Manilla;;Novedades;27.01;EUR;extension-list;06.09.2026, 14:23:24;https://www.leroymerlin.es/productos/manilla-con-roseta-para-puerta-con-cierre-pestillo-llave-en-niquel-convierte-una-habitacion-en-estancia-privada-75197904.html
https://media.adeo.com/media/5264209/media.png?width=300;Mueble bajo de cocina Delinia ID Chester lino 76,8X60 cm 1 CAJ 2CAC;98334223;Delinia Id;;Novedades;299.23;EUR;extension-list;06.09.2026, 14:23:24;https://www.leroymerlin.es/productos/mueble-bajo-de-cocina-delinia-id-chester-lino-76-8x60-cm-1-caj-2cac-98334223.html
;Cuadro Pintura Impresa Enmarcada Abstracto Rectangular De 60 X 90 Cm Mdf Phos Gris Y Blanco Marco Color Castano;98601785;Cuadro;;Novedades;52.99;EUR;extension-list;06.09.2026, 14:22:57;https://www.leroymerlin.es/productos/cuadro-pintura-impresa-enmarcada-abstracto-rectangular-de-60-x-90-cm-mdf-phos-gris-y-blanco-marco-color-castano-98601785.html
https://www.leroymerlin.es/cdp-site/6.66.0/static/images/common/loader-v2.svg;DEXTER;93477884;Dexter;;Novedades;39.99;EUR;extension-list;06.09.2026, 14:22:57;https://www.leroymerlin.es/productos/zapato-trabajo-dexter-adft09-t44-93477884.html
https://media.adeo.com/media/5255259/media.jpg?width=300;Lámpara de mesa sin cable táctil LED Dédalo GARZA con estructura beige luz cálida 3000K;98244384;Garza;3000K;Novedades;15.99;EUR;extension-list;06.09.2026, 14:22:57;https://www.leroymerlin.es/productos/lampara-de-mesa-sin-cable-tactil-led-dedalo-garza-con-estructura-beige-luz-calida-3000k-98244384.html
https://media.adeo.com/media/5786960/media.jpg?width=300;Revestimiento de pared decorativo efecto mármol PVC Dumapan Kiruna color blanco de 260x37.5 cm;70869264;Revestimiento;;Novedades;81.86;EUR;extension-list;06.09.2026, 14:22:57;https://www.leroymerlin.es/productos/revestimiento-de-pared-decorativo-efecto-marmol-pvc-dumapan-kiruna-color-blanco-de-260x37-5-cm-70869264.html
https://media.adeo.com/media/5542875/media.jpg?width=300;Spa de exterior hinchable verde redondo de ø196 x 71 cm para 4 personas con cubierta incluida INTEX;97624224;Spa;;Novedades;;;;06.09.2026, 14:22:57;https://www.leroymerlin.es/productos/spa-de-exterior-hinchable-verde-redondo-de-196-x-71-cm-para-4-personas-con-cubierta-incluida-intex-97624224.html
https://www.leroymerlin.es/cdp-site/6.66.0/static/images/common/loader-v2.svg;ARTENS;88940208;Artens;;Novedades;42.11;EUR;extension-list;06.09.2026, 14:22:57;https://www.leroymerlin.es/productos/revestimiento-de-pared-de-palilleria-efecto-3d-mdf-artens-ravik-nogal-de-260x30cm-88940208.html
https://www.leroymerlin.es/cdp-site/6.66.0/static/images/common/loader-v2.svg;ELHO;97192783;ELHO;;Novedades;16.49;EUR;extension-list;06.09.2026, 14:22:57;https://www.leroymerlin.es/productos/regadera-de-poliestireno-blanco-de-1-7-l-97192783.html
;Cortina Ollaos Charlotte Poliester De 140x260cm Liso Blanco Incluye Cinta Termoadhesiva;83217558;Cortina;De 140x260cm;Novedades;14.99;EUR;extension-list;06.09.2026, 14:22:57;https://www.leroymerlin.es/productos/cortina-ollaos-charlotte-poliester-de-140x260cm-liso-blanco-incluye-cinta-termoadhesiva-83217558.html
https://media.adeo.com/media/962394/media.png?width=300;Grifo monomando de bidé SENSEA Icone negro mate. Apertura en frío. Latón;97158397;Sensea;;Novedades;63.99;EUR;extension-list;06.09.2026, 14:22:57;https://www.leroymerlin.es/productos/grifo-monomando-de-bide-sensea-icone-negro-mate-apertura-en-frio-laton-97158397.html
;Escuadra Ajustable De Acero Cincado 55 X 55 X 20 Mm;94885808;Escuadra;Cincado 55;Novedades;1.69;EUR;extension-list;06.09.2026, 14:22:57;https://www.leroymerlin.es/productos/escuadra-ajustable-de-acero-cincado-55-x-55-x-20-mm-94885808.html
;Suelo Vinilico Rollo Forte Sherwood Medium Booster Efecto Madera Oscura De 30m Producto A Medida No Admite Devolucion;76689553;Suelo;;Novedades;479.4;EUR;extension-list;06.09.2026, 14:22:57;https://www.leroymerlin.es/productos/suelo-vinilico-rollo-forte-sherwood-medium-booster-efecto-madera-oscura-de-30m-producto-a-medida-no-admite-devolucion-76689553.html
;Bandeja Pongo Todo Vertex Negro 11 5x3 5 Cm;77304570;Bandeja;;Novedades;12.99;EUR;extension-list;06.09.2026, 14:22:57;https://www.leroymerlin.es/productos/bandeja-pongo-todo-vertex-negro-11-5x3-5-cm-77304570.html
https://media.adeo.com/media/5685169/media.jpg?width=300;Lámpara de techo colgante de papel beige ø40 cm Quintana COREP 1 luz E27 con altura regulable. Altura máxima 112 cm;82599340;LG;;Novedades;39.9;EUR;extension-list;06.09.2026, 14:22:57;https://www.leroymerlin.es/productos/lampara-de-techo-colgante-de-papel-beige-40-cm-quintana-corep-1-luz-e27-con-altura-regulable-altura-maxima-112-cm-82599340.html
;Bolas Filtrantes De Piscina;90543426;Bolas;;Novedades;12.29;EUR;extension-list;06.09.2026, 14:22:57;https://www.leroymerlin.es/productos/bolas-filtrantes-de-piscina-90543426.html
https://media.adeo.com/media/5551957/media.jpg?width=300;Aplique sin cable de pared orientable marrón LED 1 luz NEWGARDEN Roll 4 Wood IP20;73060162;Aplique;;Novedades;29.99;EUR;extension-list;06.09.2026, 14:22:57;https://www.leroymerlin.es/productos/aplique-sin-cable-de-pared-orientable-marron-led-1-luz-newgarden-roll-4-wood-ip20-73060162.html
https://www.leroymerlin.es/cdp-site/6.66.0/static/images/common/loader-v2.svg;DELINIA ID;96187494;Delinia Id;;Novedades;11.49;EUR;extension-list;06.09.2026, 14:22:57;https://www.leroymerlin.es/productos/frente-para-cajon-de-mueble-de-cocina-delinia-id-chester-madera-mate-alt-12-8-x-an-60-cm-96187494.html
https://www.leroymerlin.es/cdp-site/6.66.0/static/images/common/loader-v2.svg;NEBO;70551731;NEBO;;Novedades;;;;06.09.2026, 14:22:57;https://www.leroymerlin.es/productos/arrancador-1000amos-powerbank-nebo-70551731.html
;Revestimiento De Pared Decorativo Efecto Piedra Vinilico Spc Pierre Crema De 120x260cm;98886095;Revestimiento;;Novedades;218.34;EUR;extension-list;06.09.2026, 14:22:57;https://www.leroymerlin.es/productos/revestimiento-de-pared-decorativo-efecto-piedra-vinilico-spc-pierre-crema-de-120x260cm-98886095.html
https://www.leroymerlin.es/cdp-site/6.66.0/static/images/common/loader-v2.svg;DEXTER;96601859;Dexter;;Novedades;28.49;EUR;extension-list;06.09.2026, 14:22:33;https://www.leroymerlin.es/productos/botas-de-seguiridad-dexter-gris-l1-t41-96601859.html
https://www.leroymerlin.es/cdp-site/6.66.0/static/images/common/loader-v2.svg;INSPIRE;97859677;Inspire;;Novedades;27.99;EUR;extension-list;06.09.2026, 14:22:33;https://www.leroymerlin.es/productos/lampara-de-techo-colgante-de-vidrio-dorada-25-cm-esther-inspire-1-luz-led-calida-3000k-2360-lm-con-altura-regulable-97859677.html
https://media.adeo.com/media/5528109/media.jpg?width=300;Agarre puente de unión KNAUF Betokontakt 5Kg para interior rosa;70873284;Agarre;;Novedades;17.99;EUR;extension-list;06.09.2026, 14:22:33;https://www.leroymerlin.es/productos/agarre-puente-de-union-knauf-betokontakt-5kg-para-interior-rosa-70873284.html
https://media.adeo.com/media/5528409/media.jpg?width=300;PACK ESTANDAR CBXD;76312442;;;Novedades;534.05;EUR;extension-list;06.09.2026, 14:22:33;https://www.leroymerlin.es/productos/pack-estandar-cbxd-76312442.html
https://media.adeo.com/media/1876404/media.jpg?width=300;Interruptor completo SIMON 27 blanco;77301017;Simon;SIMON 27;Novedades;5.88;EUR;extension-list;06.09.2026, 14:22:33;https://www.leroymerlin.es/productos/interruptor-completo-simon-27-blanco-77301017.html
https://www.leroymerlin.es/cdp-site/6.66.0/static/images/common/loader-v2.svg;INSPIRE;95102241;Inspire;;Novedades;3.89;EUR;extension-list;06.09.2026, 14:22:33;https://www.leroymerlin.es/productos/bocallave-redonda-en-laton-antiguo-mate-50mm-diametro-95102241.html
https://media.adeo.com/media/3390992/media.png?width=300;Puerta para mueble de cocina Delinia Id Tokyo lino mate Alt 137.3 x An 60 cm;86449981;Delinia Id;;Novedades;99.99;EUR;extension-list;06.09.2026, 14:22:33;https://www.leroymerlin.es/productos/puerta-para-mueble-de-cocina-delinia-id-tokyo-lino-mate-alt-137-3-x-an-60-cm-86449981.html
https://media.adeo.com/media/5464398/media.jpg?width=300;Escurreplatos Brabantia beige 38.5x14x49 cm;79319067;Brabantia;;Novedades;48.44;EUR;extension-list;06.09.2026, 14:22:33;https://www.leroymerlin.es/productos/escurreplatos-brabantia-beige-38-5x14x49-cm-79319067.html
https://media.adeo.com/media/5405394/media.png?width=300;Placa de inducción BEKO HDI 32401 TO con 2 zonas de cocción zona grande de 18cm 3600 W negro 30cm;99283546;Beko;;Novedades;;;;06.09.2026, 14:22:33;https://www.leroymerlin.es/productos/placa-de-induccion-beko-hdi-32401-to-con-2-zonas-de-coccion-zona-grande-de-18cm-3600-w-negro-30cm-99283546.html
;Paletina Radiador Mango Madera Fsc Ciret N75;73857318;Paletina;Ciret N75;Novedades;4.8;EUR;extension-list;06.09.2026, 14:22:33;https://www.leroymerlin.es/productos/paletina-radiador-mango-madera-fsc-ciret-n75-73857318.html
https://www.leroymerlin.es/cdp-site/6.66.0/static/images/common/loader-v2.svg;FACKELMANN;99164718;Fackelmann;;Novedades;19.79;EUR;extension-list;06.09.2026, 14:22:33;https://www.leroymerlin.es/productos/sarten-vita3-24-cm-acero-inox-fackelmann-99164718.html
https://www.leroymerlin.es/cdp-site/6.66.0/static/images/common/loader-v2.svg;WENKO;98630317;Wenko;;Novedades;15.99;EUR;extension-list;06.09.2026, 14:22:33;https://www.leroymerlin.es/productos/escobillero-martina-taupe-mate-98630317.html
;Encimera De Cocina Laminada Hidrofuga Milos Marbre Noir Mate 315x65 Cm Espesor 38mm;98830496;Encimera;;Novedades;;;;06.09.2026, 14:22:33;https://www.leroymerlin.es/productos/encimera-de-cocina-laminada-hidrofuga-milos-marbre-noir-mate-315x65-cm-espesor-38mm-98830496.html
https://www.leroymerlin.es/cdp-site/6.66.0/static/images/common/loader-v2.svg;TAYG;14700483;Tayg;;Novedades;8.32;EUR;extension-list;06.09.2026, 14:22:33;https://www.leroymerlin.es/productos/gaveta-de-plastico-en-azul-de-16x13x33-6-cm-14700483.html
;Encimera De Cocina Laminada Compacta Eleki Haya 360x63 Cm Espesor 13mm;99423209;;;Novedades;;;;06.09.2026, 14:22:33;https://www.leroymerlin.es/productos/encimera-de-cocina-laminada-compacta-eleki-haya-360x63-cm-espesor-13mm-99423209.html
https://www.leroymerlin.es/cdp-site/6.66.0/static/images/common/loader-v2.svg;DELINIA ID;98334178;Delinia Id;;Novedades;116.97;EUR;extension-list;06.09.2026, 14:22:33;https://www.leroymerlin.es/productos/mueble-bajo-de-cocina-delinia-id-chester-lino-76-8x15-cm-botellero-especiero-extraible-98334178.html
;Plafon 3 Luces E14 De Acero Dorado Klara 30 Cm Ip20;70575916;Plafon;Plafon 3;Novedades;54.99;EUR;extension-list;06.09.2026, 14:22:33;https://www.leroymerlin.es/productos/plafon-3-luces-e14-de-acero-dorado-klara-30-cm-ip20-70575916.html
https://www.leroymerlin.es/cdp-site/6.66.0/static/images/common/loader-v2.svg;DELINIA ID;98334177;Delinia Id;;Novedades;87.77;EUR;extension-list;06.09.2026, 14:22:33;https://www.leroymerlin.es/productos/mueble-alto-de-cocina-delinia-id-chester-lino-76-8x45-cm-1pta-98334177.html
https://media.adeo.com/media/2654754/media.png?width=300;Visillo cinta fruncida, trabillas Amina poliéster voile liso beige trench INSPIRE de 140x280cm. Incluye cinta termoadhesiva;98830162;Visillo;;Novedades;19.99;EUR;extension-list;06.09.2026, 14:22:08;https://www.leroymerlin.es/productos/visillo-cinta-fruncida-trabillas-amina-poliester-voile-liso-beige-trench-inspire-de-140x280cm-incluye-cinta-termoadhesiva-98830162.html
https://www.leroymerlin.es/cdp-site/6.66.0/static/images/common/loader-v2.svg;DELINIA ID;97025986;Delinia Id;;Novedades;122.77;EUR;extension-list;06.09.2026, 14:22:08;https://www.leroymerlin.es/productos/mueble-alto-de-cocina-delinia-id-sevilla-blanco-brillo-102-4x60-cm-1pta-97025986.html
https://media.adeo.com/media/5563447/media.png?width=300;Mueble de baño con lavabo y columna Lain Nogal 80x44.6 cm con 3 cajones;78900975;Mueble;;Novedades;272.99;EUR;extension-list;06.09.2026, 14:22:08;https://www.leroymerlin.es/productos/mueble-de-bano-con-lavabo-y-columna-lain-nogal-80x44-6-cm-78900975.html
https://www.leroymerlin.es/cdp-site/6.66.0/static/images/common/loader-v2.svg;BEKO;87814986;Beko;;Novedades;;;;06.09.2026, 14:22:08;https://www.leroymerlin.es/productos/microondas-con-grill-integrable-beko-mgc20100w-20l-900w-87814986.html
https://media.adeo.com/media/5671037/media.jpg?width=300;Bandeja + 5 fundas desechables RULO PLUMA;75746219;Bandeja;Bandeja 5;Novedades;4.29;EUR;extension-list;06.09.2026, 14:22:08;https://www.leroymerlin.es/productos/bandeja-5-fundas-desechables-rulo-pluma-75746219.html
https://www.leroymerlin.es/cdp-site/6.66.0/static/images/common/loader-v2.svg;STROHM TEKA;99014377;Strohm Teka;;Novedades;89.99;EUR;extension-list;06.09.2026, 14:22:08;https://www.leroymerlin.es/productos/grifo-de-lavabo-strohm-teka-origehm-monomando-cano-alto-dorado-satinado-apertura-en-frio-antical-acero-inoxidable-99014377.html
https://www.leroymerlin.es/cdp-site/6.66.0/static/images/common/loader-v2.svg;EMUCA;82506582;Emuca;;Novedades;38.99;EUR;extension-list;06.09.2026, 14:22:08;https://www.leroymerlin.es/productos/colgador-abatible-de-acero-color-moka-regulable-830-1-150mm-82506582.html
https://www.leroymerlin.es/cdp-site/6.66.0/static/images/common/loader-v2.svg;LUXENS;85063483;LUXENS;;Novedades;27.99;EUR;extension-list;06.09.2026, 14:22:08;https://www.leroymerlin.es/productos/pintura-de-interior-salones-y-habitaciones-luxens-color-santal-4-mate-4l-para-paredes-y-techos-85063483.html
https://www.leroymerlin.es/cdp-site/6.66.0/static/images/common/loader-v2.svg;DEXTER;95482031;Dexter;;Novedades;79.99;EUR;extension-list;06.09.2026, 14:22:08;https://www.leroymerlin.es/productos/maletin-herramientas-dexter-100-piezas-95482031.html
https://www.leroymerlin.es/cdp-site/6.66.0/static/images/common/loader-v2.svg;DEXTER;96601852;Dexter;;Novedades;28.49;EUR;extension-list;06.09.2026, 14:22:08;https://www.leroymerlin.es/productos/botas-de-seguiridad-dexter-gris-l1-t42-96601852.html
https://media.adeo.com/media/5705336/media.jpg?width=300;Pack 6 Balizas jardín solar exterior LED negro INSPIRE Odelime IP44 sensor crepuscular;79650402;Inspire;;Novedades;29.94;EUR;extension-list;06.09.2026, 14:22:08;https://www.leroymerlin.es/productos/pack-6-balizas-jardin-solar-exterior-led-negro-inspire-odelime-ip44-sensor-crepuscular-79650402.html
https://media.adeo.com/media/5744308/media.jpg?width=300;Placa policarbonato mini onda 3x1.12 m x 0.8 mm;74155220;Placa;;Novedades;26.85;EUR;extension-list;06.09.2026, 14:22:08;https://www.leroymerlin.es/productos/placa-policarbonato-mini-onda-3x1-12-m-x-0-8-mm-74155220.html
https://www.leroymerlin.es/cdp-site/6.66.0/static/images/common/loader-v2.svg;ARTENS;82644730;Artens;;Novedades;12.95;EUR;extension-list;06.09.2026, 14:22:08;https://www.leroymerlin.es/productos/mamperlan-de-aluminio-color-bronce-adhesivo-de-2300x24mm-artens-82644730.html
https://www.leroymerlin.es/cdp-site/6.66.0/static/images/common/loader-v2.svg;SENSEA;96199107;Sensea;;Novedades;;;;06.09.2026, 14:22:08;https://www.leroymerlin.es/productos/encimera-lavabo-pearl-marmoleado-blanco-121x49x1-2-cm-96199107.html
https://media.adeo.com/media/5580382/media.png?width=300;Frigorífico combi FAGOR 3FFK-6637 No Frost 186cm 293L blanco clase E;79215196;Fagor;3FFK-6637;Novedades;376.9;EUR;extension-list;06.09.2026, 14:22:08;https://www.leroymerlin.es/productos/frigorifico-combi-fagor-3ffk-6637-no-frost-186cm-293l-blanco-clase-e-79215196.html
https://www.leroymerlin.es/cdp-site/6.66.0/static/images/common/loader-v2.svg;INDESIT;76761246;Indesit;;Novedades;479.66;EUR;extension-list;06.09.2026, 14:22:08;https://www.leroymerlin.es/productos/congelador-vertical-indesit-mfinf-1292-w4e-no-frost-171x60cm-256l-blanco-clase-e-76761246.html
https://www.leroymerlin.es/cdp-site/6.66.0/static/images/common/loader-v2.svg;DEXTER;96939440;Dexter;;Novedades;16.99;EUR;extension-list;06.09.2026, 14:22:08;https://www.leroymerlin.es/productos/kit-embaldosador-multiherramientas-dexter-para-aserrar-con-fijacion-universal-96939440.html
;Lampara De Mesa Compatible Con Casquillo E27 Hemera Seynave Con Estructura Ceramica Efecto Travertino Beige Pantalla Beige De Lino Alimentacion A Red;71135644;;;Novedades;24.99;EUR;extension-list;06.09.2026, 14:22:08;https://www.leroymerlin.es/productos/lampara-de-mesa-compatible-con-casquillo-e27-hemera-seynave-con-estructura-ceramica-efecto-travertino-beige-pantalla-beige-de-lino-alimentacion-a-red-71135644.html
https://media.adeo.com/media/3148384/media.png?width=300;Tester de pintura Biobase LUXENS color sage 4 mate 75ml para paredes y techos;84317624;;;Novedades;35.87;EUR;extension-list;06.09.2026, 14:21:44;https://www.leroymerlin.es/productos/tester-de-pintura-biobase-luxens-color-sage-4-mate-75ml-para-paredes-y-techos-84317624.html
https://media.adeo.com/media/5537774/media.png?width=300;Panel LED de interior rectangular negro Megaled 5200 lm blanco frío 120 cm;72138304;Panel;;Novedades;35.99;EUR;extension-list;06.09.2026, 14:21:44;https://www.leroymerlin.es/productos/panel-led-de-interior-rectangular-negro-megaled-5200-lm-blanco-frio-120-cm-72138304.html
;Ventilador De Techo Con Luz Silencioso Dc 29w Con Mando 106 Cm Ipora Blanco Luz Cct 3 Aspas Retractiles Tipo Lampara 6 Velocidades Modo Verano Invierno Temporizador Brisa Recomendado De 13 A 20m2;96673805;;;Novedades;59.99;EUR;extension-list;06.09.2026, 14:21:44;https://www.leroymerlin.es/productos/ventilador-de-techo-con-luz-silencioso-dc-29w-con-mando-106-cm-ipora-blanco-luz-cct-3-aspas-retractiles-tipo-lampara-6-velocidades-modo-verano-invierno-temporizador-brisa-recomendado-de-13-a-20m2-96673805.html
;Cuadro Pintura Impresa Enmarcada Botanica Rectangular De 40 X 50 Cm Mdf Jarron Rayas Multicolor Marco Color Nogal;78566003;Cuadro;;Novedades;24.99;EUR;extension-list;06.09.2026, 14:21:44;https://www.leroymerlin.es/productos/cuadro-pintura-impresa-enmarcada-botanica-rectangular-de-40-x-50-cm-mdf-jarron-rayas-multicolor-marco-color-nogal-78566003.html
https://media.adeo.com/media/5538789/media.jpg?width=300;Columna de ducha termostática ROCA Victoria Plus cromo;92738274;Roca;;Novedades;;;;06.09.2026, 14:21:44;https://www.leroymerlin.es/productos/columna-de-ducha-termostatica-roca-victoria-plus-cromo-92738274.html
https://www.leroymerlin.es/cdp-site/6.66.0/static/images/common/loader-v2.svg;SONOFF;91025596;Sonoff;;Novedades;8.79;EUR;extension-list;06.09.2026, 14:21:44;https://www.leroymerlin.es/productos/rele-interruptor-inteligente-sonoff-minir4-91025596.html
https://media.adeo.com/media/5519392/media.jpg?width=300;Horno multifunción AEG TU5AB21FSB 72L 3.6kW aqualísis negro Clase A+;98799703;AEG;TU5AB21FSB;Novedades;353.95;EUR;extension-list;06.09.2026, 14:21:44;https://www.leroymerlin.es/productos/horno-multifuncion-aeg-tu5ab21fsb-72l-3-6kw-aqualisis-negro-clase-a-98799703.html
https://media.adeo.com/media/1008877/media.jpg?width=300;Listón de madera cepillada de abeto natural de 27x93x2400mm;66125885;Listón;;Novedades;15.29;EUR;extension-list;06.09.2026, 14:21:44;https://www.leroymerlin.es/productos/liston-de-madera-cepillada-de-abeto-natural-de-27x93x2400mm-66125885.html
https://www.leroymerlin.es/cdp-site/6.66.0/static/images/common/loader-v2.svg;INSPIRE;98830223;Inspire;;Novedades;29.99;EUR;extension-list;06.09.2026, 14:21:44;https://www.leroymerlin.es/productos/cortina-cinta-frunce-trabillas-raspberry-poliester-algodon-de-300x280cm-inspire-liso-beige-trench-incluye-cinta-termoadhesiva-98830223.html
https://www.leroymerlin.es/cdp-site/6.66.0/static/images/common/loader-v2.svg;KARCHER;97449078;Karcher;;Novedades;269.22;EUR;extension-list;06.09.2026, 14:21:44;https://www.leroymerlin.es/productos/hidrolimpiadora-karcher-1800w-150-bares-de-presion-97449078.html
https://www.leroymerlin.es/cdp-site/6.66.0/static/images/common/loader-v2.svg;DEXTER;93840029;Dexter;;Novedades;44.99;EUR;extension-list;06.09.2026, 14:21:44;https://www.leroymerlin.es/productos/lijadora-excentrica-dexter-potencia-300-w-marca-de-casa-exclusivo-en-leroy-merlin-93840029.html
https://www.leroymerlin.es/cdp-site/6.66.0/static/images/common/loader-v2.svg;GEOLIA;96113314;Geolia;;Novedades;6.29;EUR;extension-list;06.09.2026, 14:21:44;https://www.leroymerlin.es/productos/adaptador-de-grifo-de-interior-geolia-96113314.html
https://www.leroymerlin.es/cdp-site/6.66.0/static/images/common/loader-v2.svg;LUXENS;84317633;;;Novedades;35.87;EUR;extension-list;06.09.2026, 14:21:44;https://www.leroymerlin.es/productos/tester-de-pintura-biobase-luxens-color-paper-5-mate-75ml-para-paredes-y-techos-84317633.html
;Puerta De Interior Abatible Ciega Hueca Impresa Basic Fuerteventura Roble Apertura Derecha Cerco 7x3 Anchura 72 5cm;70380371;Puerta;;Novedades;;;;06.09.2026, 14:21:44;https://www.leroymerlin.es/productos/puerta-de-interior-abatible-ciega-hueca-impresa-basic-fuerteventura-roble-apertura-derecha-cerco-7x3-anchura-72-5cm-70380371.html
;Maceta Redonda De Polipropileno Deroma D59cm 59 Cm Y 49 Cm Altura Gris;73427308;Maceta;Deroma D59cm;Novedades;96.99;EUR;extension-list;06.09.2026, 14:21:44;https://www.leroymerlin.es/productos/maceta-redonda-de-polipropileno-deroma-d59cm-59-cm-y-49-cm-altura-gris-73427308.html
https://www.leroymerlin.es/cdp-site/6.66.0/static/images/common/loader-v2.svg;ARTE CONFORT;94051353;Arte Confort;;Novedades;54.99;EUR;extension-list;06.09.2026, 14:21:44;https://www.leroymerlin.es/productos/ventilador-de-techo-con-luz-silencioso-dc-22w-con-mando-91-cm-selas-s-arte-confort-blanco-luz-cct-3-aspas-6-velocidades-modo-verano-invierno-brisa-temporizador-recomendado-para-13m2-94051353.html
https://media.adeo.com/media/3390970/media.png?width=300;Frente para cajón de mueble de cocina Delinia Id Tokyo lino mate Alt 76.8 x An 60 cm;86450402;Delinia;An 60;Novedades;65.99;EUR;extension-list;06.09.2026, 14:21:44;https://www.leroymerlin.es/productos/frente-para-cajon-de-mueble-de-cocina-delinia-id-tokyo-lino-mate-alt-76-8-x-an-60-cm-86450402.html
;Suelo Vinilico Rollo Forte Primetex Azay Cream Efecto Madera Natural De 30m;76689450;Suelo;;Novedades;599.4;EUR;extension-list;06.09.2026, 14:21:19;https://www.leroymerlin.es/productos/suelo-vinilico-rollo-forte-primetex-azay-cream-efecto-madera-natural-de-30m-76689450.html
https://www.leroymerlin.es/cdp-site/6.66.0/static/images/common/loader-v2.svg;ARTE CONFORT;99099550;Arte Confort;;Novedades;;;;06.09.2026, 14:21:19;https://www.leroymerlin.es/productos/ventilador-de-techo-con-luz-silencioso-dc-29w-con-mando-107-cm-niva-arte-confort-blanco-luz-cct-3-aspas-retractiles-tipo-lampara-6-velocidades-modo-verano-invierno-temporizador-brisa-recomendado-de-13-a-20m2-99099550.html
;Cuadro Pintura Impresa Enmarcada Abstracto Rectangular De 50 X 70 Cm Mdf Kai Dorado Negro Y Gris Marco Color Castano;98601780;Cuadro;;Novedades;24.99;EUR;extension-list;06.09.2026, 14:21:19;https://www.leroymerlin.es/productos/cuadro-pintura-impresa-enmarcada-abstracto-rectangular-de-50-x-70-cm-mdf-kai-dorado-negro-y-gris-marco-color-castano-98601780.html
;Suelo Vinilico Rollo Medio Gravel Beige Start Efecto Piedra De 35m Producto A Medida No Admite Devolucion;76689712;DiO;;Novedades;489.3;EUR;extension-list;06.09.2026, 14:21:19;https://www.leroymerlin.es/productos/suelo-vinilico-rollo-medio-gravel-beige-start-efecto-piedra-de-35m-producto-a-medida-no-admite-devolucion-76689712.html
https://media.adeo.com/media/5574847/media.png?width=300;Lavavajillas integrable FAGOR 4LVF-435ADIT 10 cubiertos 6 programas con inicio diferido blanco 45cm clase D;79214607;Fagor;4LVF-435ADIT;Novedades;;;;06.09.2026, 14:21:19;https://www.leroymerlin.es/productos/lavavajillas-integrable-fagor-4lvf-435adit-10-cubiertos-6-programas-con-inicio-diferido-blanco-45cm-clase-d-79214607.html
https://media.adeo.com/media/5408340/media.jpg?width=300;Proyector led LUCECO 1000lm recargable con trípode IP-54;73060171;Proyector;IP-54;Novedades;20.99;EUR;extension-list;06.09.2026, 14:21:19;https://www.leroymerlin.es/productos/proyector-led-luceco-1000lm-recargable-con-tripode-ip-54-73060171.html
;Cojin Decorativo Cuadrado Orinoco Algodon Poliester Liso Marron Taupe Doble Cara 45x45cm;76815266;LG;;Novedades;12.99;EUR;extension-list;06.09.2026, 14:21:19;https://www.leroymerlin.es/productos/cojin-decorativo-cuadrado-orinoco-algodon-poliester-liso-marron-taupe-doble-cara-45x45cm-76815266.html
;Ventilador De Cuello Jisulife Life 3 5w Azul;72850075;;;Novedades;33.99;EUR;extension-list;06.09.2026, 14:21:19;https://www.leroymerlin.es/productos/ventilador-de-cuello-jisulife-life-3-5w-azul-72850075.html
https://www.leroymerlin.es/cdp-site/6.66.0/static/images/common/loader-v2.svg;EINHELL;95098901;Einhell;;Novedades;59.95;EUR;extension-list;06.09.2026, 14:21:19;https://www.leroymerlin.es/productos/cortacesped-electrico-elmopp-32-1-1000w-32-cm-ancho-de-corte-95098901.html
https://media.adeo.com/media/5684482/media.png?width=300;Cojín decorativo rectangular Orinoco algodón poliéster verde Forest liso doble cara 60x40cm;76815203;LG;;Novedades;18.99;EUR;extension-list;06.09.2026, 14:21:19;https://www.leroymerlin.es/productos/cojin-decorativo-rectangular-orinoco-algodon-poliester-verde-forest-liso-doble-cara-60x40cm-76815203.html
https://www.leroymerlin.es/cdp-site/6.66.0/static/images/common/loader-v2.svg;INSPIRE;79651321;Inspire;;Novedades;43.98;EUR;extension-list;06.09.2026, 14:21:19;https://www.leroymerlin.es/productos/pack-2-apliques-solar-exterior-luz-led-cct-inspire-fano-negro-con-detector-de-movimiento-ip54-79651321.html
https://media.adeo.com/media/5787002/media.jpg?width=300;Revestimiento de pared decorativo efecto travertino de PVC Artens Renowall XL Mineralia beige de 260x90cm;95929451;Revestimiento;;Novedades;70.18;EUR;extension-list;06.09.2026, 14:21:19;https://www.leroymerlin.es/productos/revestimiento-de-pared-decorativo-efecto-travertino-de-pvc-artens-renowall-xl-mineralia-beige-de-260x90cm-95929451.html
https://www.leroymerlin.es/cdp-site/6.66.0/static/images/common/loader-v2.svg;INSPIRE;79651114;Inspire;;Novedades;;;;06.09.2026, 14:21:19;https://www.leroymerlin.es/productos/pack-2-proyectores-led-exterior-inspire-yonkers-rectangular-cct-2700k-6500k-50w-6750-lm-ip65-resistente-a-lluvia-y-al-polvo-79651114.html
;Ambientador Mikado Black Vainilla Ambientair 100 Ml;76793480;Tado;;Novedades;159.9;EUR;extension-list;06.09.2026, 14:21:19;https://www.leroymerlin.es/productos/ambientador-mikado-black-vainilla-ambientair-100-ml-76793480.html
https://media.adeo.com/media/5509730/media.jpg?width=300;Pintura de interior cocinas y baños LA PAJARITA color piedra satinado 750ml para muebles, mobiliario y carpintería;78929997;Pintura;;Novedades;30.65;EUR;extension-list;06.09.2026, 14:21:19;https://www.leroymerlin.es/productos/pintura-de-interior-cocinas-y-banos-pajarita-color-piedra-satinado-750ml-para-muebles-mobiliario-y-carpinteria-78929997.html
;Armario Basic 120x180x50cm Con 3 Puertas Color Blanco Y 3 Cajones;73363787;Basic;;Novedades;;;;06.09.2026, 14:21:19;https://www.leroymerlin.es/productos/armario-basic-120x180x50cm-con-3-puertas-color-blanco-y-3-cajones-73363787.html
https://www.leroymerlin.es/cdp-site/6.66.0/static/images/common/loader-v2.svg;INSPIRE;95494611;Inspire;;Novedades;7.99;EUR;extension-list;06.09.2026, 14:21:19;https://www.leroymerlin.es/productos/regleta-led-inspire-vilini-4000k-1100-lm-95494611.html
https://media.adeo.com/media/5717449/media.png?width=300;Set de 2 remates para rodapié de poliestireno color marrón HO2 Artens NAT348;71269184;Artens;NAT348;Novedades;2.45;EUR;extension-list;06.09.2026, 14:21:19;https://www.leroymerlin.es/productos/set-de-2-remates-para-rodapie-de-poliestireno-color-marron-ho2-artens-nat348-71269184.html
https://media.adeo.com/media/4888366/media.png?width=300;Bobina de hilo para cortabordes o desbrozadora de 2.5 mm y 30 m;95482054;Bobina;;Novedades;7.99;EUR;extension-list;06.09.2026, 14:20:54;https://www.leroymerlin.es/productos/bobina-de-hilo-para-cortabordes-desbrozadora-de-2-5-mm-y-30-m-95482054.html
https://media.adeo.com/media/3179159/media.png?width=300;Estuche 5 brocas hormig trian DEXTERpro;84732276;Dexter;;Novedades;14.99;EUR;extension-list;06.09.2026, 14:20:54;https://www.leroymerlin.es/productos/estuche-5-brocas-hormig-trian-dexterpro-84732276.html
https://media.adeo.com/media/5332325/media.png?width=300;Downlight empotrable negro redondo pintado compatible con bombilla GU10 INSPIRE Lecco ø8.2 cm IP65 - Foco empotrable para duchas;95494577;Tado;;Novedades;8.99;EUR;extension-list;06.09.2026, 14:20:54;https://www.leroymerlin.es/productos/downlight-empotrable-negro-redondo-pintado-compatible-con-bombilla-gu10-inspire-lecco-8-2-cm-ip65-foco-empotrable-para-duchas-95494577.html
https://www.leroymerlin.es/cdp-site/6.66.0/static/images/common/loader-v2.svg;REALITY;73114211;REALITY;;Novedades;84.99;EUR;extension-list;06.09.2026, 14:20:54;https://www.leroymerlin.es/productos/ventilador-de-techo-con-luz-silencioso-dc-30w-con-mando-106-cm-volda-reality-gris-luz-cct-3-aspas-retractiles-6-velocidades-modo-verano-invierno-recomendado-de-13-a-20m2-73114211.html
https://www.leroymerlin.es/cdp-site/6.66.0/static/images/common/loader-v2.svg;GEOLIA;96113310;Geolia;;Novedades;5.19;EUR;extension-list;06.09.2026, 14:20:54;https://www.leroymerlin.es/productos/adaptador-de-grifo-de-codo-articulado-geolia-96113310.html
;Escuadra De Ensamblaje Para Muebles De Acero Cincado 80x80x15 Mm Para Uso Exterior;94885844;Escuadra;;Novedades;0.69;EUR;extension-list;06.09.2026, 14:20:54;https://www.leroymerlin.es/productos/escuadra-de-ensamblaje-para-muebles-de-acero-cincado-80x80x15-mm-para-uso-exterior-94885844.html
https://www.leroymerlin.es/cdp-site/6.66.0/static/images/common/loader-v2.svg;DELINIA ID;97028624;Delinia Id;;Novedades;173.97;EUR;extension-list;06.09.2026, 14:20:54;https://www.leroymerlin.es/productos/mueble-bajo-de-cocina-delinia-id-viena-verde-mate-76-8x30-cm-botellero-especiero-extraible-97028624.html
;Escuadra De Ensamblaje En Acero Cincado 20 X 20 X 40 Mm;94885862;Escuadra;Cincado 20;Novedades;0.82;EUR;extension-list;06.09.2026, 14:20:54;https://www.leroymerlin.es/productos/escuadra-de-ensamblaje-en-acero-cincado-20-x-20-x-40-mm-94885862.html
https://media.adeo.com/media/3021235/media.jpg?width=300;Kit perfiles para mampara corredero negro Easy 70x190 cm;88103620;;;Novedades;;;;06.09.2026, 14:20:54;https://www.leroymerlin.es/productos/kit-perfiles-para-mampara-corredero-negro-easy-70x190-cm-88103620.html
;Suelo Vinilico Rollo Forte Hudson Pearl Booster Efecto Madera Natural De 30m;76689687;Suelo;;Novedades;479.4;EUR;extension-list;06.09.2026, 14:20:54;https://www.leroymerlin.es/productos/suelo-vinilico-rollo-forte-hudson-pearl-booster-efecto-madera-natural-de-30m-76689687.html
https://media.adeo.com/media/3198179/media.png?width=300;Panel solar ECOFLOW 400W;83321205;Ecoflow;;Novedades;;;;06.09.2026, 14:20:54;https://www.leroymerlin.es/productos/panel-solar-ecoflow-400w-83321205.html
https://www.leroymerlin.es/cdp-site/6.66.0/static/images/common/loader-v2.svg;LUXENS;85063295;;;Novedades;17.99;EUR;extension-list;06.09.2026, 14:20:54;https://www.leroymerlin.es/productos/esmalte-de-interior-multisuperficies-luxens-color-exotic-1-brillante-750ml-para-ventanas-85063295.html
https://media.adeo.com/media/2029477/media.jpg?width=300;Maceta cuadrada de polipropileno DEROMA Cubo Millennium 49 x 49 x 49 cm blanco con ruedas;73431686;Maceta;;Novedades;99.99;EUR;extension-list;06.09.2026, 14:20:54;https://www.leroymerlin.es/productos/maceta-cuadrada-de-polipropileno-deroma-cubo-millennium-49-x-49-x-49-cm-blanco-con-ruedas-73431686.html
https://www.leroymerlin.es/cdp-site/6.66.0/static/images/common/loader-v2.svg;DEXTER;93477875;Dexter;;Novedades;39.99;EUR;extension-list;06.09.2026, 14:20:54;https://www.leroymerlin.es/productos/zapato-trabajo-dexter-adft09-t42-93477875.html
;Juego 12 Llaves Combinadas;97012472;;;Novedades;4.99;EUR;extension-list;06.09.2026, 14:20:54;https://www.leroymerlin.es/productos/juego-12-llaves-combinadas-97012472.html
;Horno Multifuncion Candy Fidc X602 Ca Ix 65l 3 4kw Inox Clase A;94989274;Candy;;Novedades;;;;06.09.2026, 14:20:54;https://www.leroymerlin.es/productos/horno-multifuncion-candy-fidc-x602-ca-ix-65l-3-4kw-inox-clase-a-94989274.html
https://www.leroymerlin.es/cdp-site/6.66.0/static/images/common/loader-v2.svg;INSPIRE;98830139;Inspire;;Novedades;44.99;EUR;extension-list;06.09.2026, 14:20:54;https://www.leroymerlin.es/productos/visillo-cinta-frunce-trabillas-new-jara-poliester-voile-de-300x280cm-liso-blanco-inspire-98830139.html
https://www.leroymerlin.es/cdp-site/6.66.0/static/images/common/loader-v2.svg;NEWGARDEN;73060139;NEWGARDEN;;Novedades;29.99;EUR;extension-list;06.09.2026, 14:20:54;https://www.leroymerlin.es/productos/aplique-sin-cables-de-pared-marron-led-1-luz-tactil-recargable-newgarden-roll-4-wood-ip20-73060139.html
https://media.adeo.com/media/5434435/media.jpg?width=300;Ventilador de mano JISULIFE FAN LIVE 10W color gris;74733373;;;Novedades;21.88;EUR;extension-list;06.09.2026, 14:20:32;https://www.leroymerlin.es/productos/ventilador-de-mano-jisulife-fan-live-10w-color-gris-74733373.html
;Suelo Vinilico Rollo Forte Castle White Booster Efecto Madera Blanqueada De 30m;76689695;Suelo;;Novedades;479.4;EUR;extension-list;06.09.2026, 14:20:32;https://www.leroymerlin.es/productos/suelo-vinilico-rollo-forte-castle-white-booster-efecto-madera-blanqueada-de-30m-76689695.html
https://media.adeo.com/media/5215605/media.png?width=300;Zapatos de seguridad DEXTER S1P multicolor T41;96601845;Dexter;;Novedades;27.99;EUR;extension-list;06.09.2026, 14:20:32;https://www.leroymerlin.es/productos/zapatos-de-seguridad-dexter-s1p-multicolor-t41-96601845.html
;Alargadera Para Valvula De Corte Cuadrada Estrella;78870855;Alargadera;;Novedades;0.79;EUR;extension-list;06.09.2026, 14:20:32;https://www.leroymerlin.es/productos/alargadera-para-valvula-de-corte-cuadrada-estrella-78870855.html
https://www.leroymerlin.es/cdp-site/6.66.0/static/images/common/loader-v2.svg;DELINIA ID;98352701;Delinia Id;;Novedades;89.77;EUR;extension-list;06.09.2026, 14:20:32;https://www.leroymerlin.es/productos/mueble-alto-de-cocina-delinia-id-chester-madera-76-8x60-cm-1pta-98352701.html
;Cuerda De Polipropileno 25 M De Longitud Y 50 Kg De Carga Util;98829170;Cuerda;;Novedades;4.99;EUR;extension-list;06.09.2026, 14:20:32;https://www.leroymerlin.es/productos/cuerda-de-polipropileno-25-m-de-longitud-y-50-kg-de-carga-util-98829170.html
;Mesa De Jardin De Comedor De Acero Alhambra Multicolor De 160x70 5x90 Cm;70833383;;;Novedades;;;;06.09.2026, 14:20:32;https://www.leroymerlin.es/productos/mesa-de-jardin-de-comedor-de-acero-alhambra-multicolor-de-160x70-5x90-cm-70833383.html
;Set De Sofas Y Mesa Baja Zeno De Resina Para 4 Personas;98917342;;;Novedades;;;;06.09.2026, 14:20:32;https://www.leroymerlin.es/productos/set-de-sofas-y-mesa-baja-zeno-de-resina-para-4-personas-98917342.html
https://www.leroymerlin.es/cdp-site/6.66.0/static/images/common/loader-v2.svg;DELINIA ID;96186784;Delinia Id;;Novedades;26.79;EUR;extension-list;06.09.2026, 14:20:32;https://www.leroymerlin.es/productos/frente-para-cajon-de-mueble-de-cocina-delinia-id-chester-lino-mate-alt-38-4-x-an-80-cm-96186784.html
https://media.adeo.com/media/5744307/media.png?width=300;Placa policarbonato gran onda 2.5x0.98 m x 0.8 mm;98598659;Placa;;Novedades;27.49;EUR;extension-list;06.09.2026, 14:20:32;https://www.leroymerlin.es/productos/placa-policarbonato-gran-onda-2-5x0-98-m-x-0-8-mm-98598659.html
https://media.adeo.com/media/5500842/media.png?width=300;Encimera de cocina laminada Chester Roble miel mate 245x63 cm espesor 30mm;99101337;Encimera;;Novedades;70.99;EUR;extension-list;06.09.2026, 14:20:32;https://www.leroymerlin.es/productos/encimera-de-cocina-laminada-chester-roble-miel-mate-245x63-cm-espesor-30mm-99101337.html
https://www.leroymerlin.es/cdp-site/6.66.0/static/images/common/loader-v2.svg;INSPIRE;95102263;Inspire;;Novedades;15.99;EUR;extension-list;06.09.2026, 14:20:32;https://www.leroymerlin.es/productos/juego-de-manilla-con-roseta-inspire-serie-sara-en-acero-inoxidable-titanio-95102263.html
https://www.leroymerlin.es/cdp-site/6.66.0/static/images/common/loader-v2.svg;DEXTER;96601838;Dexter;;Novedades;27.99;EUR;extension-list;06.09.2026, 14:20:32;https://www.leroymerlin.es/productos/zapatos-de-seguridad-dexter-s1p-multicolor-t44-96601838.html
;Kit De Conexion Bitubo Pre Aislado 5m 1 4 3 8;76974381;;;Novedades;54.95;EUR;extension-list;06.09.2026, 14:20:32;https://www.leroymerlin.es/productos/kit-de-conexion-bitubo-pre-aislado-5m-1-4-3-8-76974381.html
https://media.adeo.com/media/5456247/media.png?width=300;Organizador transparentes TL DEXTER;96939426;Dexter;;Novedades;9.99;EUR;extension-list;06.09.2026, 14:20:32;https://www.leroymerlin.es/productos/organizador-transparentes-tl-dexter-96939426.html
https://media.adeo.com/media/2030355/media.jpg?width=300;Maceta cuadrada de polipropileno DEROMA CUBO MILLENNIUM R RA C/R BROWNSTONE 49cm marrón con ruedas;73429824;Maceta;;Novedades;99.99;EUR;extension-list;06.09.2026, 14:20:32;https://www.leroymerlin.es/productos/maceta-cuadrada-de-polipropileno-deroma-cubo-millennium-r-ra-c-r-brownstone-49cm-marron-con-ruedas-73429824.html
https://www.leroymerlin.es/cdp-site/6.66.0/static/images/common/loader-v2.svg;SPACEO;96038707;Spaceo;;Novedades;19.99;EUR;extension-list;06.09.2026, 14:20:32;https://www.leroymerlin.es/productos/estante-spaceo-kub-1x1-blanco-alt-36-1-x-an-36-0-x-fdo-31-7-cm-96038707.html
https://www.leroymerlin.es/cdp-site/6.66.0/static/images/common/loader-v2.svg;JOSEPH JOSEPH;71228598;JOSEPH;;Novedades;12.99;EUR;extension-list;06.09.2026, 14:20:32;https://www.leroymerlin.es/productos/organizador-de-bolsas-y-rollos-de-cocina-joseph-joseph-71228598.html
;Kit De 2 Correas De Sujecion Con Tensor De Carraca De 5 M Y Carga Max 700 Kg;98829168;;;Novedades;8.99;EUR;extension-list;06.09.2026, 14:20:07;https://www.leroymerlin.es/productos/kit-de-2-correas-de-sujecion-con-tensor-de-carraca-de-5-m-y-carga-max-700-kg-98829168.html
https://www.leroymerlin.es/cdp-site/6.66.0/static/images/common/loader-v2.svg;DEXTER;95593050;Dexter;;Novedades;;;;06.09.2026, 14:20:07;https://www.leroymerlin.es/productos/ventosa-dexter-2-baterias-12v-cargador-95593050.html
https://www.leroymerlin.es/cdp-site/6.66.0/static/images/common/loader-v2.svg;LUXENS;85063277;LUXENS;;Novedades;17.99;EUR;extension-list;06.09.2026, 14:20:07;https://www.leroymerlin.es/productos/esmalte-de-interior-multisuperficies-luxens-color-elixir-4-satinado-750ml-para-ventanas-85063277.html
https://www.leroymerlin.es/cdp-site/6.66.0/static/images/common/loader-v2.svg;COMPACTOR;78513247;Compac;;Novedades;16.96;EUR;extension-list;06.09.2026, 14:20:07;https://www.leroymerlin.es/productos/cesto-de-ropa-con-tapa-bamboo-negro-40x60x60cm-78513247.html
;Tira Led Por Metro 220 240v Alverlamp Ip65 Apto Para Exteriores 1284 Lm Luz Blanco Neutro 4000k Corte C 10cm;73233639;Tira;Metro 220;Novedades;5.79;EUR;extension-list;06.09.2026, 14:20:07;https://www.leroymerlin.es/productos/tira-led-por-metro-220-240v-alverlamp-ip65-apto-para-exteriores-1284-lm-luz-blanco-neutro-4000k-corte-c-10cm-73233639.html
https://media.adeo.com/media/5760905/media.jpg?width=300;Micromódulo relé NIVIAN 2 canales Wi-Fi y Bluetooth;78701795;Nivian;NIVIAN 2;Novedades;9.99;EUR;extension-list;06.09.2026, 14:20:07;https://www.leroymerlin.es/productos/micromodulo-rele-nivian-2-canales-wi-fi-y-bluetooth-78701795.html
https://www.leroymerlin.es/cdp-site/6.66.0/static/images/common/loader-v2.svg;EQUATION;95183971;Equation;;Novedades;7.89;EUR;extension-list;06.09.2026, 14:20:07;https://www.leroymerlin.es/productos/sumidero-sifonico-equation-inoxidable-salida-horizontal-10x10cm-50mm-95183971.html
;Cinta Adhesiva Transparente 66 M Cpkpr003;15306165;Cinta;M Cpkpr003;Novedades;3.09;EUR;extension-list;06.09.2026, 14:20:07;https://www.leroymerlin.es/productos/cinta-adhesiva-transparente-66-m-cpkpr003-15306165.html
https://www.leroymerlin.es/cdp-site/6.66.0/static/images/common/loader-v2.svg;LEIFHEIT;77298211;Leifheit;;Novedades;9.79;EUR;extension-list;06.09.2026, 14:20:07;https://www.leroymerlin.es/productos/funda-de-plancha-de-algodon-leifheit-estampado-flores-112x34-77298211.html
;Maceta Redonda De Polipropileno Deroma Vaso Alto Millennium 44 Cm Y 54 Cm Altura Blanco;73427990;Maceta;;Novedades;65.99;EUR;extension-list;06.09.2026, 14:20:07;https://www.leroymerlin.es/productos/maceta-redonda-de-polipropileno-deroma-vaso-alto-millennium-44-cm-y-54-cm-altura-blanco-73427990.html
https://www.leroymerlin.es/cdp-site/6.66.0/static/images/common/loader-v2.svg;ARTENS;96048785;Artens;;Novedades;31.66;EUR;extension-list;06.09.2026, 14:20:07;https://www.leroymerlin.es/productos/suelo-vinilico-spc-en-clic-medio-cocona-3-5mm-espesor-artens-bl005-96048785.html
https://media.adeo.com/media/5499991/media.jpg?width=300;Ventilador de techo con luz retráctil silencioso DC 30W con mando ø106 cm Kerava REALITY blanco luz CCT 3 aspas| 6 velocidades| modo verano/invierno| recomendado de 13 a 20m²;73114268;;;Novedades;74.99;EUR;extension-list;06.09.2026, 14:20:07;https://www.leroymerlin.es/productos/ventilador-de-techo-con-luz-retractil-silencioso-dc-30w-con-mando-106-cm-kerava-reality-blanco-luz-cct-3-aspas-6-velocidades-modo-verano-invierno-recomendado-de-13-a-20m2-73114268.html
https://media.adeo.com/media/4285126/media.jpg?width=300;Mueble de baño con lavabo y auxiliar de baño Madrid 100x45;78706008;Mueble;;Novedades;491.68;EUR;extension-list;06.09.2026, 14:20:07;https://www.leroymerlin.es/productos/mueble-de-bano-con-lavabo-y-auxiliar-de-bano-madrid-100x45-78706008.html
https://www.leroymerlin.es/cdp-site/6.66.0/static/images/common/loader-v2.svg;DELINIA ID;96186823;Delinia Id;;Novedades;39.99;EUR;extension-list;06.09.2026, 14:20:07;https://www.leroymerlin.es/productos/puerta-para-mueble-de-cocina-delinia-id-chester-lino-mate-alt-64-x-an-60-cm-96186823.html
https://media.adeo.com/media/3479963/media.png?width=300;Termo eléctrico Haier A3 ES 30l vertical;87542643;Haier;;Novedades;94.08;EUR;extension-list;06.09.2026, 14:20:07;https://www.leroymerlin.es/productos/termo-electrico-haier-a3-es-30l-vertical-87542643.html
https://media.adeo.com/media/5381664/media.jpg?width=300;Skimmer solar automático de piscina Surfer S2 Aiper;96465062;Skimmer;;Novedades;;;;06.09.2026, 14:20:07;https://www.leroymerlin.es/productos/skimmer-solar-automatico-de-piscina-surfer-s2-aiper-96465062.html
https://media.adeo.com/media/5744307/media.png?width=300;Placa policarbonato gran onda 3 x 0.98 m x 0.8 mm;74155226;Placa;;Novedades;27.9;EUR;extension-list;06.09.2026, 14:20:07;https://www.leroymerlin.es/productos/placa-policarbonato-gran-onda-3-x-0-98-m-x-0-8-mm-74155226.html
https://www.leroymerlin.es/cdp-site/6.66.0/static/images/common/loader-v2.svg;SPACEO;96038720;Spaceo;;Novedades;44.99;EUR;extension-list;06.09.2026, 14:20:07;https://www.leroymerlin.es/productos/estante-spaceo-kub-3x1-blanco-alt-104-9-x-an-36-x-fdo-31-7-cm-96038720.html
;Liston De Madera En Bruto De Abeto Natural De 38x38x2400mm;66126221;Liston;;Novedades;6.29;EUR;extension-list;06.09.2026, 14:19:44;https://www.leroymerlin.es/productos/liston-de-madera-en-bruto-de-abeto-natural-de-38x38x2400mm-66126221.html
https://www.leroymerlin.es/cdp-site/6.66.0/static/images/common/loader-v2.svg;KERAKOLL;78711637;Kerakoll;;Novedades;18.79;EUR;extension-list;06.09.2026, 14:19:44;https://www.leroymerlin.es/productos/mortero-para-juntas-fugabella-kerakoll-color-kk103-3kg-78711637.html
;Visillo Ollaos Lilou Poliester De 300x240cm Liso Blanco Incluye Cinta Termoadhesiva;87565760;Visillo;De 300x240cm;Novedades;32.99;EUR;extension-list;06.09.2026, 14:19:44;https://www.leroymerlin.es/productos/visillo-ollaos-lilou-poliester-de-300x240cm-liso-blanco-incluye-cinta-termoadhesiva-87565760.html
https://www.leroymerlin.es/cdp-site/6.66.0/static/images/common/loader-v2.svg;EGLO;98601767;Eglo;;Novedades;;;;06.09.2026, 14:19:44;https://www.leroymerlin.es/productos/ventilador-de-techo-con-luz-silencioso-dc-21w-con-mando-77-cm-riomaggiore-eglo-blanco-luz-cct-3-aspas-retractiles-tipo-lampara-6-velocidades-temporizador-recomendado-para-13m2-98601767.html
https://media.adeo.com/media/3861702/media.jpg?width=300;Jardinera rectangular de polipropileno DEROMA 99 x 39 x 38 cm gris con ruedas;73429887;Jardinera;DEROMA 99;Novedades;;;;06.09.2026, 14:19:44;https://www.leroymerlin.es/productos/jardinera-rectangular-de-polipropileno-deroma-99-x-39-x-38-cm-gris-con-ruedas-73429887.html
;Sofa De Exterior De Aluminio Bryde Negro;89123976;Sofa;;Novedades;273.91;EUR;extension-list;06.09.2026, 14:19:44;https://www.leroymerlin.es/productos/sofa-de-exterior-de-aluminio-bryde-negro-89123976.html
https://media.adeo.com/media/5402836/media.jpg?width=300;Suelo vinílico rollo Forte Texline Nature Confetti Beige efecto cerámico de 3m;74581662;Suelo;;Novedades;17.99;EUR;extension-list;06.09.2026, 14:19:44;https://www.leroymerlin.es/productos/suelo-vinilico-rollo-forte-texline-nature-confetti-beige-efecto-ceramico-de-3m-74581662.html
https://media.adeo.com/media/5780423/media.jpg?width=300;Micromódulo relé regulador NIVIAN 1 canal Wi-Fi y Bluetooth;97408486;Nivian;NIVIAN 1;Novedades;10.49;EUR;extension-list;06.09.2026, 14:19:44;https://www.leroymerlin.es/productos/micromodulo-rele-regulador-nivian-1-canal-wi-fi-y-bluetooth-97408486.html
https://media.adeo.com/media/5238517/media.png?width=300;Porta manguera no equipada con ruedas 30m 15mm;95317564;Porta;;Novedades;26.99;EUR;extension-list;06.09.2026, 14:19:44;https://www.leroymerlin.es/productos/porta-manguera-no-equipada-con-ruedas-30m-15mm-95317564.html
https://www.leroymerlin.es/cdp-site/6.66.0/static/images/common/loader-v2.svg;LEXMAN;96417727;Lexman;;Novedades;12.99;EUR;extension-list;06.09.2026, 14:19:44;https://www.leroymerlin.es/productos/linterna-led-lexman-500-lumenes-96417727.html
https://www.leroymerlin.es/cdp-site/6.66.0/static/images/common/loader-v2.svg;NIVIAN;85808995;Nivian;;Novedades;20.99;EUR;extension-list;06.09.2026, 14:19:44;https://www.leroymerlin.es/productos/camara-de-vigilancia-nivian-interior-rotativa-2k-wi-fi-bluetooth-85808995.html
https://www.leroymerlin.es/cdp-site/6.66.0/static/images/common/loader-v2.svg;INSPIRE;79651172;Inspire;;Novedades;59.98;EUR;extension-list;06.09.2026, 14:19:44;https://www.leroymerlin.es/productos/pack-2-apliques-solar-exterior-hibrido-luz-led-blanco-calido-blanco-neutro-blanco-frio-regulable-inspire-hybrid-negro-con-sensor-crepuscular-y-detector-de-movimiento-ip54-79651172.html
https://www.leroymerlin.es/cdp-site/6.66.0/static/images/common/loader-v2.svg;ARTENS;95929429;Artens;;Novedades;66.26;EUR;extension-list;06.09.2026, 14:19:44;https://www.leroymerlin.es/productos/revestimiento-de-pared-y-techo-decorativo-efecto-marmol-de-pvc-artens-renolam-alveolar-blanco-260x37-5cm-95929429.html
https://www.leroymerlin.es/cdp-site/6.66.0/static/images/common/loader-v2.svg;BELLOTA;98630145;Bellota;;Novedades;68.99;EUR;extension-list;06.09.2026, 14:19:44;https://www.leroymerlin.es/productos/zapatos-de-seguridad-bellota-space-s1ps-negro-t44-98630145.html
https://media.adeo.com/media/5387856/media.jpg?width=300;Base de 8 tomas con protecciones 6.500A + USB A + C BYIMTEK FlexiProtect 17W 1.9M negro;98420550;Base;6.500A;Novedades;28.99;EUR;extension-list;06.09.2026, 14:19:44;https://www.leroymerlin.es/productos/base-de-8-tomas-con-protecciones-6-500a-usb-a-c-byimtek-flexiprotect-17w-1-9m-negro-98420550.html
https://media.adeo.com/media/5268139/media.png?width=300;Aspirador industrial DEXTER PRO - alimentación red eléctrica - 1500 W - Capacidad del depósito 30 L y de polipropileno;96058797;Dexter Pro;;Novedades;;;;06.09.2026, 14:19:44;https://www.leroymerlin.es/productos/aspirador-industrial-dexter-pro-alimentacion-red-electrica-1500-w-capacidad-del-deposito-30-l-y-de-polipropileno-96058797.html
;Maceta Red Jack De Cemento Beige 10cm;89638197;;;Novedades;3.99;EUR;extension-list;06.09.2026, 14:19:44;https://www.leroymerlin.es/productos/maceta-red-jack-de-cemento-beige-10cm-89638197.html
https://www.leroymerlin.es/cdp-site/6.66.0/static/images/common/loader-v2.svg;TAYG;14723765;Tayg;;Novedades;1.16;EUR;extension-list;06.09.2026, 14:19:44;https://www.leroymerlin.es/productos/gaveta-de-plastico-en-azul-de-10x8x17-cm-14723765.html
https://media.adeo.com/media/5271384/media.jpg?width=300;Aplique de pared exterior resistente al agua Kofu INSPIRE de vidrio gris y de aluminio compatible con casquillo GU10 IP44;95420584;Aplique;;Novedades;10.99;EUR;extension-list;06.09.2026, 14:19:20;https://www.leroymerlin.es/productos/aplique-de-pared-exterior-resistente-al-agua-kofu-inspire-de-vidrio-gris-y-de-aluminio-compatible-con-casquillo-gu10-ip44-95420584.html
https://www.leroymerlin.es/cdp-site/6.66.0/static/images/common/loader-v2.svg;LUXENS;84317627;Pintura;2.5L;Novedades;8.52;EUR;extension-list;06.09.2026, 14:19:20;https://www.leroymerlin.es/productos/pintura-de-interior-biobase-luxens-color-miami-1-mate-2-5l-para-paredes-y-techos-84317627.html
https://www.leroymerlin.es/cdp-site/6.66.0/static/images/common/loader-v2.svg;SENSEA;97158396;Sensea;;Novedades;34.99;EUR;extension-list;06.09.2026, 14:19:20;https://www.leroymerlin.es/productos/grifo-de-lavabo-sensea-icone-monomando-cromo-brillo-apertura-en-frio-antical-laton-97158396.html
https://www.leroymerlin.es/cdp-site/6.66.0/static/images/common/loader-v2.svg;TURFGRASS;93998554;TURFGRASS;;Novedades;71.49;EUR;extension-list;06.09.2026, 14:19:20;https://www.leroymerlin.es/productos/rollo-de-cesped-artificial-turfgrass-mallorca-1x5m-de-33-mm-de-altura-de-fibras-y-24150-puntadas-m2-93998554.html
;Lavabo Encastrado Serie Porcelanico Blanco Travertino 101x1 5x46 Cm;77972035;Lavabo;;Novedades;;;;06.09.2026, 14:19:20;https://www.leroymerlin.es/productos/lavabo-encastrado-serie-porcelanico-blanco-travertino-101x1-5x46-cm-77972035.html
https://media.adeo.com/media/5692107/media.jpg?width=300;Papel pintado No tejido Naturaleza azul Jardins 2747 ICH. De 53cm x 10m. Lavable. Método de pegado: aplicación cola en pared;72123943;Tado;;Novedades;24.99;EUR;extension-list;06.09.2026, 14:19:20;https://www.leroymerlin.es/productos/papel-pintado-no-tejido-naturaleza-azul-jardins-2747-ich-de-53cm-x-10m-lavable-metodo-de-pegado-aplicacion-cola-en-pared-72123943.html
https://www.leroymerlin.es/cdp-site/6.66.0/static/images/common/loader-v2.svg;SENSEA;95188259;Sensea;;Novedades;29.99;EUR;extension-list;06.09.2026, 14:19:20;https://www.leroymerlin.es/productos/tapa-wc-easy-round-sensea-negro-95188259.html
;Suelo Vinilico Rollo Forte Booster Luna Grey Efecto Cemento De 1 5m Producto A Medida No Admite Devolucion;92544369;Gre;;Novedades;9.99;EUR;extension-list;06.09.2026, 14:19:20;https://www.leroymerlin.es/productos/suelo-vinilico-rollo-forte-booster-luna-grey-efecto-cemento-de-1-5m-producto-a-medida-no-admite-devolucion-92544369.html
https://www.leroymerlin.es/cdp-site/6.66.0/static/images/common/loader-v2.svg;LUXENS;85063265;LUXENS;;Novedades;17.99;EUR;extension-list;06.09.2026, 14:19:20;https://www.leroymerlin.es/productos/esmalte-de-interior-multisuperficies-luxens-color-candy-6-mate-750ml-para-ventanas-85063265.html
;Toallero De Aro Cromo Brillante Fusion Aquasanit 16 5x19 2x5 3 Cm;79647343;Toallero;;Novedades;9.99;EUR;extension-list;06.09.2026, 14:19:20;https://www.leroymerlin.es/productos/toallero-de-aro-cromo-brillante-fusion-aquasanit-16-5x19-2x5-3-cm-79647343.html
;Bandeja Pongo Todo Enara Moon Gris Plata 21 7x2 Cm;79763551;Bandeja;;Novedades;14.99;EUR;extension-list;06.09.2026, 14:19:20;https://www.leroymerlin.es/productos/bandeja-pongo-todo-enara-moon-gris-plata-21-7x2-cm-79763551.html
;Suelo Vinilico Rollo Forte Booster Sherwood Nature Efecto Madera Natural De 1 5m;84315621;Suelo;;Novedades;9.99;EUR;extension-list;06.09.2026, 14:19:20;https://www.leroymerlin.es/productos/suelo-vinilico-rollo-forte-booster-sherwood-nature-efecto-madera-natural-de-1-5m-84315621.html
https://www.leroymerlin.es/cdp-site/6.66.0/static/images/common/loader-v2.svg;BOSCH;78452048;Bosch;;Novedades;579.99;EUR;extension-list;06.09.2026, 14:19:20;https://www.leroymerlin.es/productos/lavavajillas-integrable-bosch-sph4ekx17e-10-cubiertos-6-programas-con-inicio-diferido-inox-45cm-clase-b-78452048.html
https://www.leroymerlin.es/cdp-site/6.66.0/static/images/common/loader-v2.svg;DELINIA;95015077;Delinia;;Novedades;59.99;EUR;extension-list;06.09.2026, 14:19:20;https://www.leroymerlin.es/productos/grifo-de-cocina-monomando-cano-alto-delinia-lily-extraible-2-funciones-cromo-brillo-95015077.html
https://media.adeo.com/media/5408329/media.jpg?width=300;Aire acondicionado multisplit 2x1 CORBERÓ ECO PRO A+++ 2000 fg + 3000 fg Wi-Fi;98798953;Corberó;;Novedades;;;;06.09.2026, 14:19:20;https://www.leroymerlin.es/productos/aire-acondicionado-multisplit-2x1-corbero-eco-pro-a-2000-fg-3000-fg-wi-fi-98798953.html
https://media.adeo.com/media/568372/media.png?width=300;Marco Divy Black negro 20 x 20 cm INSPIRE;82331616;Inspire;;Novedades;21.99;EUR;extension-list;06.09.2026, 14:19:20;https://www.leroymerlin.es/productos/marco-divy-black-negro-20-x-20-cm-inspire-82331616.html
https://media.adeo.com/media/5695252/media.jpg?width=300;Manta franela EMBRACE INSPIRE poliéster liso marrón de 130x170 cm;98629568;Inspire;;Novedades;29.99;EUR;extension-list;06.09.2026, 14:19:20;https://www.leroymerlin.es/productos/manta-franela-embrace-inspire-poliester-liso-marron-de-130x170-cm-98629568.html
https://media.adeo.com/media/5659390/media.jpg?width=300;Huevera para nevera con capacidad de 15 huevos 9x16x27 cm;78410931;Capa;;Novedades;10.99;EUR;extension-list;06.09.2026, 14:19:20;https://www.leroymerlin.es/productos/huevera-para-nevera-con-capacidad-de-15-huevos-9x16x27-cm-78410931.html
;Escuadra En Angulo De Acero Cincado 60 X 40 X 12 Cm;94885856;Escuadra;Cincado 60;Novedades;0.79;EUR;extension-list;06.09.2026, 14:18:58;https://www.leroymerlin.es/productos/escuadra-en-angulo-de-acero-cincado-60-x-40-x-12-cm-94885856.html
https://www.leroymerlin.es/cdp-site/6.66.0/static/images/common/loader-v2.svg;KERAKOLL;78711488;Kerakoll;;Novedades;16.49;EUR;extension-list;06.09.2026, 14:18:58;https://www.leroymerlin.es/productos/mortero-para-juntas-fugabella-kerakoll-color-kk156-3kg-78711488.html
https://www.leroymerlin.es/cdp-site/6.66.0/static/images/common/loader-v2.svg;GEDY;95043022;Gedy;;Novedades;19.99;EUR;extension-list;06.09.2026, 14:18:58;https://www.leroymerlin.es/productos/escobillero-ylenia-beige-95043022.html
https://www.leroymerlin.es/cdp-site/6.66.0/static/images/common/loader-v2.svg;LUXENS;85063238;LUXENS;;Novedades;17.99;EUR;extension-list;06.09.2026, 14:18:58;https://www.leroymerlin.es/productos/esmalte-de-interior-multisuperficies-luxens-color-celadon-4-brillante-750ml-para-ventanas-85063238.html
;Suelo Vinilico Rollo Forte Shade Light Grey Booster Efecto Piedra De 30m Producto A Medida No Admite Devolucion;76689519;Gre;;Novedades;479.4;EUR;extension-list;06.09.2026, 14:18:58;https://www.leroymerlin.es/productos/suelo-vinilico-rollo-forte-shade-light-grey-booster-efecto-piedra-de-30m-producto-a-medida-no-admite-devolucion-76689519.html
;Maceta Cuadrada De Polipropileno Deroma Cubo Millennium 49 X 49 X 49 Cm Gris;73432345;Maceta;;Novedades;99.99;EUR;extension-list;06.09.2026, 14:18:58;https://www.leroymerlin.es/productos/maceta-cuadrada-de-polipropileno-deroma-cubo-millennium-49-x-49-x-49-cm-gris-73432345.html
;Escuadra De Acero Para Montaje De 160x22 Mm;94885847;Escuadra;;Novedades;0.99;EUR;extension-list;06.09.2026, 14:18:58;https://www.leroymerlin.es/productos/escuadra-de-acero-para-montaje-de-160x22-mm-94885847.html
;Revestimiento De Pared Decorativo Efecto Marmol Vinilico Spc Marbre Calacatta Blanco De 260x120cm;98886099;Revestimiento;;Novedades;218.34;EUR;extension-list;06.09.2026, 14:18:58;https://www.leroymerlin.es/productos/revestimiento-de-pared-decorativo-efecto-marmol-vinilico-spc-marbre-calacatta-blanco-de-260x120cm-98886099.html
https://www.leroymerlin.es/cdp-site/6.66.0/static/images/common/loader-v2.svg;DELINIA;95573758;Delinia;;Novedades;66.99;EUR;extension-list;06.09.2026, 14:18:58;https://www.leroymerlin.es/productos/grifo-de-cocina-monomando-delinia-casual-extraible-2-funciones-cromo-brillo-95573758.html
;Suelo Vinilico Rollo Forte Cordoba Black White Booster Efecto Piedra De 30m;89193153;Suelo;;Novedades;479.4;EUR;extension-list;06.09.2026, 14:18:58;https://www.leroymerlin.es/productos/suelo-vinilico-rollo-forte-cordoba-black-white-booster-efecto-piedra-de-30m-89193153.html
https://media.adeo.com/media/5655302/media.png?width=300;Cemento II/C 32,5 N CEMEX gris de 25kg;78970083;Cemento;;Novedades;0.19;EUR;extension-list;06.09.2026, 14:18:58;https://www.leroymerlin.es/productos/cemento-ii-c-32-5-n-cemex-gris-de-25kg-78970083.html
https://media.adeo.com/media/5160138/media.png?width=300;Cojín de suelo interior cuadrado New Luck algodón azul ink INSPIRE. Compuesto por tres cojines de 45 x 45 cm unidos.;96357054;LG;;Novedades;29.99;EUR;extension-list;06.09.2026, 14:18:58;https://www.leroymerlin.es/productos/cojin-de-suelo-interior-cuadrado-new-luck-algodon-azul-ink-inspire-compuesto-por-tres-cojines-de-45-x-45-cm-unidos-96357054.html
https://media.adeo.com/media/5395349/media.png?width=300;Kit herramientas variadas 71 piezas;95482037;;;Novedades;20.99;EUR;extension-list;06.09.2026, 14:18:58;https://www.leroymerlin.es/productos/kit-herramientas-variadas-71-piezas-95482037.html
https://media.adeo.com/media/5277063/media.png?width=300;2 Cajones para mueble de almacenamiento Spaceo Kub roble 15.8x32.8 cm;96038725;Spaceo;;Novedades;39.99;EUR;extension-list;06.09.2026, 14:18:58;https://www.leroymerlin.es/productos/2-cajones-para-mueble-de-almacenamiento-spaceo-kub-roble-15-8x32-8-cm-96038725.html
https://media.adeo.com/media/5441429/media.png?width=300;Tubo ventilación VMC Macho-Macho 1,5 metros Ø 100 mm;77097697;Tubo;;Novedades;8.26;EUR;extension-list;06.09.2026, 14:18:58;https://www.leroymerlin.es/productos/tubo-ventilacion-vmc-macho-macho-1-5-metros-100-mm-77097697.html
https://media.adeo.com/media/5570871/media.jpg?width=300;Kit de 5 tapetas en L de MDF Ibiza/Menorca extensibles de 2200x70x10/8mm;70381023;;;Novedades;28.99;EUR;extension-list;06.09.2026, 14:18:58;https://www.leroymerlin.es/productos/kit-de-5-tapetas-en-l-de-mdf-ibiza-menorca-extensibles-de-2200x70x10-8mm-70381023.html
https://www.leroymerlin.es/cdp-site/6.66.0/static/images/common/loader-v2.svg;INSPIRE;96357043;Inspire;;Novedades;49.99;EUR;extension-list;06.09.2026, 14:18:58;https://www.leroymerlin.es/productos/cojin-de-suelo-interior-rectangular-new-luck-algodon-beige-trench-inspire-60x120x12-cm-96357043.html
https://www.leroymerlin.es/cdp-site/6.66.0/static/images/common/loader-v2.svg;SPACEO;91271662;Spaceo;;Novedades;32.99;EUR;extension-list;06.09.2026, 14:18:58;https://www.leroymerlin.es/productos/estante-de-pared-decorativo-blanco-60-x-20-cm-91271662.html
https://www.leroymerlin.es/cdp-site/6.66.0/static/images/common/loader-v2.svg;GAYA FORES;75053496;GAYA;;Novedades;7.96;EUR;extension-list;06.09.2026, 14:18:33;https://www.leroymerlin.es/productos/pack-de-4-rodapies-pasta-blanca-saona-33-15x8-cm-terracota-gris-claro-gaya-fores-75053496.html
https://media.adeo.com/media/5388754/media.jpg?width=300;Cuadro pintura impresa enmarcada Abstracto rectangular de 50 x 70 cm. MDF Motus lila y blanco. Marco color Castaño;98601777;Cuadro;;Novedades;19.99;EUR;extension-list;06.09.2026, 14:18:33;https://www.leroymerlin.es/productos/cuadro-pintura-impresa-enmarcada-abstracto-rectangular-de-50-x-70-cm-mdf-motus-lila-y-blanco-marco-color-castano-98601777.html
https://www.leroymerlin.es/cdp-site/6.66.0/static/images/common/loader-v2.svg;DELINIA ID;86449984;Delinia Id;;Novedades;48.99;EUR;extension-list;06.09.2026, 14:18:33;https://www.leroymerlin.es/productos/puerta-para-mueble-de-cocina-delinia-id-tokyo-lino-mate-alt-76-8-x-an-15-cm-86449984.html
https://www.leroymerlin.es/cdp-site/6.66.0/static/images/common/loader-v2.svg;SIMON;78072717;Simon;;Novedades;17.99;EUR;extension-list;06.09.2026, 14:18:33;https://www.leroymerlin.es/productos/ladron-de-2-tomas-usb-a-usb-c-simon-giratorio-16a-78072717.html
https://media.adeo.com/media/5692110/media.jpg?width=300;Papel pintado vinilo aplicación cola en pared Terranova gris GRANDECOLIFE 53cmx10m superlavable;79834677;Tado;;Novedades;6.98;EUR;extension-list;06.09.2026, 14:18:33;https://www.leroymerlin.es/productos/papel-pintado-vinilo-aplicacion-cola-en-pared-terranova-gris-grandecolife-53cmx10m-superlavable-79834677.html
https://media.adeo.com/media/5240032/media.png?width=300;Tenaza rusa 220mm;18800671;Tenaza;;Novedades;8.99;EUR;extension-list;06.09.2026, 14:18:33;https://www.leroymerlin.es/productos/tenaza-rusa-220mm-18800671.html
https://media.adeo.com/media/5581241/media.jpg?width=300;Kit de 5 tapetas de MDF acanaladas Salvia de 2200x80x16/13mm;72782995;;;Novedades;58.99;EUR;extension-list;06.09.2026, 14:18:33;https://www.leroymerlin.es/productos/kit-de-5-tapetas-de-mdf-acanaladas-salvia-de-2200x80x16-13mm-72782995.html
https://media.adeo.com/media/4989950/media.jpg?width=300;Estante mural en L en color negro para panel acústico de 3.2x0.6x10cm y carga máx de 5kg;97149750;Estante;;Novedades;;;;06.09.2026, 14:18:33;https://www.leroymerlin.es/productos/estante-mural-en-l-en-color-negro-para-panel-acustico-de-3-2x0-6x10cm-y-carga-max-de-5kg-97149750.html
https://media.adeo.com/media/4880785/media.png?width=300;Escuadra de ensamblaje para muebles de acero cincado 50x50x40 mm, para uso interior;94885748;Escuadra;;Novedades;1.79;EUR;extension-list;06.09.2026, 14:18:33;https://www.leroymerlin.es/productos/escuadra-en-angulo-ancha-de-acero-cincado-50-x-50-x-40-mm-94885748.html
;Cuadro Pintura Impresa Enmarcada Arte Rectangular De 51 X 71 Cm Mdf Matisse Abs Multicolor Marco Color Haya;79024083;Cuadro;;Novedades;35.99;EUR;extension-list;06.09.2026, 14:18:33;https://www.leroymerlin.es/productos/cuadro-pintura-impresa-enmarcada-arte-rectangular-de-51-x-71-cm-mdf-matisse-abs-multicolor-marco-color-haya-79024083.html
;Suelo Vinilico Rollo Intenso Texline Provence Creme Efecto Cemento De 4m Producto A Medida No Admite Devolucion;82363541;Suelo;;Novedades;17.99;EUR;extension-list;06.09.2026, 14:18:33;https://www.leroymerlin.es/productos/suelo-vinilico-rollo-intenso-texline-provence-creme-efecto-cemento-de-4m-producto-a-medida-no-admite-devolucion-82363541.html
https://www.leroymerlin.es/cdp-site/6.66.0/static/images/common/loader-v2.svg;DINAK;77097635;DINAK;;Novedades;18.88;EUR;extension-list;06.09.2026, 14:18:33;https://www.leroymerlin.es/productos/tubo-ventilacion-vmc-macho-macho-1-5-metros-150-mm-77097635.html
https://www.leroymerlin.es/cdp-site/6.66.0/static/images/common/loader-v2.svg;LUXENS;82984012;;;Novedades;3.32;EUR;extension-list;06.09.2026, 14:18:33;https://www.leroymerlin.es/productos/tester-de-pintura-salones-y-habitaciones-luxens-color-lava-3-mate-75ml-para-paredes-y-techos-82984012.html
https://www.leroymerlin.es/cdp-site/6.66.0/static/images/common/loader-v2.svg;LA PAJARITA;78930048;La Pajarita;;Novedades;30.65;EUR;extension-list;06.09.2026, 14:18:33;https://www.leroymerlin.es/productos/pintura-de-interior-cocinas-y-banos-pajarita-color-arena-satinado-750ml-para-muebles-mobiliario-y-carpinteria-78930048.html
https://www.leroymerlin.es/cdp-site/6.66.0/static/images/common/loader-v2.svg;DEXTER;96601856;Dexter;;Novedades;27.99;EUR;extension-list;06.09.2026, 14:18:33;https://www.leroymerlin.es/productos/zapatos-de-seguridad-dexter-s1p-multicolor-t42-96601856.html
https://www.leroymerlin.es/cdp-site/6.66.0/static/images/common/loader-v2.svg;JOUPLAST;88150113;Jouplast;;Novedades;27.29;EUR;extension-list;06.09.2026, 14:18:33;https://www.leroymerlin.es/productos/plot-regulable-para-madera-h50-80-mm-de-polipropileno-8-uds-88150113.html
;Bomba De Achique Para Aguas Sucias De 400w De Potencia Y Caudal Maximo De 9000 L H;95005443;Bomba;;Novedades;30.86;EUR;extension-list;06.09.2026, 14:18:33;https://www.leroymerlin.es/productos/bomba-de-achique-para-aguas-sucias-de-400w-de-potencia-y-caudal-maximo-de-9000-l-h-95005443.html
https://www.leroymerlin.es/cdp-site/6.66.0/static/images/common/loader-v2.svg;LUXENS;82401696;;;Novedades;33.2;EUR;extension-list;06.09.2026, 14:18:08;https://www.leroymerlin.es/productos/tester-de-pintura-salones-y-habitaciones-luxens-color-granit-5-mate-75ml-para-paredes-y-techos-82401696.html
https://www.leroymerlin.es/cdp-site/6.66.0/static/images/common/loader-v2.svg;NATERIAL;19310130;Pértiga;;Novedades;29.49;EUR;extension-list;06.09.2026, 14:18:08;https://www.leroymerlin.es/productos/pertiga-telescopica-naterial-3-6-metros-premium-19310130.html
https://media.adeo.com/media/5786966/media.png?width=300;Revestimiento de pared decorativo efecto mármol vinílico SPC blanco y beige de 260x60cm;99516804;Revestimiento;;Novedades;30.78;EUR;extension-list;06.09.2026, 14:18:08;https://www.leroymerlin.es/productos/revestimiento-de-pared-decorativo-efecto-marmol-vinilico-spc-blanco-y-beige-de-260x60cm-99516804.html
https://media.adeo.com/media/5786898/media.jpg?width=300;Revestimiento de pared y techo decorativo efecto liso de PVC alveolar blanco mate de 260x10cm;95929438;Revestimiento;;Novedades;24.93;EUR;extension-list;06.09.2026, 14:18:08;https://www.leroymerlin.es/productos/revestimiento-de-pared-y-techo-decorativo-efecto-liso-de-pvc-alveolar-blanco-mate-de-260x10cm-95929438.html
https://media.adeo.com/media/5658662/media.jpg?width=300;Pack de 2 soportes de cortina sin taladrar para cajón de persiana para barras de ø 20/28 mm acero blanco,10 cm separación;73209735;;;Novedades;19.99;EUR;extension-list;06.09.2026, 14:18:08;https://www.leroymerlin.es/productos/pack-de-2-soportes-de-cortina-sin-taladrar-para-cajon-de-persiana-para-barras-de-20-28-mm-acero-blanco-10-cm-separacion-73209735.html
https://media.adeo.com/media/5178682/media.jpg?width=300;Columna de ducha termostática SENSEA New Icone dorado cepillado;99332275;Sensea;;Novedades;;;;06.09.2026, 14:18:08;https://www.leroymerlin.es/productos/columna-de-ducha-termostatica-sensea-new-icone-dorado-cepillado-99332275.html
https://www.leroymerlin.es/cdp-site/6.66.0/static/images/common/loader-v2.svg;DEXTER;95393749;Dexter;;Novedades;23.99;EUR;extension-list;06.09.2026, 14:18:08;https://www.leroymerlin.es/productos/pantalon-trabajo-dexter-9-bolsillos-y-refuerzo-para-rodilleras-gris-talla-l-44-46-95393749.html
https://www.leroymerlin.es/cdp-site/6.66.0/static/images/common/loader-v2.svg;DEXTER;96058799;Dexter;;Novedades;6.29;EUR;extension-list;06.09.2026, 14:18:08;https://www.leroymerlin.es/productos/cepillo-aspirador-dexter-96058799.html
https://www.leroymerlin.es/cdp-site/6.66.0/static/images/common/loader-v2.svg;WENKO;70458442;Wenko;;Novedades;29.99;EUR;extension-list;06.09.2026, 14:18:08;https://www.leroymerlin.es/productos/toallero-de-pared-negro-mate-para-atornillar-orea-53x11x25-cm-70458442.html
;Papelera Bano Enara Gris Plata 3l;79763596;Papelera;;Novedades;22.99;EUR;extension-list;06.09.2026, 14:18:08;https://www.leroymerlin.es/productos/papelera-bano-enara-gris-plata-3l-79763596.html
https://www.leroymerlin.es/cdp-site/6.66.0/static/images/common/loader-v2.svg;SENSEA;97158402;Sensea;;Novedades;64.99;EUR;extension-list;06.09.2026, 14:18:08;https://www.leroymerlin.es/productos/grifo-de-ducha-monomando-sensea-icone-cromado-97158402.html
https://media.adeo.com/media/5393016/media.jpg?width=300;Guirnalda solar exterior LED 10 luces 10 m blanco cálido con sensor crepuscular INSPIRE Minta IP54 y 8h aprox. con carga llena;95420576;Guirnalda;LED 10;Novedades;44.99;EUR;extension-list;06.09.2026, 14:18:08;https://www.leroymerlin.es/productos/guirnalda-solar-exterior-led-10-luces-10-m-blanco-calido-con-sensor-crepuscular-inspire-minta-ip54-y-8h-aprox-con-carga-llena-95420576.html
;Cojin Decorativo Rectangular Faisa Algodon Pajaro Verde Doble Cara Passepoil 40x60cm;75187391;LG;;Novedades;17.99;EUR;extension-list;06.09.2026, 14:18:08;https://www.leroymerlin.es/productos/cojin-decorativo-rectangular-faisa-algodon-pajaro-verde-doble-cara-passepoil-40x60cm-75187391.html
;Pletina De Ensamblaje Para Muebles De Acero Negro 2x100x15 Mm Para Uso Interior;94885801;Pletina;;Novedades;0.79;EUR;extension-list;06.09.2026, 14:18:08;https://www.leroymerlin.es/productos/pletina-de-ensamblaje-para-muebles-de-acero-negro-2x100x15-mm-para-uso-interior-94885801.html
;Suelo Vinilico Rollo Forte Provence Black White Booster Efecto Piedra De 30m;89193157;Suelo;;Novedades;479.4;EUR;extension-list;06.09.2026, 14:18:08;https://www.leroymerlin.es/productos/suelo-vinilico-rollo-forte-provence-black-white-booster-efecto-piedra-de-30m-89193157.html
https://www.leroymerlin.es/cdp-site/6.66.0/static/images/common/loader-v2.svg;DEXTER;96058791;Dexter;;Novedades;35.99;EUR;extension-list;06.09.2026, 14:18:08;https://www.leroymerlin.es/productos/aspirador-para-seco-y-humedo-dexter-alimentacion-red-electrica-1250-w-capacidad-del-deposito-12-l-y-de-propileno-96058791.html
https://www.leroymerlin.es/cdp-site/6.66.0/static/images/common/loader-v2.svg;INSPIRE;79650704;Inspire;;Novedades;39.98;EUR;extension-list;06.09.2026, 14:18:08;https://www.leroymerlin.es/productos/pack-2-apliques-de-exterior-ikaros-inspire-e27-negro-30-cm-ip54-79650704.html
https://media.adeo.com/media/4884358/media.png?width=300;Bocallave redonda en aluminio cepillado color dorado 50mm diámetro;95102240;Bocallave;;Novedades;3.29;EUR;extension-list;06.09.2026, 14:18:08;https://www.leroymerlin.es/productos/bocallave-redonda-en-aluminio-cepillado-color-dorado-50mm-diametro-95102240.html
;Sumidero Sifonico Equation Salida Vertical 10x10cm 50mm;95183965;Equation;Vertical 10x10cm;Novedades;3.89;EUR;extension-list;06.09.2026, 14:17:41;https://www.leroymerlin.es/productos/sumidero-sifonico-equation-salida-vertical-10x10cm-50mm-95183965.html
;Suelo Vinilico Rollo Intenso Berry Blue Hqr Nature Efecto Ceramica De 30m;76688262;Suelo;;Novedades;79.4;EUR;extension-list;06.09.2026, 14:17:41;https://www.leroymerlin.es/productos/suelo-vinilico-rollo-intenso-berry-blue-hqr-nature-efecto-ceramica-de-30m-76688262.html
https://www.leroymerlin.es/cdp-site/6.66.0/static/images/common/loader-v2.svg;PHILIPS;87113320;Philips;;Novedades;28.99;EUR;extension-list;06.09.2026, 14:17:41;https://www.leroymerlin.es/productos/cartucho-de-co2-repuesto-philips-gozero-87113320.html
https://www.leroymerlin.es/cdp-site/6.66.0/static/images/common/loader-v2.svg;TEKA;78756455;Teka;;Novedades;151.4;EUR;extension-list;06.09.2026, 14:17:41;https://www.leroymerlin.es/productos/placa-de-gas-teka-gbc-63110-ng-3-zonas-de-coccion-gas-natural-cristal-negro-con-encendido-integrado-60cm-78756455.html
https://www.leroymerlin.es/cdp-site/6.66.0/static/images/common/loader-v2.svg;BELLOTA;98630130;Bellota;;Novedades;7.49;EUR;extension-list;06.09.2026, 14:17:41;https://www.leroymerlin.es/productos/plantilla-gel-t42-44-98630130.html
https://www.leroymerlin.es/cdp-site/6.66.0/static/images/common/loader-v2.svg;CERLAND;67271680;CERLAND;;Novedades;8.79;EUR;extension-list;06.09.2026, 14:17:41;https://www.leroymerlin.es/productos/travesano-para-suelo-de-pino-clase-4-3-3x7x240-cm-67271680.html
https://media.adeo.com/media/4884259/media.png?width=300;Condena de puerta de aluminio en titanio cepillado mate 54mm diámetro;95102235;Condena;;Novedades;4.49;EUR;extension-list;06.09.2026, 14:17:41;https://www.leroymerlin.es/productos/condena-de-puerta-de-aluminio-en-titanio-cepillado-mate-54mm-diametro-95102235.html
;Cinta De Aluminio Newcobon 30 M 75 Mm X 50 M;76974567;;;Novedades;6.99;EUR;extension-list;06.09.2026, 14:17:41;https://www.leroymerlin.es/productos/cinta-de-aluminio-newcobon-30-m-75-mm-x-50-m-76974567.html
https://www.leroymerlin.es/cdp-site/6.66.0/static/images/common/loader-v2.svg;TAYG;86872957;Tayg;;Novedades;27.99;EUR;extension-list;06.09.2026, 14:17:41;https://www.leroymerlin.es/productos/estanteria-tayg-modelo-biocompostable-745-de-70x180x40-cm-86872957.html
https://media.adeo.com/media/5358552/media.jpg?width=300;Zapato de seguridad ALBERO beige T 40;98587442;Zapato;T 40;Novedades;31.99;EUR;extension-list;06.09.2026, 14:17:41;https://www.leroymerlin.es/productos/zapato-de-seguridad-albero-beige-t-40-98587442.html
https://media.adeo.com/media/5509723/media.jpg?width=300;Pintura de interior cocinas y baños LA PAJARITA color blanco roto satinado 750ml para muebles, mobiliario y carpintería;78930054;Pintura;;Novedades;30.65;EUR;extension-list;06.09.2026, 14:17:41;https://www.leroymerlin.es/productos/pintura-de-interior-cocinas-y-banos-pajarita-color-blanco-roto-satinado-750ml-para-muebles-mobiliario-y-carpinteria-78930054.html
https://media.adeo.com/media/5340852/media.jpg?width=300;Proyector solar LED INSPIRE 95420569 2600 lm de aluminio IP65 luz natural y sensor crepuscular;95420569;Inspire;;Novedades;34.99;EUR;extension-list;06.09.2026, 14:17:41;https://www.leroymerlin.es/productos/proyector-solar-led-inspire-95420569-2600-lm-de-aluminio-ip65-luz-natural-y-sensor-crepuscular-95420569.html
https://media.adeo.com/media/5423602/media.jpg?width=300;Bandeja secaplatos de silicona Brabantia 32.5 cm beige;79319007;Brabantia;;Novedades;18.69;EUR;extension-list;06.09.2026, 14:17:41;https://www.leroymerlin.es/productos/bandeja-secaplatos-de-silicona-brabantia-32-5-cm-beige-79319007.html
https://www.leroymerlin.es/cdp-site/6.66.0/static/images/common/loader-v2.svg;INSPIRE;93885509;Inspire;;Novedades;12.99;EUR;extension-list;06.09.2026, 14:17:41;https://www.leroymerlin.es/productos/cojin-decorativo-new-swanny-poliester-liso-rosa-bistro-inspire-45x45cm-93885509.html
;Espejo Enmarcado De Pared Rectangular Ondas Pvc Blanco Y Plata Brillante De 40x133 Cm;77171616;Espejo;;Novedades;59.99;EUR;extension-list;06.09.2026, 14:17:41;https://www.leroymerlin.es/productos/espejo-enmarcado-de-pared-rectangular-ondas-pvc-blanco-y-plata-brillante-de-40x133-cm-77171616.html
https://media.adeo.com/media/3148338/media.png?width=300;Tester de pintura Biobase LUXENS color litchi 2 mate 75ml para paredes y techos;84317637;;;Novedades;35.87;EUR;extension-list;06.09.2026, 14:17:41;https://www.leroymerlin.es/productos/tester-de-pintura-biobase-luxens-color-litchi-2-mate-75ml-para-paredes-y-techos-84317637.html
https://www.leroymerlin.es/cdp-site/6.66.0/static/images/common/loader-v2.svg;SENSEA;97353228;Sensea;;Novedades;8.99;EUR;extension-list;06.09.2026, 14:17:41;https://www.leroymerlin.es/productos/junta-para-mampara-negro-sensea-5-6-8-x-100-cm-97353228.html
https://www.leroymerlin.es/cdp-site/6.66.0/static/images/common/loader-v2.svg;KERAKOLL;78712071;Kerakoll;;Novedades;18.79;EUR;extension-list;06.09.2026, 14:17:41;https://www.leroymerlin.es/productos/mortero-para-juntas-fugabella-kerakoll-color-kk12-3kg-78712071.html
https://media.adeo.com/media/5705396/media.jpg?width=300;Pack 2 Apliques de pared exterior negro 2 luces GU10 de aluminio Inspire Kofu IP44;79650605;;;Novedades;21.98;EUR;extension-list;06.09.2026, 14:17:19;https://www.leroymerlin.es/productos/pack-2-apliques-de-pared-exterior-negro-2-luces-gu10-de-aluminio-inspire-kofu-ip44-79650605.html
https://media.adeo.com/media/4846474/media.jpg?width=300;Bandeja pongo todo Duna madera 24x2 cm;96324111;Bandeja;;Novedades;13.99;EUR;extension-list;06.09.2026, 14:17:19;https://www.leroymerlin.es/productos/bandeja-pongo-todo-duna-madera-24x2-cm-96324111.html
;Kit De 5 Tapetas En L De Mdf Fuerteventura Lobo Extensibles De 2200x70x10 8mm;70380000;;;Novedades;28.99;EUR;extension-list;06.09.2026, 14:17:19;https://www.leroymerlin.es/productos/kit-de-5-tapetas-en-l-de-mdf-fuerteventura-lobo-extensibles-de-2200x70x10-8mm-70380000.html
https://media.adeo.com/media/4880755/media.png?width=300;Pletina de ensamblaje para muebles de acero blanco 2x100x15 mm, para uso interior;94885816;Pletina;;Novedades;0.79;EUR;extension-list;06.09.2026, 14:17:19;https://www.leroymerlin.es/productos/pletina-de-ensamblaje-para-muebles-de-acero-blanco-2x100x15-mm-para-uso-interior-94885816.html
https://www.leroymerlin.es/cdp-site/6.66.0/static/images/common/loader-v2.svg;REI;97149747;REI;;Novedades;3.49;EUR;extension-list;06.09.2026, 14:17:19;https://www.leroymerlin.es/productos/sistema-de-2-accesorios-de-fijacion-fix-hold-para-panel-acustico-97149747.html
;Botellero Aplicable Elixir Para 6 Botellas Antracita;99340487;Botellero;Para 6;Novedades;4.99;EUR;extension-list;06.09.2026, 14:17:19;https://www.leroymerlin.es/productos/botellero-aplicable-elixir-para-6-botellas-antracita-99340487.html
https://www.leroymerlin.es/cdp-site/6.66.0/static/images/common/loader-v2.svg;LEXMAN;94342808;Lexman;;Novedades;5.49;EUR;extension-list;06.09.2026, 14:17:19;https://www.leroymerlin.es/productos/bombilla-led-filamento-e14-vela-deslustrado-3-8w-806-lm-blanco-calido-94342808.html
;Esmalte Exterior Color Negro Para Reja Hierro Oxiron Metalizado 750ml Al Disolvente Antioxido Directo Sobre El Oxido Resistente A Los Golpes;72505958;Esmalte;;Novedades;21.32;EUR;extension-list;06.09.2026, 14:17:19;https://www.leroymerlin.es/productos/esmalte-exterior-color-negro-para-reja-hierro-oxiron-metalizado-750ml-al-disolvente-antioxido-directo-sobre-el-oxido-resistente-a-los-golpes-72505958.html
https://www.leroymerlin.es/cdp-site/6.66.0/static/images/common/loader-v2.svg;REI;99161839;REI;;Novedades;4.89;EUR;extension-list;06.09.2026, 14:17:19;https://www.leroymerlin.es/productos/kit-de-4-embellecedores-metalicos-de-color-negro-para-panel-acustico-99161839.html
;Pletina De Ensamblaje Para Muebles De Acero Cincado 2x100x15 Mm Para Uso Exterior;94885809;Pletina;;Novedades;0.64;EUR;extension-list;06.09.2026, 14:17:19;https://www.leroymerlin.es/productos/pletina-de-ensamblaje-para-muebles-de-acero-cincado-2x100x15-mm-para-uso-exterior-94885809.html
https://media.adeo.com/media/5397664/media.jpg?width=300;Adaptador de 3 tomas SIMON giratorio 16A;78072779;Simon;;Novedades;7.79;EUR;extension-list;06.09.2026, 14:17:19;https://www.leroymerlin.es/productos/adaptador-de-3-tomas-simon-giratorio-16a-78072779.html
https://media.adeo.com/media/5520268/media.png?width=100;Tabletas de cloro 7 acciones;86294576;Tabletas;cloro 7;Novedades;54.5;EUR;extension-list;06.09.2026, 14:17:19;https://www.leroymerlin.es/productos/tabletas-de-cloro-7-acciones-86294576.html
https://www.leroymerlin.es/cdp-site/6.66.0/static/images/common/loader-v2.svg;INSPIRE;88659839;Inspire;;Novedades;9.79;EUR;extension-list;06.09.2026, 14:17:19;https://www.leroymerlin.es/productos/downlight-led-empotrable-inspire-kilia-blanco-redondo-8-5-cm-345-lm-4-5-w-luz-cct-2700k-4000kk-cri-89-80-luz-natural-y-fiel-ip65-foco-led-empotrado-para-duchas-88659839.html
https://media.adeo.com/media/5307402/media.png?width=300;Juego de filtros aspiradores HEPA H13 DEXTER;96058777;Dexter;;Novedades;10.49;EUR;extension-list;06.09.2026, 14:17:19;https://www.leroymerlin.es/productos/juego-de-filtros-aspiradores-hepa-h13-dexter-96058777.html
;Estor Enrollable Translucido Creta De 90x250 Poliester Liso Lino Con Cadena;74227201;Estor;;Novedades;29.99;EUR;extension-list;06.09.2026, 14:17:19;https://www.leroymerlin.es/productos/estor-enrollable-translucido-creta-de-90x250-poliester-liso-lino-con-cadena-74227201.html
;Liston De Madera Cepillada De Abeto Natural De 44x44x2400mm;66125745;Liston;;Novedades;11.49;EUR;extension-list;06.09.2026, 14:17:19;https://www.leroymerlin.es/productos/liston-de-madera-cepillada-de-abeto-natural-de-44x44x2400mm-66125745.html
https://www.leroymerlin.es/cdp-site/6.66.0/static/images/common/loader-v2.svg;WENKO;16340905;Dispensador;;Novedades;5.9;EUR;extension-list;06.09.2026, 14:17:19;https://www.leroymerlin.es/productos/dispensador-de-jabon-festival-rojo-380-ml-16340905.html
https://media.adeo.com/media/5663763/media.jpg?width=300;Seto artificial verde FAURA 1.5x3 m nivel de ocultación total;86145791;;;Novedades;46.5;EUR;extension-list;06.09.2026, 14:17:19;https://www.leroymerlin.es/productos/seto-artificial-verde-faura-1-5x3-m-nivel-de-ocultacion-total-86145791.html
https://media.adeo.com/media/5421627/media.jpg?width=300;Revestimiento de pared de palillería efecto 3D MDF Inari Artens nogal 5 lamas de 260x30cm;96681155;Revestimiento;;Novedades;120.86;EUR;extension-list;06.09.2026, 14:16:57;https://www.leroymerlin.es/productos/revestimiento-de-pared-de-palilleria-efecto-3d-mdf-inari-artens-nogal-5-lamas-de-260x30cm-96681155.html
;Cojin De Suelo Interior Cuadrado Solo Algodon Poliester Beige Trench 40x40x8 Cm;96357047;LG;;Novedades;8.99;EUR;extension-list;06.09.2026, 14:16:57;https://www.leroymerlin.es/productos/cojin-de-suelo-interior-cuadrado-solo-algodon-poliester-beige-trench-40x40x8-cm-96357047.html
;Antihormigas 7g Protect Home;75006236;Antihormigas;;Novedades;5.99;EUR;extension-list;06.09.2026, 14:16:57;https://www.leroymerlin.es/productos/antihormigas-7g-protect-home-75006236.html
;Tira Led Por Metro 220 240v Alverlamp Ip65 Apto Para Exteriores 1260 Lm Luz Blanco Calido 3000k Corte C 10cm;73233654;Tira;Metro 220;Novedades;5.79;EUR;extension-list;06.09.2026, 14:16:57;https://www.leroymerlin.es/productos/tira-led-por-metro-220-240v-alverlamp-ip65-apto-para-exteriores-1260-lm-luz-blanco-calido-3000k-corte-c-10cm-73233654.html
;Conector De Angulo 90 Con 2 Brazos 15x70 Mm H Para Postes De Madera 7x7 Cm;94885823;Conector;Angulo 90;Novedades;1.35;EUR;extension-list;06.09.2026, 14:16:57;https://www.leroymerlin.es/productos/conector-de-angulo-90-con-2-brazos-15x70-mm-h-para-postes-de-madera-7x7-cm-94885823.html
;Cuadro Pintura Impresa Enmarcada Texto Rectangular De 21 X 41 Cm Mdf Love Fondo Rojo Crema Y Rojo Marco Color Haya;79024352;Cuadro;;Novedades;14.99;EUR;extension-list;06.09.2026, 14:16:57;https://www.leroymerlin.es/productos/cuadro-pintura-impresa-enmarcada-texto-rectangular-de-21-x-41-cm-mdf-love-fondo-rojo-crema-y-rojo-marco-color-haya-79024352.html
;Escuadra De Ensamblaje Para Muebles De Acero Negro 100x100x18 Mm Para Uso Interior;94885753;Escuadra;;Novedades;0.94;EUR;extension-list;06.09.2026, 14:16:57;https://www.leroymerlin.es/productos/escuadra-de-ensamblaje-para-muebles-de-acero-negro-100x100x18-mm-para-uso-interior-94885753.html
;Liston De Madera Cepillada De Abeto Natural De 34x67x2400mm;66125731;Liston;;Novedades;13.29;EUR;extension-list;06.09.2026, 14:16:57;https://www.leroymerlin.es/productos/liston-de-madera-cepillada-de-abeto-natural-de-34x67x2400mm-66125731.html
https://www.leroymerlin.es/cdp-site/6.66.0/static/images/common/loader-v2.svg;BRUGUER;74602471;Bruguer;;Novedades;25.99;EUR;extension-list;06.09.2026, 14:16:57;https://www.leroymerlin.es/productos/laca-interior-bruguer-color-blanco-permanente-satinado-750ml-para-muebles-aparadores-puertas-y-mobiliario-74602471.html
https://www.leroymerlin.es/cdp-site/6.66.0/static/images/common/loader-v2.svg;DEXTER;84732262;Dexter;;Novedades;14.49;EUR;extension-list;06.09.2026, 14:16:57;https://www.leroymerlin.es/productos/set-brocas-y-puntas-6-pzas-dexter-6-12mm-84732262.html
https://media.adeo.com/media/5475499/media.jpg?width=300;Set de 2 patas de mesa forma rectangular en negro 71x38cm;75064442;;;Novedades;29.98;EUR;extension-list;06.09.2026, 14:16:57;https://www.leroymerlin.es/productos/set-de-2-patas-de-mesa-forma-rectangular-en-negro-71x38cm-75064442.html
https://media.adeo.com/media/5337219/media.png?width=300;Lavabo encastrado Maya blanco 61x13.8x49 cm;95590665;Lavabo;;Novedades;;;;06.09.2026, 14:16:57;https://www.leroymerlin.es/productos/lavabo-encastrado-maya-blanco-61x13-8x49-cm-95590665.html
https://media.adeo.com/media/6293/media.jpg?width=300;Lupa X5;97012466;Lupa;Lupa X5;Novedades;1.59;EUR;extension-list;06.09.2026, 14:16:57;https://www.leroymerlin.es/productos/lupa-x5-97012466.html
https://media.adeo.com/media/4880786/media.png?width=300;Escuadra de ensamblaje para muebles de acero cincado 55x120x30 mm, para uso exterior;94885740;Escuadra;;Novedades;2.49;EUR;extension-list;06.09.2026, 14:16:57;https://www.leroymerlin.es/productos/conector-de-acero-para-ensamblaje-120x30-mm-94885740.html
https://www.leroymerlin.es/cdp-site/6.66.0/static/images/common/loader-v2.svg;SPACEO;84994649;Spaceo;;Novedades;9.49;EUR;extension-list;06.09.2026, 14:16:57;https://www.leroymerlin.es/productos/perchero-deslizante-para-modulo-de-armario-spaceo-evo-m-con-8-perchas-negro-84994649.html
https://media.adeo.com/media/5731215/media.png?width=300;Listón de madera de abeto natural de 27x67mm x 2.4m;66125682;Listón;;Novedades;13.29;EUR;extension-list;06.09.2026, 14:16:57;https://www.leroymerlin.es/productos/liston-de-madera-de-abeto-natural-de-27x67mm-x-2-4m-66125682.html
https://www.leroymerlin.es/cdp-site/6.66.0/static/images/common/loader-v2.svg;FISCHER;88796237;Fischer;;Novedades;5.19;EUR;extension-list;06.09.2026, 14:16:57;https://www.leroymerlin.es/productos/kit-de-tacos-de-fijacion-para-aire-acondicionado-88796237.html
https://www.leroymerlin.es/cdp-site/6.66.0/static/images/common/loader-v2.svg;DEXTER;96058782;Dexter;;Novedades;8.29;EUR;extension-list;06.09.2026, 14:16:57;https://www.leroymerlin.es/productos/juego-de-filtros-aspiradores-dexter-vod1420sf-20-30l-96058782.html
https://www.leroymerlin.es/cdp-site/6.66.0/static/images/common/loader-v2.svg;ARTENS;96048773;Artens;;Novedades;43.4;EUR;extension-list;06.09.2026, 14:16:31;https://www.leroymerlin.es/productos/suelo-vinilico-spc-en-clic-extrem-canezia-5-5mm-espesor-base-integrada-artens-96048773.html
https://www.leroymerlin.es/cdp-site/6.66.0/static/images/common/loader-v2.svg;WENKO;98630308;Wenko;;Novedades;5.99;EUR;extension-list;06.09.2026, 14:16:31;https://www.leroymerlin.es/productos/vaso-de-bano-martina-verde-98630308.html
https://media.adeo.com/media/5504734/media.jpg?width=300;Rollo canto de encimera laminada para cocina Eleki haya 1.9x360 cm;75676469;Rollo;;Novedades;7.49;EUR;extension-list;06.09.2026, 14:16:31;https://www.leroymerlin.es/productos/rollo-canto-de-encimera-laminada-para-cocina-eleki-haya-1-9x360-cm-75676469.html
https://www.leroymerlin.es/cdp-site/6.66.0/static/images/common/loader-v2.svg;SPACEO;96038706;Spaceo;;Novedades;29.99;EUR;extension-list;06.09.2026, 14:16:31;https://www.leroymerlin.es/productos/estante-spaceo-kub-2x1-blanco-alt-70-5-x-an-36-0-x-fdo-31-7-cm-96038706.html
https://media.adeo.com/media/5540362/media.png?width=300;Filtro de repuesto 5 en 1 PHILIPS AUT619/10 flujo directo;70648168;Philips;;Novedades;55.95;EUR;extension-list;06.09.2026, 14:16:31;https://www.leroymerlin.es/productos/filtro-de-repuesto-5-en-1-philips-aut619-10-flujo-directo-70648168.html
https://www.leroymerlin.es/cdp-site/6.66.0/static/images/common/loader-v2.svg;ESSEBAGNO;97142910;Essebagno;;Novedades;;;;06.09.2026, 14:16:31;https://www.leroymerlin.es/productos/columna-de-ducha-con-grifo-monomando-essebagno-envol-ii-envol-ii-dorado-satinado-rociador-30-cm-redondo-extraplano-barra-extensible-sistema-antical-con-ahorro-de-agua-97142910.html
https://www.leroymerlin.es/cdp-site/6.66.0/static/images/common/loader-v2.svg;KERAKOLL;78712006;Kerakoll;;Novedades;16.49;EUR;extension-list;06.09.2026, 14:16:31;https://www.leroymerlin.es/productos/mortero-para-juntas-fugabella-kerakoll-color-kk64-3kg-78712006.html
https://www.leroymerlin.es/cdp-site/6.66.0/static/images/common/loader-v2.svg;KERAKOLL;78711623;Kerakoll;;Novedades;16.49;EUR;extension-list;06.09.2026, 14:16:31;https://www.leroymerlin.es/productos/mortero-para-juntas-fugabella-kerakoll-color-kk110-3kg-78711623.html
https://www.leroymerlin.es/cdp-site/6.66.0/static/images/common/loader-v2.svg;VISOBATH;99422681;Obath;;Novedades;;;;06.09.2026, 14:16:31;https://www.leroymerlin.es/productos/mueble-de-bano-mia-roble-natural-80x45-cm-lavabo-no-incluido-99422681.html
https://media.adeo.com/media/5423582/media.jpg?width=300;Paño limpiaplatos microfibra BRABANTIA beige 30x30 cm (2u);79318906;Brabantia;;Novedades;2.54;EUR;extension-list;06.09.2026, 14:16:31;https://www.leroymerlin.es/productos/pano-limpiaplatos-microfibra-brabantia-beige-30x30-cm-2u-79318906.html
https://media.adeo.com/media/5318568/media.jpg?width=300;Juego de manillas de acero metálica color negro;85821551;;;Novedades;9.99;EUR;extension-list;06.09.2026, 14:16:31;https://www.leroymerlin.es/productos/juego-de-manillas-de-acero-metalica-color-negro-85821551.html
https://www.leroymerlin.es/cdp-site/6.66.0/static/images/common/loader-v2.svg;DEXTER;96058786;Dexter;;Novedades;7.29;EUR;extension-list;06.09.2026, 14:16:31;https://www.leroymerlin.es/productos/filtro-aspirador-espuma-dexter-dwd12-25-dwd20-dwdcc20-96058786.html
https://media.adeo.com/media/5670281/media.jpg?width=300;Trampa anti avispas y avispones VITHAL;77432405;Trampa;;Novedades;13.99;EUR;extension-list;06.09.2026, 14:16:31;https://www.leroymerlin.es/productos/trampa-anti-avispas-y-avispones-vithal-77432405.html
;Escuadra De Ensamblaje Para Muebles De Acero Negro 55x120x30 Mm Para Uso Interior;94885766;Escuadra;;Novedades;2.39;EUR;extension-list;06.09.2026, 14:16:31;https://www.leroymerlin.es/productos/escuadra-de-ensamblaje-para-muebles-de-acero-negro-55x120x30-mm-para-uso-interior-94885766.html
;Cuadro Pintura Impresa Enmarcada Texto Rectangular De 21 X 41 Cm Mdf Amore Fondo Rojo Crema Y Rojo Marco Color Haya;79024327;Cuadro;;Novedades;14.99;EUR;extension-list;06.09.2026, 14:16:31;https://www.leroymerlin.es/productos/cuadro-pintura-impresa-enmarcada-texto-rectangular-de-21-x-41-cm-mdf-amore-fondo-rojo-crema-y-rojo-marco-color-haya-79024327.html
https://media.adeo.com/media/5143269/media.jpg?width=300;Columna de ducha monomando SENSEA ICONE dorado cepillado;99332274;Sensea;;Novedades;;;;06.09.2026, 14:16:31;https://www.leroymerlin.es/productos/columna-de-ducha-monomando-sensea-icone-dorado-cepillado-99332274.html
;Papel Pintado Vinilo Aplicacion Cola En Pared Liso Drawn 371787 Verde 53cmx10 05m Lavable Apto Para Cocinas Banos;89094050;Tado;;Novedades;4.58;EUR;extension-list;06.09.2026, 14:16:31;https://www.leroymerlin.es/productos/papel-pintado-vinilo-aplicacion-cola-en-pared-liso-drawn-371787-verde-53cmx10-05m-lavable-apto-para-cocinas-banos-89094050.html
https://www.leroymerlin.es/cdp-site/6.66.0/static/images/common/loader-v2.svg;SENSEA;97158393;Sensea;;Novedades;74.99;EUR;extension-list;06.09.2026, 14:16:31;https://www.leroymerlin.es/productos/grifo-de-lavabo-sensea-icone-monomando-negro-mate-apertura-en-frio-laton-97158393.html
https://www.leroymerlin.es/cdp-site/6.66.0/static/images/common/loader-v2.svg;SENSEA;95014571;Sensea;;Novedades;54.99;EUR;extension-list;06.09.2026, 14:16:07;https://www.leroymerlin.es/productos/grifo-monomando-de-bide-sensea-new-studio-26-cromo-laton-95014571.html
https://www.leroymerlin.es/cdp-site/6.66.0/static/images/common/loader-v2.svg;INSPIRE;91064183;Inspire;;Novedades;11.49;EUR;extension-list;06.09.2026, 14:16:07;https://www.leroymerlin.es/productos/2-terminales-para-barra-de-cortina-kanel-design-inspire-acero-negro-mate-para-barra-diametro-20-mm-91064183.html
;Remate De Aluminio Color Beige De 15x15x2700mm;79024565;Remate;De 15x15x2700mm;Novedades;17.99;EUR;extension-list;06.09.2026, 14:16:07;https://www.leroymerlin.es/productos/remate-de-aluminio-color-beige-de-15x15x2700mm-79024565.html
https://www.leroymerlin.es/cdp-site/6.66.0/static/images/common/loader-v2.svg;VERSA;99232623;Versa;;Novedades;4.59;EUR;extension-list;06.09.2026, 14:16:07;https://www.leroymerlin.es/productos/cajon-organizador-23x15-3x5-6cm-99232623.html
https://www.leroymerlin.es/cdp-site/6.66.0/static/images/common/loader-v2.svg;INSPIRE;95420574;Inspire;;Novedades;19.99;EUR;extension-list;06.09.2026, 14:16:07;https://www.leroymerlin.es/productos/guirnalda-solar-exterior-led-10-luces-8-m-blanco-calido-con-sensor-crepuscular-inspire-vespera-ip54-y-8h-aprox-con-carga-llena-95420574.html
https://www.leroymerlin.es/cdp-site/6.66.0/static/images/common/loader-v2.svg;LUXENS;84317641;LUXENS;;Novedades;35.87;EUR;extension-list;06.09.2026, 14:16:07;https://www.leroymerlin.es/productos/tester-de-pintura-biobase-luxens-color-terra-5-mate-75ml-para-paredes-y-techos-84317641.html
https://media.adeo.com/media/5585992/media.png?width=300;Puerta para mueble de almacenamiento Spaceo Kub roble 32.2x32.2 cm;96038723;Spaceo;;Novedades;15.99;EUR;extension-list;06.09.2026, 14:16:07;https://www.leroymerlin.es/productos/puerta-para-mueble-de-almacenamiento-spaceo-kub-roble-32-2x32-2-cm-96038723.html
https://www.leroymerlin.es/cdp-site/6.66.0/static/images/common/loader-v2.svg;INSPIRE;95102246;Inspire;;Novedades;7.49;EUR;extension-list;06.09.2026, 14:16:07;https://www.leroymerlin.es/productos/juego-de-manilla-con-roseta-inspire-serie-sophie-en-aluminio-niquelado-niquelado-satinado-95102246.html
https://media.adeo.com/media/5362580/media.jpg?width=300;Cesta extraíble Hack color negro de 40x25,5 cm (anchoxfondo);98965065;Cesta;;Novedades;10.79;EUR;extension-list;06.09.2026, 14:16:07;https://www.leroymerlin.es/productos/cesta-extraible-hack-color-negro-de-40x25-5-cm-anchoxfondo-98965065.html
https://media.adeo.com/media/4908499/media.png?width=300;Escuadra de ensamblaje para muebles de acero cincado 40x40x40 mm, para uso interior;94885798;Escuadra;;Novedades;0.79;EUR;extension-list;06.09.2026, 14:16:07;https://www.leroymerlin.es/productos/escuadra-en-angulo-ancha-de-acero-cincado-40-x-40-x-40-mm-94885798.html
;Cloro Bayrol 3 3 Kg;99023856;Bayrol;Bayrol 3;Novedades;49.99;EUR;extension-list;06.09.2026, 14:16:07;https://www.leroymerlin.es/productos/cloro-bayrol-3-3-kg-99023856.html
https://media.adeo.com/media/5762025/media.png?width=300;Floculante BAYROL 1kg;67865602;Bayrol;;Novedades;28.29;EUR;extension-list;06.09.2026, 14:16:07;https://www.leroymerlin.es/productos/floculante-bayrol-1kg-67865602.html
;Escuadra De Ensamblaje Para Muebles De Acero Cincado 40x60x12 Mm Para Uso Interior;94885843;Escuadra;;Novedades;0.79;EUR;extension-list;06.09.2026, 14:16:07;https://www.leroymerlin.es/productos/escuadra-de-ensamblaje-para-muebles-de-acero-cincado-40x60x12-mm-para-uso-interior-94885843.html
;Suelo Vinilico Rollo Forte Booster Boston Honey Efecto Madera Natural De 1 5m;92130187;Suelo;;Novedades;9.99;EUR;extension-list;06.09.2026, 14:16:07;https://www.leroymerlin.es/productos/suelo-vinilico-rollo-forte-booster-boston-honey-efecto-madera-natural-de-1-5m-92130187.html
;Escuadra Angulo De Acero Cincado De 140 X 140 X 20 Mm;94885831;Escuadra;;Novedades;1.79;EUR;extension-list;06.09.2026, 14:16:07;https://www.leroymerlin.es/productos/escuadra-angulo-de-acero-cincado-de-140-x-140-x-20-mm-94885831.html
;Escuadra Angulo De Acero Cincado De 70 X 70 X 15 Mm;94885756;Escuadra;;Novedades;0.89;EUR;extension-list;06.09.2026, 14:16:07;https://www.leroymerlin.es/productos/escuadra-angulo-de-acero-cincado-de-70-x-70-x-15-mm-94885756.html
https://media.adeo.com/media/4880703/media.png?width=300;Escuadra de ensamblaje para muebles de acero negro 80x80x18 mm, para uso interior;94885863;Escuadra;;Novedades;1.09;EUR;extension-list;06.09.2026, 14:16:07;https://www.leroymerlin.es/productos/escuadra-de-ensamblaje-para-muebles-de-acero-negro-80x80x18-mm-para-uso-interior-94885863.html
https://media.adeo.com/media/5380309/media.jpg?width=300;Cuadro pintura impresa enmarcada Animales rectangular de 21 x 31 cm. MDF Nutria gris. Marco color Haya;79024411;Cuadro;;Novedades;9.99;EUR;extension-list;06.09.2026, 14:16:07;https://www.leroymerlin.es/productos/cuadro-pintura-impresa-enmarcada-animales-rectangular-de-21-x-31-cm-mdf-nutria-gris-marco-color-haya-79024411.html
https://www.leroymerlin.es/cdp-site/6.66.0/static/images/common/loader-v2.svg;KERAKOLL;91831258;Kerakoll;;Novedades;15.99;EUR;extension-list;06.09.2026, 14:15:43;https://www.leroymerlin.es/productos/sellador-kerakoll-silmat-kk-109-roca-91831258.html
https://media.adeo.com/media/5744308/media.jpg?width=300;Placa policarbonato mini onda 2x1.12 m x 0.8 mm;98596368;Placa;;Novedades;30.65;EUR;extension-list;06.09.2026, 14:15:43;https://www.leroymerlin.es/productos/placa-policarbonato-mini-onda-2x1-12-m-x-0-8-mm-98596368.html
https://www.leroymerlin.es/cdp-site/6.66.0/static/images/common/loader-v2.svg;SIMON;79318150;Simon;;Novedades;19.49;EUR;extension-list;06.09.2026, 14:15:43;https://www.leroymerlin.es/productos/pack-de-3-enchufes-simon-s270-clean-negro-mate-79318150.html
https://www.leroymerlin.es/cdp-site/6.66.0/static/images/common/loader-v2.svg;REI;97223576;REI;;Novedades;16.16;EUR;extension-list;06.09.2026, 14:15:43;https://www.leroymerlin.es/productos/set-de-2-colgadores-abatibles-negros-fix-hold-para-panel-acustico-97223576.html
https://www.leroymerlin.es/cdp-site/6.66.0/static/images/common/loader-v2.svg;SENSEA;97353230;Sensea;;Novedades;9.99;EUR;extension-list;06.09.2026, 14:15:43;https://www.leroymerlin.es/productos/junta-para-mampara-blanco-sensea-100-cm-97353230.html
https://media.adeo.com/media/5436165/media.png?width=300;Mortero monocomponente capa gruesa gris 25kg;73861824;Compo;;Novedades;0.51;EUR;extension-list;06.09.2026, 14:15:43;https://www.leroymerlin.es/productos/mortero-monocomponente-capa-gruesa-gris-25kg-73861824.html
;Remate De Aluminio Color Beige De 8x20x2000mm;79024604;Remate;;Novedades;12.49;EUR;extension-list;06.09.2026, 14:15:43;https://www.leroymerlin.es/productos/remate-de-aluminio-color-beige-de-8x20x2000mm-79024604.html
;Estor Enrollable Translucido Creta De 150x250 Poliester Liso Lino Con Cadena;74227140;Estor;;Novedades;44.99;EUR;extension-list;06.09.2026, 14:15:43;https://www.leroymerlin.es/productos/estor-enrollable-translucido-creta-de-150x250-poliester-liso-lino-con-cadena-74227140.html
;Cuadro Pintura Impresa Enmarcada Botanica Rectangular De 21 X 31 Cm Mdf Flores Acuarela Multicolor Marco Color Haya;79024521;Cuadro;;Novedades;9.99;EUR;extension-list;06.09.2026, 14:15:43;https://www.leroymerlin.es/productos/cuadro-pintura-impresa-enmarcada-botanica-rectangular-de-21-x-31-cm-mdf-flores-acuarela-multicolor-marco-color-haya-79024521.html
https://www.leroymerlin.es/cdp-site/6.66.0/static/images/common/loader-v2.svg;VERSA;99232618;Versa;;Novedades;7.99;EUR;extension-list;06.09.2026, 14:15:43;https://www.leroymerlin.es/productos/huevera-plastico-38-5x11-7x8-8-cm-99232618.html
https://www.leroymerlin.es/cdp-site/6.66.0/static/images/common/loader-v2.svg;SENSEA;97353229;Sensea;;Novedades;12.99;EUR;extension-list;06.09.2026, 14:15:43;https://www.leroymerlin.es/productos/junta-para-mampara-transparente-magnetica-sensea-5-8-x-200-cm-97353229.html
https://www.leroymerlin.es/cdp-site/6.66.0/static/images/common/loader-v2.svg;JOUPLAST;88150112;Jouplast;;Novedades;19.08;EUR;extension-list;06.09.2026, 14:15:43;https://www.leroymerlin.es/productos/plot-regulable-para-madera-h40-60-mm-de-polipropileno-8-uds-88150112.html
