Фото;Товар;Артикул;Производитель;Номер производителя;Раздел;Цена;Валюта;Источник цены;Дата парсинга;URL
https://media.adeo.com/mkp/9b2cc47800b7528d6d3b99ba70f79df3/media.jpg?width=100;Taladro de banco SCHEPPACH DP60SE (710 W);85565812;SCHEPPACH;DP60SE;Herramientas > Herramientas electricas portatiles > Herramientas electricas para taladrar atornillar > Taladros > Taladros de bateria;323.74;EUR;extension-list;05.09.2026, 18:00:48;https://www.leroymerlin.es/productos/taladro-de-banco-scheppach-dp60se-710-w-85565812.html
https://media.adeo.com/mkp/f2d8577a7b75530203850f9f78b9b38a/media.jpg?width=100;Perceuse à percussion SB 18 L BL METABO sans batterie ni chargeur - 602331890;83980431;Metabo;;Herramientas > Herramientas electricas portatiles > Herramientas electricas para taladrar atornillar > Taladros > Taladros de bateria;143.45;EUR;extension-list;05.09.2026, 18:00:48;https://www.leroymerlin.es/productos/perceuse-a-percussion-sb-18-l-bl-metabo-sans-batterie-ni-chargeur-602331890-83980431.html
https://media.adeo.com/mkp/2883f73109bbe600367dcdef4f060653/media.jpg?width=300;Taladro y destornillador eléctrico 2 en 1, taladro inalámbrico con batería de iones de litio, destornillador manual con batería de iones de litio.;77462225;;;Herramientas > Herramientas electricas portatiles > Herramientas electricas para taladrar atornillar > Taladros > Taladros de bateria;58.89;EUR;extension-list;05.09.2026, 18:00:48;https://www.leroymerlin.es/productos/taladro-y-destornillador-electrico-2-en-1-taladro-inalambrico-con-bateria-de-iones-de-litio-destornillador-manual-con-bateria-de-iones-de-litio-77462225.html
https://media.adeo.com/mkp/2188fcef068cf90bffe0fd0145fda387/media.jpg?width=300;Scheppach Juego de taladro neumático reversible 3/8;82687179;Scheppach;3/8;Herramientas > Herramientas electricas portatiles > Herramientas electricas para taladrar atornillar > Taladros > Taladros de bateria;67.9;EUR;extension-list;05.09.2026, 18:00:48;https://www.leroymerlin.es/productos/scheppach-juego-de-taladro-neumatico-reversible-3-8-82687179.html
https://media.adeo.com/mkp/1d2142728f8a26f5d90450fc469edce9/media.jpg?width=300;Función de bloqueo automático del husillo;83375518;Función;;Herramientas > Herramientas electricas portatiles > Herramientas electricas para taladrar atornillar > Taladros > Taladros de bateria;;;;05.09.2026, 18:00:48;https://www.leroymerlin.es/productos/funcion-de-bloqueo-automatico-del-husillo-83375518.html
https://media.adeo.com/mkp/ca084876963f365c34e35a5c3110f808/media.jpg?width=300;Taladro percutor 810W STEIN PRO;86211480;STEIN PRO;810W;Herramientas > Herramientas electricas portatiles > Herramientas electricas para taladrar atornillar > Taladros > Taladros de bateria;63.5;EUR;extension-list;05.09.2026, 18:00:48;https://www.leroymerlin.es/productos/taladro-percutor-810w-stein-pro-86211480.html
https://media.adeo.com/mkp/f21230fe1f541127bccb90f914720d64/media.jpg?width=300;Martillo perforador Original Silverline 710W;89140682;Silverline;710W;Herramientas > Herramientas electricas portatiles > Herramientas electricas para taladrar atornillar > Taladros > Taladros de bateria;100.27;EUR;extension-list;05.09.2026, 18:00:48;https://www.leroymerlin.es/productos/martillo-perforador-original-silverline-710w-89140682.html
https://media.adeo.com/mkp/27e06512fb62d97113ac3394a35f7cb8/media.jpg?width=300;Yofidra Llaves de impacto a bateria 700 N·m,1/2;78491850;Yofidra;700 N·m,1/2;Herramientas > Herramientas electricas portatiles > Herramientas electricas para taladrar atornillar > Taladros > Taladros de bateria;75.99;EUR;extension-list;05.09.2026, 18:00:48;https://www.leroymerlin.es/productos/yofidra-llaves-de-impacto-a-bateria-700-n-m-1-2-luz-led-3-velocidad-con-4-0ah-2-baterias-78491850.html
https://media.adeo.com/mkp/dd9b253b837c34dee71d20cb53ae79d3/media.jpg?width=100;Perceuse sans balais Hu-Firma Hu-T20B/Li 2 baterías 20 V-4 Ah;75061685;Hu-Firma;Hu-T20B/Li;Herramientas > Herramientas electricas portatiles > Herramientas electricas para taladrar atornillar > Taladros > Taladros de bateria;295.84;EUR;extension-list;05.09.2026, 18:00:48;https://www.leroymerlin.es/productos/perceuse-sans-balais-hu-firma-hu-t20b-li-2-baterias-20-v-4-ah-75061685.html
https://media.adeo.com/mkp/940ea995a1f56c45b9a58e069362bace/media.jpg?width=100;"Yofidra Llaves de impacto a bateria 700 N·m,1/2"",luz LED,3 velocidad,con 4.0Ah×2 baterías y 4 vasos de impacto";99338459;Yofidra;700 N·m,1/2;Herramientas > Herramientas electricas portatiles > Herramientas electricas para taladrar atornillar > Taladros > Taladros de bateria;82.99;EUR;extension-list;05.09.2026, 18:00:48;https://www.leroymerlin.es/productos/conjunto-de-perforadora-de-bateria-de-55-nm-con-2-baterias-y-accesorios-de-25-piezas-alimentacion-de-perforacion-de-10-mm-20-3-niveles-de-torsion-99338459.html
https://media.adeo.com/mkp/126ec73d035a87f3e2cbd9e7bed0e50f/media.jpg?width=100;Black & Decker BCD382D1XK-QW taladro Naranja;91772945;BLACK+DECKER;BCD382D1XK-QW;Herramientas > Herramientas electricas portatiles > Herramientas electricas para taladrar atornillar > Taladros > Taladros de bateria;109.56;EUR;extension-list;05.09.2026, 18:00:48;https://www.leroymerlin.es/productos/black-decker-bcd382d1xk-qw-taladro-naranja-91772945.html
https://media.adeo.com/mkp/ea234e9d74e19d3ee02d88959fb178e2/media.jpg?width=100;Perceuse à percussion METABO - SB 18V - LTX BL I 2 x 4,0 Ah Li-Power, ASC 55, coffret - 602352500;18119211;Metabo;SB 18V - LTX BL I 2 x 4,0 Ah Li-Power, ASC 55, coffret - 602352500;Herramientas > Herramientas electricas portatiles > Herramientas electricas para taladrar atornillar > Taladros > Taladros de bateria;481.84;EUR;extension-list;05.09.2026, 18:00:48;https://www.leroymerlin.es/productos/perceuse-a-percussion-metabo-sb-18v-ltx-bl-i-2-x-4-0-ah-li-power-asc-55-coffret-602352500-18119211.html
https://media.adeo.com/mkp/e8f9f842e331d8fca821d058a7b2d041/media.jpg?width=100;Taraudeuse GB 18V LTX BL Q I METABO sans batterie ni chargeur + coffret MetaBox - 603828840;82249823;Metabo;GB 18V LTX BL Q I 2 x 5,5 Ah LiHD, ASC 145, coffret + 2ème mandrin - 603828660;Herramientas > Herramientas electricas portatiles > Herramientas electricas para taladrar atornillar > Taladros > Taladros de bateria;346.3;EUR;extension-list;05.09.2026, 18:00:48;https://www.leroymerlin.es/productos/taraudeuse-gb-18v-ltx-bl-q-i-metabo-sans-batterie-ni-chargeur-coffret-metabox-603828840-82249823.html
https://media.adeo.com/mkp/dbaf3300b9575e6fbba9a336286d771d/media.jpg?width=100;Perceuse visseuse METABO - BS 18V - LTX BL I 2 x 5,5 Ah LiHD, ASC 145, coffret - 602350660;83072894;Metabo;BS 18V - LTX BL I 2 x 5,5 Ah LiHD, ASC 145, coffret - 602350660;Herramientas > Herramientas electricas portatiles > Herramientas electricas para taladrar atornillar > Taladros > Taladros de bateria;611.5;EUR;extension-list;05.09.2026, 18:00:48;https://www.leroymerlin.es/productos/perceuse-visseuse-metabo-bs-18v-ltx-bl-i-2-x-5-5-ah-lihd-asc-145-coffret-602350660-83072894.html
https://media.adeo.com/mkp/29ad5ef5cac13759d4aa5827b7b9a0d8/media.jpg?width=100;Taraudeuse METABO - GB 18V LTX BL Q I 2 x 5,5 Ah LiHD, ASC 145, coffret + 2ème mandrin - 603828660;83073013;Metabo;GB 18V LTX BL Q I 2 x 5,5 Ah LiHD, ASC 145, coffret + 2ème mandrin - 603828840;Herramientas > Herramientas electricas portatiles > Herramientas electricas para taladrar atornillar > Taladros > Taladros de bateria;690.76;EUR;extension-list;05.09.2026, 18:00:48;https://www.leroymerlin.es/productos/taraudeuse-metabo-gb-18v-ltx-bl-q-i-2-x-5-5-ah-lihd-asc-145-coffret-2eme-mandrin-603828660-83073013.html
https://media.adeo.com/mkp/f20471ac4afab2d6f628585da58e4b0b/media.jpg?width=100;Llave de impacto eléctrica 1010 vatios;83063180;Impact;;Herramientas > Herramientas electricas portatiles > Herramientas electricas para taladrar atornillar > Taladros > Taladros de bateria;;;;05.09.2026, 18:00:48;https://www.leroymerlin.es/productos/llave-de-impacto-electrica-1010-vatios-83063180.html
https://media.adeo.com/mkp/88183c83af20197558ff8ff5ddae870e/media.jpg?width=100;POWX00830 - Taladro atornillador 20V - incl. 2 baterías 20V 1,3Ah y cargador - 134 acc.;88933387;;POWX00830;Herramientas > Herramientas electricas portatiles > Herramientas electricas para taladrar atornillar > Taladros > Taladros de bateria;151.92;EUR;extension-list;05.09.2026, 18:00:48;https://www.leroymerlin.es/productos/powx00830-taladro-atornillador-20v-incl-2-baterias-20v-1-3ah-y-cargador-134-acc-88933387.html
https://media.adeo.com/mkp/9e488c5c6bac96c68a86aa8a0c700375/media.jpg?width=100;Llave de impacto inalámbrica 1/4 - SCHEPPACH - 20V IXES - Par 180 Nm - sin batería ni cargador - C-ID180-X;94729358;Impact;C-ID180-X;Herramientas > Herramientas electricas portatiles > Herramientas electricas para taladrar atornillar > Taladros > Taladros de bateria;80.37;EUR;extension-list;05.09.2026, 18:00:48;https://www.leroymerlin.es/productos/llave-de-impacto-inalambrica-1-4-scheppach-20v-ixes-par-180-nm-sin-bateria-ni-cargador-c-id180-x-94729358.html
https://media.adeo.com/mkp/12c77bd7ee113fd12f5f96d9c0515944/media.jpg?width=100;Bosch professional taladro/destornillador inalÁmbrico gsr 18v-45 professional, 18 voltios azul/negro, 3 baterÍas de iones de lit;89814155;Bosch;professional taladro/destornillador inalÁmbrico gsr 18v-45 professional, 18 volt;Herramientas > Herramientas electricas portatiles > Herramientas electricas para taladrar atornillar > Taladros > Taladros de bateria;442.45;EUR;extension-list;05.09.2026, 18:00:29;https://www.leroymerlin.es/productos/bosch-professional-taladro-destornillador-inalambrico-gsr-18v-45-professional-18-voltios-azul-negro-3-baterias-de-iones-de-lit-89814155.html
https://media.adeo.com/mkp/523a2fe035112fcfd4edb96224971ac7/media.jpg?width=100;Taladro de batería GSR 12V-35 FC | Batería 2x 3.0ah 1 pieza y l-boxx;86570296;;12V-35;Herramientas > Herramientas electricas portatiles > Herramientas electricas para taladrar atornillar > Taladros > Taladros de bateria;383.89;EUR;extension-list;05.09.2026, 18:00:29;https://www.leroymerlin.es/productos/taladro-de-bateria-gsr-12v-35-fc-bateria-2x-3-0ah-1-pieza-y-l-boxx-86570296.html
https://media.adeo.com/mkp/296e40aedd0340ff6a62ed56977a44b5/media.jpg?width=100;Llave de impacto a batería cuadrada 1-2;83593877;Impact;;Herramientas > Herramientas electricas portatiles > Herramientas electricas para taladrar atornillar > Taladros > Taladros de bateria;74.99;EUR;extension-list;05.09.2026, 18:00:29;https://www.leroymerlin.es/productos/llave-de-impacto-a-bateria-cuadrada-1-2-83593877.html
https://media.adeo.com/mkp/b88b856ecea97502896ed1f24bb3e657/media.jpg?width=100;Taladro atornillador a batería TXS 18-Basic-Set - 577335 - Festool;91025483;Basic;;Herramientas > Herramientas electricas portatiles > Herramientas electricas para taladrar atornillar > Taladros > Taladros de bateria;357.01;EUR;extension-list;05.09.2026, 18:00:29;https://www.leroymerlin.es/productos/taladro-atornillador-a-bateria-txs-18-basic-set-577335-festool-91025483.html
https://media.adeo.com/mkp/2cebf7c49e2e82aa4b2f4e490877bc81/media.jpg?width=300;Perceuse-visseuse sans fil Evolution R13CMB-Li avec batterie 2Ah et chargeur;73114463;;;Herramientas > Herramientas electricas portatiles > Herramientas electricas para taladrar atornillar > Taladros > Taladros de bateria;242.69;EUR;extension-list;05.09.2026, 18:00:29;https://www.leroymerlin.es/productos/perceuse-visseuse-sans-fil-evolution-r13cmb-li-avec-batterie-2ah-et-chargeur-73114463.html
https://media.adeo.com/mkp/28bdb5a4d62f817307d313b8fc7dcb73/media.jpg?width=100;Taladro atornillador a batería TXS 18 C 3.0-Set - 576896 - Festool;88741610;Festool;;Herramientas > Herramientas electricas portatiles > Herramientas electricas para taladrar atornillar > Taladros > Taladros de bateria;490.88;EUR;extension-list;05.09.2026, 18:00:29;https://www.leroymerlin.es/productos/taladro-atornillador-a-bateria-txs-18-c-3-0-set-576896-festool-88741610.html
https://media.adeo.com/mkp/053dac715e1caeb07a5cd9ed6200f3de/media.jpg?width=300;Brüder Mannesmann Taladro inalámbrico 2x20 V 1,5 Ah;86615059;Brüder Mannesmann;2x20 V 1,5 Ah;Herramientas > Herramientas electricas portatiles > Herramientas electricas para taladrar atornillar > Taladros > Taladros de bateria;77.85;EUR;extension-list;05.09.2026, 18:00:29;https://www.leroymerlin.es/productos/bruder-mannesmann-taladro-inalambrico-2x20-v-1-5-ah-86615059.html
https://media.adeo.com/mkp/5f93d9d4a7ad3ef5805756d00ea09524/media.jpg?width=300;BGS 3240 | Druckluft-Schlagschrauber | 25 mm (1;84929562;BGS;;Herramientas > Herramientas electricas portatiles > Herramientas electricas para taladrar atornillar > Taladros > Taladros de bateria;586.83;EUR;extension-list;05.09.2026, 18:00:29;https://www.leroymerlin.es/productos/bgs-3240-druckluft-schlagschrauber-25-mm-1-2169-nm-84929562.html
https://media.adeo.com/mkp/d66dc2ed3980a27de4e7ad924bbe8bbd/media.jpg?width=100;Powerplus POWESET1 Taladro atornillador 18V Li-Ion + 2 baterías + 153 accesorios;83339045;Powerplus;POWESET1;Herramientas > Herramientas electricas portatiles > Herramientas electricas para taladrar atornillar > Taladros > Taladros de bateria;89.99;EUR;extension-list;05.09.2026, 18:00:29;https://www.leroymerlin.es/productos/powerplus-poweset1-taladro-atornillador-18v-li-ion-2-baterias-153-accesorios-83339045.html
https://media.adeo.com/mkp/7f459d8e5eb890d620a4534d55dd3d6b/media.jpg?width=100;Destornillador de impacto MultiVolt 1100Nm 36V 2.5/5Ah cuadrado sin escobillas 3/4 IP56 HC - WR36DAWRZ;82198481;Impact;WR36DAWRZ;Herramientas > Herramientas electricas portatiles > Herramientas electricas para taladrar atornillar > Taladros > Taladros de bateria;693.02;EUR;extension-list;05.09.2026, 18:00:29;https://www.leroymerlin.es/productos/destornillador-de-impacto-multivolt-1100nm-36v-2-5-5ah-cuadrado-sin-escobillas-3-4-ip56-hc-wr36dawrz-82198481.html
https://media.adeo.com/mkp/e754b9aa0db2adcc3f59582e845dd975/media.jpg?width=100;MultiVolt 1050Nm 36V 2.5/5Ah Brushless 1/2 IP56 HitCase - WR36DBWRZ;82198478;MultiVolt;WR36DBWRZ;Herramientas > Herramientas electricas portatiles > Herramientas electricas para taladrar atornillar > Taladros > Taladros de bateria;518.93;EUR;extension-list;05.09.2026, 18:00:29;https://www.leroymerlin.es/productos/multivolt-1050nm-36v-2-5-5ah-brushless-1-2-ip56-hitcase-wr36dbwrz-82198478.html
https://media.adeo.com/mkp/62a0ddce032d6395ed030df91da6f7f7/media.jpg?width=100;Visseuse pour plaquiste festool duradrive dwc 18-4500-basic (machine seule systainer sys3 m 187);84351067;Festool;DWC 18-4500-basic;Herramientas > Herramientas electricas portatiles > Herramientas electricas para taladrar atornillar > Taladros > Taladros de bateria;436.16;EUR;extension-list;05.09.2026, 18:00:29;https://www.leroymerlin.es/productos/visseuse-pour-plaquiste-festool-duradrive-dwc-18-4500-basic-machine-seule-systainer-sys3-m-187-84351067.html
https://media.adeo.com/mkp/b07092e6b5226a1d2ae4743648a67557/media.jpg?width=300;Atornillador de impacto inalámbrico sin escobillas Maxxpack 18V - 350 Nm - se vende sin batería ni cargador.;98623825;Impact;;Herramientas > Herramientas electricas portatiles > Herramientas electricas para taladrar atornillar > Taladros > Taladros de bateria;124.84;EUR;extension-list;05.09.2026, 18:00:29;https://www.leroymerlin.es/productos/atornillador-de-impacto-inalambrico-sin-escobillas-maxxpack-18v-350-nm-se-vende-sin-bateria-ni-cargador-98623825.html
https://media.adeo.com/mkp/573233daed53fcd361e6305781c00402/media.jpg?width=300;Llave de impacto estrella color negro medida sw 24 hasta sw 120 COFAN;89350350;Impact;;Herramientas > Herramientas electricas portatiles > Herramientas electricas para taladrar atornillar > Taladros > Taladros de bateria;281.65;EUR;extension-list;05.09.2026, 18:00:29;https://www.leroymerlin.es/productos/llave-de-impacto-estrella-color-negro-medida-sw-24-hasta-sw-120-cofan-89350350.html
https://media.adeo.com/mkp/fa38ad8331596ba79f4a3a104e07e655/media.jpg?width=100;"Llave de Impacto a Batería Rosfix OD21V Set – Motor Brushless 350 Nm | 21V 2x4Ah Li-Ion, Cuadrado 1/2"" | Auto y Obra";99119938;Impact;OD21V;Herramientas > Herramientas electricas portatiles > Herramientas electricas para taladrar atornillar > Taladros > Taladros de bateria;99.99;EUR;extension-list;05.09.2026, 18:00:29;https://www.leroymerlin.es/productos/llave-de-impacto-a-bateria-rosfix-od21v-set-motor-brushless-350-nm-21v-2x4ah-li-ion-cuadrado-1-2-auto-y-obra-99119938.html
https://media.adeo.com/mkp/cbef1c55d43f016166ccbea29e942aea/media.jpg?width=100;Taladro atornillador a batería TXS 12 2.5-Plus - 576873 - Festool;89501730;Festool;;Herramientas > Herramientas electricas portatiles > Herramientas electricas para taladrar atornillar > Taladros > Taladros de bateria;289.41;EUR;extension-list;05.09.2026, 18:00:29;https://www.leroymerlin.es/productos/taladro-atornillador-a-bateria-txs-12-2-5-plus-576873-festool-89501730.html
https://media.adeo.com/mkp/bbf35e104bf77231170fe6d248b74818/media.jpg?width=300;Taladro atornillador inalámbrico de 18 V - Maxxpack - 2 velocidades - 18 ajustes de par;97542769;;;Herramientas > Herramientas electricas portatiles > Herramientas electricas para taladrar atornillar > Taladros > Taladros de bateria;62.89;EUR;extension-list;05.09.2026, 18:00:29;https://www.leroymerlin.es/productos/taladro-atornillador-inalambrico-de-18-v-maxxpack-2-velocidades-18-ajustes-de-par-97542769.html
https://media.adeo.com/mkp/071badb837d1a4196c59ed07fe8bced3/media.jpg?width=100;Taladro Atornillador 20V PowerPlus;83339043;PowerPlus;POWX18;Herramientas > Herramientas electricas portatiles > Herramientas electricas para taladrar atornillar > Taladros > Taladros de bateria;55.44;EUR;extension-list;05.09.2026, 18:00:29;https://www.leroymerlin.es/productos/taladro-atornillador-20v-powerplus-83339043.html
https://media.adeo.com/mkp/53bcd2ec3730e6e2c93530e5f8c49444/media.jpg?width=300;makita Visseuse-perceuse à percussion sans fil DTP131RMJ;80139074;MAkita;DTP131RMJ;Herramientas > Herramientas electricas portatiles > Herramientas electricas para taladrar atornillar > Taladros > Taladros de bateria;744.49;EUR;extension-list;05.09.2026, 18:00:07;https://www.leroymerlin.es/productos/makita-visseuse-perceuse-a-percussion-sans-fil-dtp131rmj-80139074.html
https://media.adeo.com/mkp/0778cc7408f742d6fbee7a5f6b08bcbf/media.jpg?width=300;YATO Llave de impacto sin batería 1/2;89106584;YATO;;Herramientas > Herramientas electricas portatiles > Herramientas electricas para taladrar atornillar > Taladros > Taladros de bateria;65.38;EUR;extension-list;05.09.2026, 18:00:07;https://www.leroymerlin.es/productos/yato-llave-de-impacto-sin-bateria-1-2-18-v-300-nm-89106584.html
https://media.adeo.com/mkp/bb146b64874c2a82d92c66f8ae8704e2/media.jpg?width=100;Taladro de impacto eléctrico de 1050 W, taladro percutor y martillo rotativo con empuñadura giratoria de 360°.;77823302;Impact;;Herramientas > Herramientas electricas portatiles > Herramientas electricas para taladrar atornillar > Taladros > Taladros de bateria;;;;05.09.2026, 18:00:07;https://www.leroymerlin.es/productos/taladro-de-impacto-electrico-de-1050-w-taladro-percutor-y-martillo-rotativo-con-empunadura-giratoria-de-360-77823302.html
https://media.adeo.com/mkp/9f6fad120c20708623c7484865021e5b/media.jpg?width=100;Taladro/Destornillador inalámbrico de 3,6 V, destornillador orbital recargable con batería de 2,0 Ah, 7 Nm, cable de carga USB.;78023758;;;Herramientas > Herramientas electricas portatiles > Herramientas electricas para taladrar atornillar > Taladros > Taladros de bateria;;;;05.09.2026, 18:00:07;https://www.leroymerlin.es/productos/taladro-destornillador-inalambrico-de-3-6-v-destornillador-orbital-recargable-con-bateria-de-2-0-ah-7-nm-cable-de-carga-usb-78023758.html
https://media.adeo.com/mkp/8be8b47f33b4fcb7a0f45469d3706d1e/media.jpg?width=100;Kit de taladro/atornillador inalámbrico de 8 V, rosa, batería de 2000 mAh, par de 12 Nm, portabrocas de 10 mm.;77972008;;;Herramientas > Herramientas electricas portatiles > Herramientas electricas para taladrar atornillar > Taladros > Taladros de bateria;;;;05.09.2026, 18:00:07;https://www.leroymerlin.es/productos/kit-de-taladro-atornillador-inalambrico-de-8-v-rosa-bateria-de-2000-mah-par-de-12-nm-portabrocas-de-10-mm-77972008.html
https://media.adeo.com/mkp/8e272be5f8cfce6f9674112d9b0dc720/media.jpg?width=100;Taladro percutor eléctrico de 1500 W, taladro de martillo, martillo rotativo con empuñadura giratoria de 360° y 4 funciones.;77721806;;;Herramientas > Herramientas electricas portatiles > Herramientas electricas para taladrar atornillar > Taladros > Taladros de bateria;;;;05.09.2026, 18:00:07;https://www.leroymerlin.es/productos/taladro-percutor-electrico-de-1500-w-taladro-de-martillo-martillo-rotativo-con-empunadura-giratoria-de-360-y-4-funciones-77721806.html
https://media.adeo.com/mkp/8e12fb6e350a3bcad03ec291591f89d8/media.jpg?width=300;Taladro/atornillador con impacto 18V STHOR 78974;90950912;STHOR;;Herramientas > Herramientas electricas portatiles > Herramientas electricas para taladrar atornillar > Taladros > Taladros de bateria;46.9;EUR;extension-list;05.09.2026, 18:00:07;https://www.leroymerlin.es/productos/taladro-atornillador-con-impacto-18v-sthor-78974-90950912.html
https://media.adeo.com/mkp/0c6c809c1765a0e6f36e2cdccdcaff3b/media.jpg?width=100;GENERIQUE Avvitatore a impulsi elettrico brushless, chiave a batteria da 1/2 pollice, utensile elettrico a batteria da 18 V, 1 batteria inclusa;74579193;GENERIQUE;;Herramientas > Herramientas electricas portatiles > Herramientas electricas para taladrar atornillar > Taladros > Taladros de bateria;;;;05.09.2026, 18:00:07;https://www.leroymerlin.es/productos/generique-avvitatore-a-impulsi-elettrico-brushless-chiave-a-batteria-da-1-2-pollice-utensile-elettrico-a-batteria-da-18-v-1-batteria-inclusa-74579193.html
https://media.adeo.com/mkp/36192aa30c17563d9a10b32a222fa290/media.png?width=100;Destornillador de perra inalámbrica IW 1/2 950 18.0-EC | 18 Batería Voltohne sin cargador en L-Boxx;89618948;;18.0-EC;Herramientas > Herramientas electricas portatiles > Herramientas electricas para taladrar atornillar > Taladros > Taladros de bateria;359.29;EUR;extension-list;05.09.2026, 18:00:07;https://www.leroymerlin.es/productos/destornillador-de-perra-inalambrica-iw-1-2-950-18-0-ec-18-bateria-voltohne-sin-cargador-en-l-boxx-89618948.html
https://media.adeo.com/mkp/9bc590511bf1f5edaa18eb408cdef017/media.jpg?width=100;HYCHIKA Trapano Avvitatore Batteria 18V, Trapano a percussione 45 Nm, Batteria 2,0 Ah, 27 accessori, Ricarica rapida 1 ora, Coppia 21+3, 2 velocità, c;89592398;HYCHIKA;Trapano Avvitatore Batteria 18V;Herramientas > Herramientas electricas portatiles > Herramientas electricas para taladrar atornillar > Taladros > Taladros de bateria;;;;05.09.2026, 18:00:07;https://www.leroymerlin.es/productos/hychika-trapano-avvitatore-batteria-18v-trapano-a-percussione-45-nm-batteria-2-0-ah-27-accessori-ricarica-rapida-1-ora-coppia-21-3-2-velocita-c-89592398.html
https://media.adeo.com/mkp/5b9935f9edcbd049ee30c46d66aaafea/media.jpg?width=100;Taladro-destornillador inalámbrico Makita DDF484ZJ - Li-ion 18V - Cuerpo libre (se entrega sin batería ni cargador);82871828;MAkita;DDF484ZJ;Herramientas > Herramientas electricas portatiles > Herramientas electricas para taladrar atornillar > Taladros > Taladros de bateria;199.86;EUR;extension-list;05.09.2026, 18:00:07;https://www.leroymerlin.es/productos/taladro-destornillador-inalambrico-makita-ddf484zj-li-ion-18v-cuerpo-libre-se-entrega-sin-bateria-ni-cargador-82871828.html
https://media.adeo.com/mkp/7cba3d75feee98675160cc0ee2706460/media.jpg?width=300;Bosch professional taladro percutor inalÁmbrico gsb 18v-110 c 3x baterÍa procore18v 4.0ah, l-boxx;89814157;Bosch;GBH 18V-110 C 3x ProCore18V 4.0Ah, L-Boxx;Herramientas > Herramientas electricas portatiles > Herramientas electricas para taladrar atornillar > Taladros > Taladros de bateria;652.2;EUR;extension-list;05.09.2026, 18:00:07;https://www.leroymerlin.es/productos/bosch-professional-taladro-percutor-inalambrico-gsb-18v-110-c-3x-bateria-procore18v-4-0ah-l-boxx-89814157.html
https://media.adeo.com/mkp/edf03702a3eec47d28cdf7c16ba0c85d/media.jpg?width=100;"Taladro/atornillador inalámbrico de 18 V con portabrocas de 3/8"", 2 velocidades, batería de iones de litio de 2.0 Ah y 16 accesorios.";77681059;;;Herramientas > Herramientas electricas portatiles > Herramientas electricas para taladrar atornillar > Taladros > Taladros de bateria;;;;05.09.2026, 18:00:07;https://www.leroymerlin.es/productos/taladro-atornillador-inalambrico-de-18-v-con-portabrocas-de-3-8-2-velocidades-bateria-de-iones-de-litio-de-2-0-ah-y-16-accesorios-77681059.html
https://media.adeo.com/mkp/f0ee36a548c0bc324eb2e89d4a32fb2e/media.jpeg?width=100;Atornillador en seco FEIN 18V ASCT 18 SELECT - Sin batería ni cargador - 71131665000;82983108;FEIN;71131665000;Herramientas > Herramientas electricas portatiles > Herramientas electricas para taladrar atornillar > Taladros > Taladros de bateria;470.7;EUR;extension-list;05.09.2026, 18:00:07;https://www.leroymerlin.es/productos/atornillador-en-seco-fein-18v-asct-18-select-sin-bateria-ni-cargador-71131665000-82983108.html
https://media.adeo.com/mkp/4701f5809eb2c311f105119b46c7d837/media.jpg?width=100;Taladro sin cable 18V 2 Baterías de litio 2Ah VITO + Cargador + Juego de tornillos 32 piezas;84516110;Vito;;Herramientas > Herramientas electricas portatiles > Herramientas electricas para taladrar atornillar > Taladros > Taladros de bateria;;;;05.09.2026, 18:00:07;https://www.leroymerlin.es/productos/taladro-sin-cable-18v-2-baterias-de-litio-2ah-vito-cargador-juego-de-tornillos-32-piezas-84516110.html
https://media.adeo.com/mkp/d0155a536267668ebeeece5e17143497/media.jpeg?width=100;Taladro Bateria Powerplus 18 V 2 Baterias 1.5 Ah;83339051;Powerplus;POWE40030;Herramientas > Herramientas electricas portatiles > Herramientas electricas para taladrar atornillar > Taladros > Taladros de bateria;114.62;EUR;extension-list;05.09.2026, 18:00:07;https://www.leroymerlin.es/productos/taladro-bateria-powerplus-18-v-2-baterias-1-5-ah-83339051.html
https://media.adeo.com/mkp/def5ba93a1fc91ea64775efaa2b3b17e/media.jpg?width=300;Taladro sin cable 14,4V;89223138;;;Herramientas > Herramientas electricas portatiles > Herramientas electricas para taladrar atornillar > Taladros > Taladros de bateria;63.99;EUR;extension-list;05.09.2026, 18:00:07;https://www.leroymerlin.es/productos/taladro-sin-cable-14-4v-89223138.html
https://media.adeo.com/mkp/81b68c0e1385ac4815855fbdb20b1eef/media.jpg?width=300;Llave de impacto Yato YT-82020 de 1/4;87673724;Impact;YT-82020;Herramientas > Herramientas electricas portatiles > Herramientas electricas para taladrar atornillar > Taladros > Taladros de bateria;83.59;EUR;extension-list;05.09.2026, 18:00:07;https://www.leroymerlin.es/productos/llave-de-impacto-yato-yt-82020-de-1-4-3300-rpm-450-n-m-negra-y-roja-450-w-87673724.html
https://media.adeo.com/mkp/e18c5edbb758f914f5c72fad8b9fe07b/media.jpg?width=100;Taladro atornillador a batería CXS 18-Basic-Set - 577333 - Festool;88741608;Basic;;Herramientas > Herramientas electricas portatiles > Herramientas electricas para taladrar atornillar > Taladros > Taladros de bateria;362.91;EUR;extension-list;05.09.2026, 17:59:48;https://www.leroymerlin.es/productos/taladro-atornillador-a-bateria-cxs-18-basic-set-577333-festool-88741608.html
https://www.leroymerlin.es/cdp-site/6.66.0/static/images/common/loader-v2.svg;MAKITA;82039765;Makita;HP 001 GZ;Herramientas > Herramientas electricas portatiles > Herramientas electricas para taladrar atornillar > Taladros > Taladros de bateria;;;;05.09.2026, 17:59:48;https://www.leroymerlin.es/productos/taladro-percutor-a-bateria-makita-12v-2-baterias-cargador-y-maletin-pvc-hp333dsae-82039765.html
https://media.adeo.com/mkp/d5299973fc648ec7920c1f48ae4bbeb6/media.jpg?width=100;3/4 llave de impacto de aire comprimido, 1800 nm;82814638;Makita;;Herramientas > Herramientas electricas portatiles > Herramientas electricas para taladrar atornillar > Taladros > Taladros de bateria;91.83;EUR;extension-list;05.09.2026, 17:59:48;https://www.leroymerlin.es/productos/3-4-llave-de-impacto-de-aire-comprimido-1800-nm-82814638.html
https://media.adeo.com/mkp/83cfe3c5a8dfb65b55c340d3b7f147ad/media.jpg?width=100;Makita HP 001 GZ Perceuse à percussion sans fil 140 Nm XGT 40 V max. sans balai Solo - sans batterie, sans chargeur;88305437;Makita;Td110Dsaj;Herramientas > Herramientas electricas portatiles > Herramientas electricas para taladrar atornillar > Taladros > Taladros de bateria;203.27;EUR;extension-list;05.09.2026, 17:59:48;https://www.leroymerlin.es/productos/makita-hp-001-gz-perceuse-a-percussion-sans-fil-140-nm-xgt-40-v-max-sans-balai-solo-sans-batterie-sans-chargeur-88305437.html
https://media.adeo.com/mkp/d323b0362b244ded235ff486b39d1097/media.jpg?width=100;Makita Td110Dsaj Tournevis;82058175;MAkita;;Herramientas > Herramientas electricas portatiles > Herramientas electricas para taladrar atornillar > Taladros > Taladros de bateria;239.78;EUR;extension-list;05.09.2026, 17:59:48;https://www.leroymerlin.es/productos/makita-td110dsaj-tournevis-82058175.html
https://media.adeo.com/mkp/158067870387e07b69d0f3df42bf8e56/media.jpg?width=100;Maletín de diagnóstico para turbocompresor con adaptadores de bayoneta | 9 piezas;84848271;;;Herramientas > Herramientas electricas portatiles > Herramientas electricas para taladrar atornillar > Taladros > Taladros de bateria;153.92;EUR;extension-list;05.09.2026, 17:59:48;https://www.leroymerlin.es/productos/maletin-de-diagnostico-para-turbocompresor-con-adaptadores-de-bayoneta-9-piezas-84848271.html
https://media.adeo.com/mkp/74fa1c4cbfd313f99676b447f27d1782/media.jpg?width=100;Taladro percutor inalámbrico de 20 V, con portabrocas y 22.500 IPM, incluye 14 brocas y puntas de destornillador para ladrillo, metal y madera.;71305028;BLACK+DECKER;GBH 2-26;Herramientas > Herramientas electricas portatiles > Herramientas electricas para taladrar atornillar > Taladros > Taladros de bateria;88.4;EUR;extension-list;05.09.2026, 17:59:48;https://www.leroymerlin.es/productos/taladro-percutor-inalambrico-de-20-v-con-portabrocas-y-22-500-ipm-incluye-14-brocas-y-puntas-de-destornillador-para-ladrillo-metal-y-madera-71305028.html
https://media.adeo.com/mkp/50d14373b3910caa664e03c6a8487ae4/media.jpg?width=100;Juego de reparación de pernos de ruedas | M12 + M14;84591081;;;Herramientas > Herramientas electricas portatiles > Herramientas electricas para taladrar atornillar > Taladros > Taladros de bateria;60.7;EUR;extension-list;05.09.2026, 17:59:48;https://www.leroymerlin.es/productos/juego-de-reparacion-de-pernos-de-ruedas-m12-m14-84591081.html
https://media.adeo.com/mkp/0ca2a4a943d6c3f6f7e8e19fc468de6b/media.jpg?width=100;HYCHIKA Avvitatore a Batteria 6Nm, Cacciavite Elettrico 3.6 V 2.0 Ah, Avvitatore Elettrico, Luce a LE, Cavo di Ricarica USB, 35 Accessori, Custodia;89591506;HYCHIKA;;Herramientas > Herramientas electricas portatiles > Herramientas electricas para taladrar atornillar > Taladros > Taladros de bateria;76.4;EUR;extension-list;05.09.2026, 17:59:48;https://www.leroymerlin.es/productos/hychika-avvitatore-a-batteria-6nm-cacciavite-elettrico-3-6-v-2-0-ah-avvitatore-elettrico-luce-a-le-cavo-di-ricarica-usb-35-accessori-custodia-89591506.html
https://media.adeo.com/mkp/77ae795bacda6ab2c3794ac3edcd9d77/media.jpeg?width=100;Llave impacto compac.1/2 610nm 1,5kg q q;83051052;Compac;;Herramientas > Herramientas electricas portatiles > Herramientas electricas para taladrar atornillar > Taladros > Taladros de bateria;240.34;EUR;extension-list;05.09.2026, 17:59:48;https://www.leroymerlin.es/productos/llave-impacto-compac-1-2-610nm-1-5kg-q-q-83051052.html
https://media.adeo.com/mkp/a3d2a5b789e52b8273616d17e224dccf/media.jpg?width=100;Atornillador autoalimentado a batería DWC 18-2500 Basic DURADRIVE - 576497 - Festool;86570147;FESTOOL;;Herramientas > Herramientas electricas portatiles > Herramientas electricas para taladrar atornillar > Taladros > Taladros de bateria;454.35;EUR;extension-list;05.09.2026, 17:59:48;https://www.leroymerlin.es/productos/atornillador-autoalimentado-a-bateria-dwc-18-2500-basic-duradrive-576497-festool-86570147.html
https://media.adeo.com/mkp/7f9acde8e49cc9172dd99df929fbf47b/media.jpg?width=300;Taladro Percutor BOSCH 0615990m0e 18 V;87953560;Bosch;0615990m0e;Herramientas > Herramientas electricas portatiles > Herramientas electricas para taladrar atornillar > Taladros > Taladros de bateria;332.7;EUR;extension-list;05.09.2026, 17:59:48;https://www.leroymerlin.es/productos/taladro-percutor-bosch-0615990m0e-18-v-87953560.html
https://media.adeo.com/mkp/c7e4b334a005a172ae6057952ad9841e/media.jpg?width=100;"Juego de carraca neumática | 12,5 mm (1/2"") | 102 Nm | 14 piezas";84848249;;;Herramientas > Herramientas electricas portatiles > Herramientas electricas para taladrar atornillar > Taladros > Taladros de bateria;119.23;EUR;extension-list;05.09.2026, 17:59:48;https://www.leroymerlin.es/productos/juego-de-carraca-neumatica-12-5-mm-1-2-102-nm-14-piezas-84848249.html
https://media.adeo.com/mkp/6694f96768b4ce5c96ab2c920ac6df37/media.jpg?width=300;Taladro de batería 18V GSR 18V-21 | Sin batería de cargador de época en la caja.;86570325;Metabo;18V-2;Herramientas > Herramientas electricas portatiles > Herramientas electricas para taladrar atornillar > Taladros > Taladros de bateria;222.64;EUR;extension-list;05.09.2026, 17:59:48;https://www.leroymerlin.es/productos/taladro-de-bateria-18v-gsr-18v-21-sin-bateria-de-cargador-de-epoca-en-caja-86570325.html
https://media.adeo.com/media/4644832/media.jpg?width=300;Taladro percutor a batería METABO 18V - 2 baterias - Cargador SC 36 (220-240 V / -) Maletín profesional con taller portátil de 78 piezas;94531473;MEtabo;;Herramientas > Herramientas electricas portatiles > Herramientas electricas para taladrar atornillar > Taladros > Taladros de bateria;228.85;EUR;extension-list;05.09.2026, 17:59:48;https://www.leroymerlin.es/productos/taladro-percutor-a-bateria-metabo-18v-2-baterias-cargador-sc-36-220-240-v-maletin-profesional-con-taller-portatil-de-78-piezas-94531473.html
https://media.adeo.com/mkp/bedc31aee167fc6bbd9ce071b5517b19/media.jpg?width=300;Set de 4 máquinas MAKITA - 3 Baterías 18V Li-Ion 4.0 - Taladro DDF458 + Amoladora DTD152 + Taladro DHR202 + Atornillador DGA452 - DLX4054MX1;89070360;MAkita;DLX4054MX1;Herramientas > Herramientas electricas portatiles > Herramientas electricas para taladrar atornillar > Taladros > Taladros de bateria;765.5;EUR;extension-list;05.09.2026, 17:59:48;https://www.leroymerlin.es/productos/set-de-4-maquinas-makita-3-baterias-18v-li-ion-4-0-taladro-ddf458-amoladora-dtd152-taladro-dhr202-atornillador-dga452-dlx4054mx1-89070360.html
https://media.adeo.com/mkp/3946d37aa7dfa642ee972fd8b1b4683a/media.jpg?width=300;Boulonneuse GDS 18V-1600 HC - BOSCH - sans batterie, ni chargeur - L-BOXX - 06019M1001;79644367;BOsch;06019M1001;Herramientas > Herramientas electricas portatiles > Herramientas electricas para taladrar atornillar > Taladros > Taladros de bateria;419.24;EUR;extension-list;05.09.2026, 17:59:48;https://www.leroymerlin.es/productos/boulonneuse-gds-18v-1600-hc-bosch-sans-batterie-ni-chargeur-l-boxx-06019m1001-79644367.html
https://media.adeo.com/mkp/f027c9be39901cf03afbf134a22878f2/media.jpg?width=300;COFAN TALADRO 20 V.1 BATERIA 1.5 Ah.CARGADOR BOX;89370171;COfan;;Herramientas > Herramientas electricas portatiles > Herramientas electricas para taladrar atornillar > Taladros > Taladros de bateria;81.71;EUR;extension-list;05.09.2026, 17:59:48;https://www.leroymerlin.es/productos/cofan-taladro-20-v-1-bateria-1-5-ah-cargador-box-89370171.html
https://media.adeo.com/mkp/336d39fd54f22c3b0f661c3bc4cc964c/media.jpg?width=300;Taladro atornillador sin cable Black + Decker 18V Batería de litio de 1,5 Ah Cargador Maletín de almacenamiento;36595083;BLACK+DECKER;BDCHD12S1A;Herramientas > Herramientas electricas portatiles > Herramientas electricas para taladrar atornillar > Taladros > Taladros de bateria;131.86;EUR;extension-list;05.09.2026, 17:59:28;https://www.leroymerlin.es/productos/taladro-atornillador-sin-cable-black-decker-18v-bateria-de-litio-de-1-5-ah-cargador-maletin-de-almacenamiento-36595083.html
https://media.adeo.com/mkp/e41e503e0c52228c3166662d0bc77263/media.jpg?width=100;Juego de destornilladores eléctricos recargables por USB de 38 piezas y 3,6 V, herramienta eléctrica multifuncional con opciones de puntas manuales y;77409899;;;Herramientas > Herramientas electricas portatiles > Herramientas electricas para taladrar atornillar > Taladros > Taladros de bateria;41.39;EUR;extension-list;05.09.2026, 17:59:28;https://www.leroymerlin.es/productos/juego-de-destornilladores-electricos-recargables-por-usb-de-38-piezas-y-3-6-v-herramienta-electrica-multifuncional-con-opciones-de-puntas-manuales-y-77409899.html
https://media.adeo.com/mkp/8b56221a0a93c74a411dbb121f2e26cb/media.jpg?width=100;Martillo perforador inalámbrico de 20 V, 4,5 J de energía de impacto y 3800 IPM, 4 piezas SDS-Plus de 28 mm.;71301294;BLACK+DECKER;BDCDD12;Herramientas > Herramientas electricas portatiles > Herramientas electricas para taladrar atornillar > Taladros > Taladros de bateria;180.56;EUR;extension-list;05.09.2026, 17:59:28;https://www.leroymerlin.es/productos/martillo-perforador-inalambrico-de-20-v-4-5-j-de-energia-de-impacto-y-3800-ipm-4-piezas-sds-plus-de-28-mm-71301294.html
https://www.leroymerlin.es/cdp-site/6.66.0/static/images/common/loader-v2.svg;EINHELL;79780603;Einhell;;Herramientas > Herramientas electricas portatiles > Herramientas electricas para taladrar atornillar > Taladros > Taladros de bateria;112.57;EUR;extension-list;05.09.2026, 17:59:28;https://www.leroymerlin.es/productos/taladro-percutor-einhell-te-cd-18-50-li-i-cargador-y-bateria-pxc-18v-2-5-ah-set-33-puntas-y-brocas-79780603.html
https://www.leroymerlin.es/cdp-site/6.66.0/static/images/common/loader-v2.svg;STANLEY FATMAX;92242171;Stanley Fatmax;FMC627D2;Herramientas > Herramientas electricas portatiles > Herramientas electricas para taladrar atornillar > Taladros > Taladros de bateria;;;;05.09.2026, 17:59:28;https://www.leroymerlin.es/productos/aprietatuercas-a-bateria-stanley-fatmax-18v-brushless-sin-bateria-sfmcf940b-xj-92242171.html
https://www.leroymerlin.es/cdp-site/6.66.0/static/images/common/loader-v2.svg;EINHELL;87668987;Einhell;;Herramientas > Herramientas electricas portatiles > Herramientas electricas para taladrar atornillar > Taladros > Taladros de bateria;;;;05.09.2026, 17:59:28;https://www.leroymerlin.es/productos/taladro-a-bateria-einhell-te-cd-18-40-1-con-dos-baterias-de-ion-litio-de-2-0-ah-87668987.html
https://www.leroymerlin.es/cdp-site/6.66.0/static/images/common/loader-v2.svg;RYOBI;90141572;RYOBI;R18AG7-0;Herramientas > Herramientas electricas portatiles > Herramientas electricas para taladrar atornillar > Taladros > Taladros de bateria;90.99;EUR;extension-list;05.09.2026, 17:59:28;https://www.leroymerlin.es/productos/taladro-percutor-a-bateria-ryobi-18v-brushless-sin-bateria-punta-de-atornillar-doble-rpd18bl1-0-90141572.html
https://media.adeo.com/mkp/186c39e882ba4998347059547294b033/media.jpg?width=100;HYCHIKA Trapano Avvitatore Batteria 12V, Avvitatore a Batteria 30 Nm, 21+1 Impostazioni Di Coppia, 2 Velocità Regolabili, 26 Accessori, Luce LED, Adat;89591832;HYCHIKA;;Herramientas > Herramientas electricas portatiles > Herramientas electricas para taladrar atornillar > Taladros > Taladros de bateria;77.7;EUR;extension-list;05.09.2026, 17:59:28;https://www.leroymerlin.es/productos/hychika-trapano-avvitatore-batteria-12v-avvitatore-a-batteria-30-nm-21-1-impostazioni-di-coppia-2-velocita-regolabili-26-accessori-luce-led-adat-89591832.html
https://media.adeo.com/mkp/1f893ae5e35d5f8e18bfcf219a659dac/media.jpg?width=100;MAKITA DHP486Z - Taladro percutor motor Brushless 18V LXT 130Nm sin batería ni cargador;83321706;MAkita;DHP486Z;Herramientas > Herramientas electricas portatiles > Herramientas electricas para taladrar atornillar > Taladros > Taladros de bateria;359.64;EUR;extension-list;05.09.2026, 17:59:28;https://www.leroymerlin.es/productos/makita-dhp486z-taladro-percutor-motor-brushless-18v-lxt-130nm-sin-bateria-ni-cargador-83321706.html
https://media.adeo.com/mkp/2ffad55844750e06520b8c5620791875/media.jpg?width=100;Taladro atornillador de percusión Black+Decker 12V BDCHD12S1A compacto;82380807;BLACK+DECKER;BDCHD12S1A;Herramientas > Herramientas electricas portatiles > Herramientas electricas para taladrar atornillar > Taladros > Taladros de bateria;129.28;EUR;extension-list;05.09.2026, 17:59:28;https://www.leroymerlin.es/productos/taladro-atornillador-de-impacto-de-12-v-bdchd12s1a-compacto-y-ligero-para-trabajos-de-precision-black-decker-82380807.html
https://media.adeo.com/mkp/bdd4e35da855a9611a5d46b908538200/media.jpg?width=100;Destornillador Eléctrico, HYCHIKA 6Nm Bateria 3.6V 2,0 Ah, LED Luz, Carga Cable USB, 20 Accesorios, Para Reparaciones en El Hogar;90306570;;3.6V;Herramientas > Herramientas electricas portatiles > Herramientas electricas para taladrar atornillar > Taladros > Taladros de bateria;60.15;EUR;extension-list;05.09.2026, 17:59:28;https://www.leroymerlin.es/productos/destornillador-electrico-hychika-6nm-bateria-3-6v-2-0-ah-led-luz-carga-cable-usb-20-accesorios-para-reparaciones-en-el-hogar-90306570.html
https://www.leroymerlin.es/cdp-site/6.66.0/static/images/common/loader-v2.svg;WORX;92518073;WORX;;Herramientas > Herramientas electricas portatiles > Herramientas electricas para taladrar atornillar > Taladros > Taladros de bateria;;;;05.09.2026, 17:59:28;https://www.leroymerlin.es/productos/taladro-percutor-a-bateria-worx-20v-brushlesss-2-baterias-nitro-92518073.html
https://media.adeo.com/mkp/7468e53e0c9a344709bd21c1c43593d0/media.jpg?width=300;Taladro atornillador Makita 18V + 2 baterías de litio de 3 Ah + Maletín;81962214;Makita;DHP453;Herramientas > Herramientas electricas portatiles > Herramientas electricas para taladrar atornillar > Taladros > Taladros de bateria;362.26;EUR;extension-list;05.09.2026, 17:59:28;https://www.leroymerlin.es/productos/taladro-atornillador-makita-18v-2-baterias-de-litio-de-3-ah-maletin-81962214.html
https://media.adeo.com/media/5587283/media.jpg?width=300;Taladro percutor Einhell 18V Brushless con 2 baterías 2.0Ah + Amoladora Einhell 18V 125mm + Martillo Vertical Einhell 18V + Multilijadora Einhell 18V + Sierra Sable Einhell 18V+ Batería Power X-Change 4.0 Ah + 39 brocas impacto + 10 discos corte;76186521;Einhell;TE-VC 1820 S;Herramientas > Herramientas electricas portatiles > Herramientas electricas para taladrar atornillar > Taladros > Taladros de bateria;682.68;EUR;extension-list;05.09.2026, 17:59:28;https://www.leroymerlin.es/productos/taladro-percutor-einhell-18v-brushless-con-2-baterias-2-0ah-amoladora-einhell-18v-125mm-martillo-vertical-einhell-18v-multilijadora-einhell-18v-sierra-sable-einhell-18v-bateria-power-x-change-4-0-ah-39-brocas-impacto-10-discos-corte-76186521.html
https://media.adeo.com/mkp/bdf0d3395c25782b6160e93334819b30/media.jpg?width=300;Destornillador GDR 12V-110 BOSCH + 2 baterías 3,0Ah + L-Boxx - 06019E0005;82806693;BOsch;06019E0005;Herramientas > Herramientas electricas portatiles > Herramientas electricas para taladrar atornillar > Taladros > Taladros de bateria;281.46;EUR;extension-list;05.09.2026, 17:59:28;https://www.leroymerlin.es/productos/destornillador-gdr-12v-110-bosch-2-baterias-3-0ah-l-boxx-06019e0005-82806693.html
https://www.leroymerlin.es/cdp-site/6.66.0/static/images/common/loader-v2.svg;EINHELL;79779633;EInhell;;Herramientas > Herramientas electricas portatiles > Herramientas electricas para taladrar atornillar > Taladros > Taladros de bateria;116.77;EUR;extension-list;05.09.2026, 17:59:28;https://www.leroymerlin.es/productos/taladro-percutor-einhell-te-cd-18-50-li-i-cargador-y-bateria-pxc-18v-2-5-ah-set-33-puntas-y-brocas-para-hormigon-79779633.html
https://media.adeo.com/mkp/fd79a58d662a86ee756fe005e2a6da59/media.jpg?width=300;Taladro atornillador a batería Universal Drill 18 V 2 velocidades - sin batería sin cargador;85156614;Bosch;0 603 9C8 005;Herramientas > Herramientas electricas portatiles > Herramientas electricas para taladrar atornillar > Taladros > Taladros de bateria;90.11;EUR;extension-list;05.09.2026, 17:59:28;https://www.leroymerlin.es/productos/taladro-atornillador-a-bateria-universal-drill-18-v-2-velocidades-sin-bateria-sin-cargador-85156614.html
https://media.adeo.com/mkp/60bae8eee0a73adeef04f15f9a57c9fc/media.jpg?width=300;Llave de Impacto BOSCH GDS 18V-750 C (Cuerpo solo + L-Boxx 136 + módulo Bluetooth GCY42);95817262;BOsch;18V-750;Herramientas > Herramientas electricas portatiles > Herramientas electricas para taladrar atornillar > Taladros > Taladros de bateria;343.63;EUR;extension-list;05.09.2026, 17:59:28;https://www.leroymerlin.es/productos/llave-de-impacto-bosch-gds-18v-750-c-cuerpo-solo-l-boxx-136-modulo-bluetooth-gcy42-95817262.html
https://media.adeo.com/mkp/e0fea4c0154221cf8b7e00cc8be4125f/media.jpg?width=300;MAKITA D-70758 - Set copas nylon taladro (3pcs);98218648;MAKITA;D-70758;Herramientas > Herramientas electricas portatiles > Herramientas electricas para taladrar atornillar > Taladros > Taladros de bateria;9.86;EUR;extension-list;05.09.2026, 17:59:08;https://www.leroymerlin.es/productos/makita-d-70758-set-copas-nylon-taladro-3pcs-98218648.html
https://media.adeo.com/mkp/a39fecdbb6cc38f562ac29221749d8ee/media.jpg?width=300;Bosch Home and Garden Bosch UniversalDrill 18, 06039C8005, Trapano-Avvitatore, 2 batterie al litio, 18 V;82548508;;;Herramientas > Herramientas electricas portatiles > Herramientas electricas para taladrar atornillar > Taladros > Taladros de bateria;262.04;EUR;extension-list;05.09.2026, 17:59:08;https://www.leroymerlin.es/productos/bosch-home-and-garden-bosch-universaldrill-18-06039c8005-trapano-avvitatore-2-batterie-al-litio-18-v-82548508.html
https://media.adeo.com/mkp/c212ac6a9edafad71f6755dca593720b/media.jpg?width=100;ATORNILLADOR A BATERÍA GSR18V-45 2x2.0Ah GAL18V-20 LB;86585477;Makita;GSR18V-45;Herramientas > Herramientas electricas portatiles > Herramientas electricas para taladrar atornillar > Taladros > Taladros de bateria;253.09;EUR;extension-list;05.09.2026, 17:59:08;https://www.leroymerlin.es/productos/atornillador-a-bateria-gsr18v-45-2x2-0ah-gal18v-20-lb-86585477.html
https://media.adeo.com/mkp/1c27efb0f1ddcb566726091f1eb880ff/media.jpg?width=100;Boulonneuse à chocs 36 v => 2x18 v li-ion 800 nm makita - 2 batteries, chargeur, coffret - dwt310pt2;84079181;Makita;;Herramientas > Herramientas electricas portatiles > Herramientas electricas para taladrar atornillar > Taladros > Taladros de bateria;582.68;EUR;extension-list;05.09.2026, 17:59:08;https://www.leroymerlin.es/productos/boulonneuse-a-chocs-36-v-gt-2x18-v-li-ion-800-nm-makita-2-batteries-chargeur-coffret-dwt310pt2-84079181.html
https://media.adeo.com/mkp/2164507ae6a8f943ac73266ef37a0913/media.jpg?width=100;Juego de pistola neumática de impacto para calentadores;84926802;Impact;;Herramientas > Herramientas electricas portatiles > Herramientas electricas para taladrar atornillar > Taladros > Taladros de bateria;305.6;EUR;extension-list;05.09.2026, 17:59:08;https://www.leroymerlin.es/productos/juego-de-pistola-neumatica-de-impacto-para-calentadores-84926802.html
https://media.adeo.com/mkp/839f087ec8cd4f201db492c9126236b1/media.jpg?width=100;Bosch 06039B5004 Taladro atornillador a batería AdvancedDrill 18 Motor brushless 2 velocidades sin batería ni cargador;82601168;BOsch;06039B5004;Herramientas > Herramientas electricas portatiles > Herramientas electricas para taladrar atornillar > Taladros > Taladros de bateria;;;;05.09.2026, 17:59:08;https://www.leroymerlin.es/productos/bosch-06039b5004-taladro-atornillador-a-bateria-advanceddrill-18-motor-brushless-2-velocidades-sin-bateria-ni-cargador-82601168.html
https://media.adeo.com/mkp/f2ea8f887241012ba5c8ce8aaa45dc5b/media.jpg?width=100;makita Clé de mandrin de perçage à couronne den;96098076;Makita;DDF487ZJ;Herramientas > Herramientas electricas portatiles > Herramientas electricas para taladrar atornillar > Taladros > Taladros de bateria;32.99;EUR;extension-list;05.09.2026, 17:59:08;https://www.leroymerlin.es/productos/makita-cle-de-mandrin-de-percage-a-couronne-den-96098076.html
https://media.adeo.com/mkp/68e5923b63efc41a8f8124045e8c2662/media.jpg?width=100;GDS Rotary Drive GDS 18V-1000 | Batería 2x 5.5 AH l-boxx;88308287;GDS;18V-1000;Herramientas > Herramientas electricas portatiles > Herramientas electricas para taladrar atornillar > Taladros > Taladros de bateria;639.23;EUR;extension-list;05.09.2026, 17:59:08;https://www.leroymerlin.es/productos/gds-rotary-drive-gds-18v-1000-bateria-2x-5-5-ah-l-boxx-88308287.html
https://media.adeo.com/mkp/e1ac6e6584dcb8fb70fd07a023a4f544/media.jpg?width=100;Perceuse visseuse 40nm 18v li-ion makita sans batterie - ddf487zj;87886663;Makita;DDF487ZJ;Herramientas > Herramientas electricas portatiles > Herramientas electricas para taladrar atornillar > Taladros > Taladros de bateria;137.84;EUR;extension-list;05.09.2026, 17:59:08;https://www.leroymerlin.es/productos/perceuse-visseuse-40nm-18v-li-ion-makita-sans-batterie-ddf487zj-87886663.html
https://www.leroymerlin.es/cdp-site/6.66.0/static/images/common/loader-v2.svg;SKIL;89766983;SKil;;Herramientas > Herramientas electricas portatiles > Herramientas electricas para taladrar atornillar > Taladros > Taladros de bateria;;;;05.09.2026, 17:59:08;https://www.leroymerlin.es/productos/taladro-percutor-a-bateria-skil-20v-brushless-2-baterias-cargador-de-2-4-a-y-tope-de-produndidad-punta-doble-de-destornillador-cd1e3075hc-89766983.html
https://media.adeo.com/mkp/2ed2dedfb1d4abbcc728c12fb77a42b8/media.jpg?width=100;Bosch Professional 18V System Avvitatore a massa battente a batteria GDS 18V-450 PC (coppia di serraggio di 450 Nm, coppia di svitamento di 800 Nm);96231591;BOsch;18V-450;Herramientas > Herramientas electricas portatiles > Herramientas electricas para taladrar atornillar > Taladros > Taladros de bateria;281.63;EUR;extension-list;05.09.2026, 17:59:08;https://www.leroymerlin.es/productos/bosch-professional-18v-system-avvitatore-a-massa-battente-a-batteria-gds-18v-450-pc-coppia-di-serraggio-di-450-nm-coppia-di-svitamento-di-800-nm-96231591.html
https://www.leroymerlin.es/cdp-site/6.66.0/static/images/common/loader-v2.svg;BOSCH PROFESSIONAL;82270969;Bosch;0 601 XXX XXX / GXX X-XX;Herramientas > Herramientas electricas portatiles > Herramientas electricas para taladrar atornillar > Taladros > Taladros de bateria;141.85;EUR;extension-list;05.09.2026, 17:59:08;https://www.leroymerlin.es/productos/taladro-a-bateria-bosch-professional-12v-sin-bateria-gdr-12v-105-professional-82270969.html
https://media.adeo.com/mkp/938d47d5b4011934e6c37d4d6246e79c/media.jpg?width=100;Taladro percutor inalámbrico de 2 velocidades de impacto avanzado de 18 V 2 baterías de 2,5 Ah;83905702;;;Herramientas > Herramientas electricas portatiles > Herramientas electricas para taladrar atornillar > Taladros > Taladros de bateria;;;;05.09.2026, 17:59:08;https://www.leroymerlin.es/productos/taladro-percutor-inalambrico-de-2-velocidades-de-impacto-avanzado-de-18-v-2-baterias-de-2-5-ah-83905702.html
https://media.adeo.com/mkp/6b77aac0d040f3ad7dc9c1c96209f1cd/media.png?width=100;Taladro atornillador a batería TE-CD 18/45 3X-Li +22 1x2.0Ah;86400645;Bosch;0 601 9A5 000;Herramientas > Herramientas electricas portatiles > Herramientas electricas para taladrar atornillar > Taladros > Taladros de bateria;198.75;EUR;extension-list;05.09.2026, 17:59:08;https://www.leroymerlin.es/productos/taladro-atornillador-a-bateria-te-cd-18-45-3x-li-22-1x2-0ah-86400645.html
https://media.adeo.com/mkp/a74f4ffdb865e9b034bbb15cfc68ecc8/media.jpg?width=300;Taladro atornillador inalámbrico USB de 3,6 V – Kit de herramientas para el hogar de 42 piezas, rosa, destornillador eléctrico recargable con estuche;76822042;;;Herramientas > Herramientas electricas portatiles > Herramientas electricas para taladrar atornillar > Taladros > Taladros de bateria;72.19;EUR;extension-list;05.09.2026, 17:59:08;https://www.leroymerlin.es/productos/taladro-atornillador-inalambrico-usb-de-3-6-v-kit-de-herramientas-para-el-hogar-de-42-piezas-rosa-destornillador-electrico-recargable-con-estuche-76822042.html
https://media.adeo.com/mkp/7fe45769f9575b1eadc9b93d77bc79d2/media.jpg?width=300;Mango para martillos perforadores, diámetro interior ajustable de 60 a 65 mm (acero);79695959;Mango;;Herramientas > Herramientas electricas portatiles > Herramientas electricas para taladrar atornillar > Taladros > Taladros de bateria;15.99;EUR;extension-list;05.09.2026, 17:59:08;https://www.leroymerlin.es/productos/mango-para-martillos-perforadores-diametro-interior-ajustable-de-60-a-65-mm-acero-79695959.html
https://media.adeo.com/mkp/91981d9e1068c7cf1d530577493e4b33/media.jpg?width=300;Vaso de 3 caras | M6 (10 mm);84590969;Vaso;;Herramientas > Herramientas electricas portatiles > Herramientas electricas para taladrar atornillar > Taladros > Taladros de bateria;24.56;EUR;extension-list;05.09.2026, 17:59:08;https://www.leroymerlin.es/productos/vaso-de-3-caras-m6-10-mm-84590969.html
https://media.adeo.com/mkp/d8a01f7ff1c2d6a7edfcb119b135c242/media.jpg?width=300;MAKITA 198987-9 - Base inclinable rt0700c;75605837;MAkita;198987;Herramientas > Herramientas electricas portatiles > Herramientas electricas para taladrar atornillar > Taladros > Taladros de bateria;29.34;EUR;extension-list;05.09.2026, 17:59:08;https://www.leroymerlin.es/productos/makita-198987-9-base-inclinable-rt0700c-75605837.html
https://media.adeo.com/mkp/1ee5975f12183c013b09e0ff327aeb1f/media.jpg?width=300;Bosch taladro combinado a baterÍa universalimpact 18v + systembox, baterÍa li-ion 1,5ah + 2,5ah, maletÍn + 210 accesorios, power;87673777;Bosch;0 601 XXX XXX / GXX X-XX;Herramientas > Herramientas electricas portatiles > Herramientas electricas para taladrar atornillar > Taladros > Taladros de bateria;201.52;EUR;extension-list;05.09.2026, 17:58:48;https://www.leroymerlin.es/productos/bosch-taladro-combinado-a-bateria-universalimpact-18v-systembox-bateria-li-ion-1-5ah-2-5ah-maletin-210-accesorios-power-87673777.html
https://media.adeo.com/mkp/103b88919bacba21b88576061c916d01/media.jpg?width=100;4 piezas broca escalonada, HSS, 9.5MM, para madera, acero;71581565;Roca;9.5MM;Herramientas > Herramientas electricas portatiles > Herramientas electricas para taladrar atornillar > Taladros > Taladros de bateria;17.51;EUR;extension-list;05.09.2026, 17:58:48;https://www.leroymerlin.es/productos/4-piezas-broca-escalonada-hss-9-5mm-para-madera-acero-71581565.html
https://media.adeo.com/mkp/dea561aaf9e0ba6fbc55a1ac6be9f214/media.jpg?width=100;makita Visseuse à chargeur de vis (sans fil);80139098;Makita;;Herramientas > Herramientas electricas portatiles > Herramientas electricas para taladrar atornillar > Taladros > Taladros de bateria;766.19;EUR;extension-list;05.09.2026, 17:58:48;https://www.leroymerlin.es/productos/makita-visseuse-a-chargeur-de-vis-sans-fil-80139098.html
https://media.adeo.com/mkp/4c0e4c9569c00480daa4a94397ba264f/media.jpg?width=100;Taladro atornillador sin cable de 2 velocidades BOSCH UniversalDrill 18;82691602;Bosch;UniversalDrill 18;Herramientas > Herramientas electricas portatiles > Herramientas electricas para taladrar atornillar > Taladros > Taladros de bateria;;;;05.09.2026, 17:58:48;https://www.leroymerlin.es/productos/taladro-atornillador-sin-cable-de-2-velocidades-bosch-universaldrill-18-82691602.html
https://media.adeo.com/mkp/3fd44b1f80b29c72c37140febc7d1f29/media.jpg?width=100;Ryobi R18IW7-0 avvitatore a batteria 1/2 3000 Giri/min 270 Nm Nero, Verde 18 V;82310885;RYobi;R18IW7-0;Herramientas > Herramientas electricas portatiles > Herramientas electricas para taladrar atornillar > Taladros > Taladros de bateria;148.07;EUR;extension-list;05.09.2026, 17:58:48;https://www.leroymerlin.es/productos/ryobi-r18iw7-0-avvitatore-a-batteria-1-2-3000-giri-min-270-nm-nero-verde-18-v-82310885.html
https://media.adeo.com/mkp/13a20a425ec84303003d1ebe96cc309e/media.jpg?width=100;"KS TOOLS Clé à choc pneumatique haute performance superMONSTER 1"",";82694264;KS TOOLS;"superMONSTER 1""";Herramientas > Herramientas electricas portatiles > Herramientas electricas para taladrar atornillar > Taladros > Taladros de bateria;961.46;EUR;extension-list;05.09.2026, 17:58:48;https://www.leroymerlin.es/productos/ks-tools-cle-a-choc-pneumatique-haute-performance-supermonster-1-82694264.html
https://media.adeo.com/mkp/40287bf2cc049c60afed28b7923ad795/media.jpg?width=100;DEWALT DCD709L2T-QW - Taladro Percutor sin escobillas XR 18V 13mm 65Nm 2 baterías Li-Ion maletín TSTAK;87921115;DEwalt;DCD709L2T-QW;Herramientas > Herramientas electricas portatiles > Herramientas electricas para taladrar atornillar > Taladros > Taladros de bateria;;;;05.09.2026, 17:58:48;https://www.leroymerlin.es/productos/dewalt-dcd709l2t-qw-taladro-percutor-sin-escobillas-xr-18v-13mm-65nm-2-baterias-li-ion-maletin-tstak-87921115.html
https://www.leroymerlin.es/cdp-site/6.66.0/static/images/common/loader-v2.svg;EINHELL;79845020;Einhell;;Herramientas > Herramientas electricas portatiles > Herramientas electricas para taladrar atornillar > Taladros > Taladros de bateria;151.98;EUR;extension-list;05.09.2026, 17:58:48;https://www.leroymerlin.es/productos/aprietatuercas-einhell-18v-brushless-270nm-cargador-y-bateria-pxc-18v-4-0-ah-79845020.html
https://media.adeo.com/mkp/f7f2c381471b61db977c9676bc49e6b2/media.jpg?width=100;Llave de Impacto Inalámbrica Destornillador Eléctrico Multifunción 520N.M 18V + 2 Baterías;89264394;Impact;520N.M;Herramientas > Herramientas electricas portatiles > Herramientas electricas para taladrar atornillar > Taladros > Taladros de bateria;65.99;EUR;extension-list;05.09.2026, 17:58:48;https://www.leroymerlin.es/productos/llave-de-impacto-inalambrica-destornillador-electrico-multifuncion-520n-m-18v-2-baterias-89264394.html
https://media.adeo.com/mkp/cc2e17cf5295fef36a64937e40c4f527/media.jpg?width=100;50 piezas broca, carburo, 0.5-0.9mm, para PCB;71582973;Roca;;Herramientas > Herramientas electricas portatiles > Herramientas electricas para taladrar atornillar > Taladros > Taladros de bateria;16.74;EUR;extension-list;05.09.2026, 17:58:48;https://www.leroymerlin.es/productos/50-piezas-broca-carburo-0-5-0-9mm-para-pcb-71582973.html
https://media.adeo.com/mkp/02659b07c69ac4f8cc3af38cdb9c5ef4/media.png?width=100;Inteligente destornillador eléctrico c/ doble Torque ajuste fuerte magnético Adsorption puntas hogar Appliances móvil teléfono Disassembly reparación;72134799;Adsorption;;Herramientas > Herramientas electricas portatiles > Herramientas electricas para taladrar atornillar > Taladros > Taladros de bateria;21.04;EUR;extension-list;05.09.2026, 17:58:48;https://www.leroymerlin.es/productos/inteligente-destornillador-electrico-c-doble-torque-ajuste-fuerte-magnetico-adsorption-puntas-hogar-appliances-movil-telefono-disassembly-reparacion-72134799.html
https://media.adeo.com/mkp/3793d257e2d1209a25f9bb331f315bd6/media.jpg?width=300;Total Tools - Taladro Percutor a Batería P20S de 20V | Portabrocas Automático hasta 10 mm | 2 Velocidades y Luz LED | Incluye 2 Baterías 2 Ah, Cargado;87796545;Total;P20S;Herramientas > Herramientas electricas portatiles > Herramientas electricas para taladrar atornillar > Taladros > Taladros de bateria;317.65;EUR;extension-list;05.09.2026, 17:58:48;https://www.leroymerlin.es/productos/total-tools-taladro-percutor-a-bateria-p20s-de-20v-portabrocas-automatico-hasta-10-mm-2-velocidades-y-luz-led-incluye-2-baterias-2-ah-cargado-87796545.html
https://media.adeo.com/mkp/218d3544e0709c901b556536a149da13/media.jpg?width=300;Makita DTW251RTJ Llave de Impacto Inalámbrica 18V 1/2 230Nm;85156481;MAkita;DTW251RTJ;Herramientas > Herramientas electricas portatiles > Herramientas electricas para taladrar atornillar > Taladros > Taladros de bateria;419.28;EUR;extension-list;05.09.2026, 17:58:48;https://www.leroymerlin.es/productos/makita-dtw251rtj-llave-de-impacto-inalambrica-18v-1-2-230nm-85156481.html
https://media.adeo.com/mkp/be06e597b064ed8b18d25b28adec445b/media.jpg?width=100;juego de puntas de destornillador 10 piezas, acero Cr-V/Cr-Mo, 1/2Inch, para acero, con llave;71194044;;;Herramientas > Herramientas electricas portatiles > Herramientas electricas para taladrar atornillar > Taladros > Taladros de bateria;40.12;EUR;extension-list;05.09.2026, 17:58:48;https://www.leroymerlin.es/productos/juego-de-puntas-de-destornillador-10-piezas-acero-cr-v-cr-mo-1-2inch-para-acero-con-llave-71194044.html
https://media.adeo.com/mkp/6cff70950f91f8f66aa7ff95ddbc8952/media.jpg?width=100;Mini recargable destornillador eléctrico kit portátil inalámbrico destornillador potente Home-use de mano destornillador eléctrico juego;72130661;Mini;;Herramientas > Herramientas electricas portatiles > Herramientas electricas para taladrar atornillar > Taladros > Taladros de bateria;47.11;EUR;extension-list;05.09.2026, 17:58:48;https://www.leroymerlin.es/productos/mini-recargable-destornillador-electrico-kit-portatil-inalambrico-destornillador-potente-home-use-de-mano-destornillador-electrico-juego-72130661.html
https://media.adeo.com/mkp/bec738e085bf8929a1b6fb1b242820d3/media.jpg?width=300;Taladro percutor inalámbrico 18V 160Nm, taladro percutor a batería sin escobillas, 1x4.0Ah, 3 modos: atornillado, taladrado y percusión.;71302505;Bosch;Taladro percutor inalámbrico 18V 160Nm;Herramientas > Herramientas electricas portatiles > Herramientas electricas para taladrar atornillar > Taladros > Taladros de bateria;291.65;EUR;extension-list;05.09.2026, 17:58:48;https://www.leroymerlin.es/productos/taladro-percutor-inalambrico-18v-160nm-taladro-percutor-a-bateria-sin-escobillas-1x4-0ah-3-modos-atornillado-taladrado-y-percusion-71302505.html
https://media.adeo.com/mkp/3ebec3f4e757e318f81ae8a8cebf1755/media.jpg?width=300;Makita DTW 1001 Z 18 V Li-Ion Brushless Boulonneuse à chocs sans fil - sans Accessoires, ni Batteries, ni Chargeur;82964555;Makita;DTW 1001 Z 18 V Li-Ion Brushless;Herramientas > Herramientas electricas portatiles > Herramientas electricas para taladrar atornillar > Taladros > Taladros de bateria;307.9;EUR;extension-list;05.09.2026, 17:58:48;https://www.leroymerlin.es/productos/makita-dtw-1001-z-18-v-li-ion-brushless-boulonneuse-a-chocs-sans-fil-sans-accessoires-ni-batteries-ni-chargeur-82964555.html
https://media.adeo.com/media/4237441/media.jpg?width=300;Taladro percutor a batería SKIL 20V Brushless - 1 bateria - Coche teledirigido - CD1E3021RC;92330763;SKil;CD1E3021RC;Herramientas > Herramientas electricas portatiles > Herramientas electricas para taladrar atornillar > Taladros > Taladros de bateria;;;;05.09.2026, 17:58:48;https://www.leroymerlin.es/productos/taladro-percutor-a-bateria-skil-20v-brushless-1-bateria-coche-teledirigido-cd1e3021rc-92330763.html
https://media.adeo.com/mkp/52033743c5075d3b96ea5bf9c40ce923/media.jpg?width=100;7 piezas adaptador de taladro, 0.5-3mm, 3.17mm;71686649;Tado;;Herramientas > Herramientas electricas portatiles > Herramientas electricas para taladrar atornillar > Taladros > Taladros de bateria;10.34;EUR;extension-list;05.09.2026, 17:58:28;https://www.leroymerlin.es/productos/7-piezas-adaptador-de-taladro-0-5-3mm-3-17mm-71686649.html
https://media.adeo.com/mkp/993ecd06b5747be2709f7bfd246fd45c/media.jpg?width=100;broca macho de roscar, recubrimiento de titanio, vástago hexagonal, para madera;71686423;Roca;;Herramientas > Herramientas electricas portatiles > Herramientas electricas para taladrar atornillar > Taladros > Taladros de bateria;9.7;EUR;extension-list;05.09.2026, 17:58:28;https://www.leroymerlin.es/productos/broca-macho-de-roscar-recubrimiento-de-titanio-vastago-hexagonal-para-madera-71686423.html
https://media.adeo.com/mkp/4185b515ae31cd403eb8b77627c22feb/media.png?width=100;11 piezas portabrocas, aleación de aluminio, 0.8-3.0mm, para madera, aluminio;71664986;Roca;;Herramientas > Herramientas electricas portatiles > Herramientas electricas para taladrar atornillar > Taladros > Taladros de bateria;12.06;EUR;extension-list;05.09.2026, 17:58:28;https://www.leroymerlin.es/productos/11-piezas-portabrocas-aleacion-de-aluminio-0-8-3-0mm-para-madera-aluminio-71664986.html
https://media.adeo.com/mkp/e661309780b96cd677cafe6ec43cfed6/media.jpg?width=100;broca escalonada, HSS, 20mm, 9 Steps, vástago hexagonal, negro, para metal;71652687;Roca;;Herramientas > Herramientas electricas portatiles > Herramientas electricas para taladrar atornillar > Taladros > Taladros de bateria;10.74;EUR;extension-list;05.09.2026, 17:58:28;https://www.leroymerlin.es/productos/broca-escalonada-hss-20mm-9-steps-vastago-hexagonal-negro-para-metal-71652687.html
https://media.adeo.com/mkp/731a9b2e9da5139af48413f63c1084f0/media.jpg?width=100;cortador de tapones de madera, acero al carbono, 15mm, 40mm, para madera, acero;71647199;Tado;;Herramientas > Herramientas electricas portatiles > Herramientas electricas para taladrar atornillar > Taladros > Taladros de bateria;28.09;EUR;extension-list;05.09.2026, 17:58:28;https://www.leroymerlin.es/productos/cortador-de-tapones-de-madera-acero-al-carbono-15mm-40mm-para-madera-acero-71647199.html
https://media.adeo.com/mkp/54cf2b5b5599088d5e2af1467a10293b/media.jpg?width=100;juego de brocas helicoidales 74 piezas, M35, HSS cobalto, 1.0-8.0mm, M35;71628952;Roca;;Herramientas > Herramientas electricas portatiles > Herramientas electricas para taladrar atornillar > Taladros > Taladros de bateria;23.11;EUR;extension-list;05.09.2026, 17:58:28;https://www.leroymerlin.es/productos/juego-de-brocas-helicoidales-74-piezas-m35-hss-cobalto-1-0-8-0mm-m35-71628952.html
https://media.adeo.com/mkp/f4811ffcb94211b3c9328fc23c299cb7/media.jpg?width=100;juego de brocas 10 piezas, 0.5MM, para madera, reparación de relojes y móviles;71627264;Roca;0.5MM;Herramientas > Herramientas electricas portatiles > Herramientas electricas para taladrar atornillar > Taladros > Taladros de bateria;12.11;EUR;extension-list;05.09.2026, 17:58:28;https://www.leroymerlin.es/productos/juego-de-brocas-10-piezas-0-5mm-para-madera-reparacion-de-relojes-y-moviles-71627264.html
https://media.adeo.com/mkp/e519def2a8e9eea1586d67c79e9ce9f0/media.png?width=100;21 piezas portabrocas, aleación de aluminio, 0.6-3.0mm, para madera, aluminio;71626604;Roca;;Herramientas > Herramientas electricas portatiles > Herramientas electricas para taladrar atornillar > Taladros > Taladros de bateria;11.35;EUR;extension-list;05.09.2026, 17:58:28;https://www.leroymerlin.es/productos/21-piezas-portabrocas-aleacion-de-aluminio-0-6-3-0mm-para-madera-aluminio-71626604.html
https://media.adeo.com/mkp/b4574b092c10ff799ab0c3f5e607419f/media.jpg?width=100;10 piezas fresa, HSS, vástago recto, para acero, aluminio;71685605;;;Herramientas > Herramientas electricas portatiles > Herramientas electricas para taladrar atornillar > Taladros > Taladros de bateria;15.37;EUR;extension-list;05.09.2026, 17:58:28;https://www.leroymerlin.es/productos/10-piezas-fresa-hss-vastago-recto-para-acero-aluminio-71685605.html
https://media.adeo.com/mkp/95cde3bdd1b1fefa749d5df584123d3f/media.jpg?width=100;4 piezas topes de profundidad, dorado, para madera, metal, plástico, con ajustable;71665353;;;Herramientas > Herramientas electricas portatiles > Herramientas electricas para taladrar atornillar > Taladros > Taladros de bateria;22.79;EUR;extension-list;05.09.2026, 17:58:28;https://www.leroymerlin.es/productos/4-piezas-topes-de-profundidad-dorado-para-madera-metal-plastico-con-ajustable-71665353.html
https://media.adeo.com/mkp/33bbe0baf74f75a336c7368ef4498e36/media.jpg?width=100;juego de brocas, M35, HSS cobalto, 3.2mm, M35, para acero inoxidable, acero;71529400;Roca;;Herramientas > Herramientas electricas portatiles > Herramientas electricas para taladrar atornillar > Taladros > Taladros de bateria;10.37;EUR;extension-list;05.09.2026, 17:58:28;https://www.leroymerlin.es/productos/juego-de-brocas-m35-hss-cobalto-3-2mm-m35-para-acero-inoxidable-acero-71529400.html
https://media.adeo.com/mkp/bbf94d8f7f92c18b8c333528874fc6c1/media.jpg?width=100;juego de brocas helicoidales 3 piezas, 6mm, 8mm, 10mm, para madera;71686715;Roca;;Herramientas > Herramientas electricas portatiles > Herramientas electricas para taladrar atornillar > Taladros > Taladros de bateria;11.22;EUR;extension-list;05.09.2026, 17:58:28;https://www.leroymerlin.es/productos/juego-de-brocas-helicoidales-3-piezas-6mm-8mm-10mm-para-madera-71686715.html
https://media.adeo.com/mkp/58c3ace858fafa9866902e5418f1789f/media.jpg?width=300;broca avellanadora, acero aleado, para acero, con ajustable;71263162;;;Herramientas > Herramientas electricas portatiles > Herramientas electricas para taladrar atornillar > Taladros > Taladros de bateria;11.91;EUR;extension-list;05.09.2026, 17:58:28;https://www.leroymerlin.es/productos/broca-avellanadora-acero-aleado-para-acero-con-ajustable-71263162.html
https://media.adeo.com/mkp/116013297de9f3e2760bc7416205647a/media.jpg?width=300;abreagujeros, carburo, 35MM, 3 Flute, para madera, hormigón;71499035;;35MM;Herramientas > Herramientas electricas portatiles > Herramientas electricas para taladrar atornillar > Taladros > Taladros de bateria;13.47;EUR;extension-list;05.09.2026, 17:58:28;https://www.leroymerlin.es/productos/abreagujeros-carburo-35mm-3-flute-para-madera-hormigon-71499035.html
https://media.adeo.com/mkp/09f1f5792ea7e565d6a3b0e3b877426b/media.jpg?width=300;cortador de tapones de madera, acero al carbono, 15mm, 40mm, para madera, acero;71245697;;;Herramientas > Herramientas electricas portatiles > Herramientas electricas para taladrar atornillar > Taladros > Taladros de bateria;20.71;EUR;extension-list;05.09.2026, 17:58:28;https://www.leroymerlin.es/productos/cortador-de-tapones-de-madera-acero-al-carbono-15mm-40mm-para-madera-acero-71245697.html
https://media.adeo.com/mkp/8893250ce41fa81a6fb5229aeecce9bf/media.jpg?width=300;broca helicoidal, HSS, 1/2in, 19mm, vástago reducido, negro, para acero;71198277;Roca;;Herramientas > Herramientas electricas portatiles > Herramientas electricas para taladrar atornillar > Taladros > Taladros de bateria;13.41;EUR;extension-list;05.09.2026, 17:58:28;https://www.leroymerlin.es/productos/broca-helicoidal-hss-1-2in-19mm-vastago-reducido-negro-para-acero-71198277.html
https://media.adeo.com/mkp/ae88a943b03256d4ae7417431ff49132/media.jpg?width=300;METABO 613157840 SB 18 L BL (613157840) Taladro atornillador de percusión de batería;93428119;METABO;613157840;Herramientas > Herramientas electricas portatiles > Herramientas electricas para taladrar atornillar > Taladros > Taladros de bateria;193.11;EUR;extension-list;05.09.2026, 17:58:28;https://www.leroymerlin.es/productos/metabo-613157840-sb-18-l-bl-613157840-taladro-atornillador-de-percusion-de-bateria-93428119.html
https://media.adeo.com/mkp/6d15acce8fc577e525a8ec7f7efc8bc1/media.jpg?width=300;6 piezas fresas rotativas, HSS, 1/4Inch, 5mm, para madera, metal, plástico;71529119;;;Herramientas > Herramientas electricas portatiles > Herramientas electricas para taladrar atornillar > Taladros > Taladros de bateria;14.18;EUR;extension-list;05.09.2026, 17:58:28;https://www.leroymerlin.es/productos/6-piezas-fresas-rotativas-hss-1-4inch-5mm-para-madera-metal-plastico-71529119.html
https://media.adeo.com/mkp/f228831b41729c2a2249161e982d38b8/media.jpg?width=100;Llave de impacto inalámbrica C-ID180-X - 1/4 sin escobillas 180 Nm 3600 bmp - SCHEPPACH 20V IXES - sin batería ni cargador;74628703;Impact;C-ID180-X;Herramientas > Herramientas electricas portatiles > Herramientas electricas para taladrar atornillar > Taladros > Taladros de bateria;110.79;EUR;extension-list;05.09.2026, 17:58:08;https://www.leroymerlin.es/productos/llave-de-impacto-inalambrica-c-id180-x-1-4-sin-escobillas-180-nm-3600-bmp-scheppach-20v-ixes-sin-bateria-ni-cargador-74628703.html
https://media.adeo.com/mkp/47e423403b10feeeb6e2ac1e0710a5c6/media.jpg?width=300;Makita TD002GZ01 Cordless Impact Wrench 40 V Max. (without Battery, without Charger);91289763;MAkita;TD002GZ01;Herramientas > Herramientas electricas portatiles > Herramientas electricas para taladrar atornillar > Taladros > Taladros de bateria;;;;05.09.2026, 17:58:08;https://www.leroymerlin.es/productos/makita-td002gz01-cordless-impact-wrench-40-v-max-without-battery-without-charger-91289763.html
https://media.adeo.com/mkp/3c34fc27d66f0ed514d678ad5b260d73/media.png?width=100;Kit de herramientas Twinpack 18V 2.0Ah;82845069;;;Herramientas > Herramientas electricas portatiles > Herramientas electricas para taladrar atornillar > Taladros > Taladros de bateria;422.92;EUR;extension-list;05.09.2026, 17:58:08;https://www.leroymerlin.es/productos/kit-de-herramientas-twinpack-18v-2-0ah-82845069.html
https://media.adeo.com/mkp/0eb633c74b38092352e7faf23bfe0e31/media.jpg?width=300;broca partidor de leña, para madera;71662380;Roca;;Herramientas > Herramientas electricas portatiles > Herramientas electricas para taladrar atornillar > Taladros > Taladros de bateria;14.4;EUR;extension-list;05.09.2026, 17:58:08;https://www.leroymerlin.es/productos/broca-partidor-de-lena-para-madera-71662380.html
https://media.adeo.com/mkp/341c8f5bb0e6fd9c9f94cb1fcbb207fb/media.jpg?width=300;broca partidor de leña, 38mm, para madera;71666203;Roca;;Herramientas > Herramientas electricas portatiles > Herramientas electricas para taladrar atornillar > Taladros > Taladros de bateria;19.73;EUR;extension-list;05.09.2026, 17:58:08;https://www.leroymerlin.es/productos/broca-partidor-de-lena-38mm-para-madera-71666203.html
https://media.adeo.com/mkp/2ad557602966878ab781db0e3ec4e61d/media.jpg?width=300;portabrocas, para acero;71665823;Roca;;Herramientas > Herramientas electricas portatiles > Herramientas electricas para taladrar atornillar > Taladros > Taladros de bateria;20.95;EUR;extension-list;05.09.2026, 17:58:08;https://www.leroymerlin.es/productos/portabrocas-para-acero-71665823.html
https://media.adeo.com/media/5544619/media.jpg?width=300;Taladro a batería EINHELL 18V + Cargador y Batería PXC 18V 5Ah;79835003;Einhell;TE-CD 18/5;Herramientas > Herramientas electricas portatiles > Herramientas electricas para taladrar atornillar > Taladros > Taladros de bateria;168.49;EUR;extension-list;05.09.2026, 17:58:08;https://www.leroymerlin.es/productos/taladro-a-bateria-einhell-18v-cargador-y-bateria-pxc-18v-5ah-79835003.html
https://www.leroymerlin.es/cdp-site/6.66.0/static/images/common/loader-v2.svg;DEWALT;98602986;DEWALT;DWE7492;Herramientas > Herramientas electricas portatiles > Herramientas electricas para taladrar atornillar > Taladros > Taladros de bateria;;;;05.09.2026, 17:58:08;https://www.leroymerlin.es/productos/taladro-percutor-a-bateria-dewalt-18v-brushless-sin-bateria-maletin-tstak-dcd799nt-98602986.html
https://media.adeo.com/mkp/9c3601e8075659a3c6ea67539881db43/media.jpg?width=300;MAKITA 798308-1 - Punta (philips) 2-45 ****;79874331;MAkita;798308;Herramientas > Herramientas electricas portatiles > Herramientas electricas para taladrar atornillar > Taladros > Taladros de bateria;37.25;EUR;extension-list;05.09.2026, 17:58:08;https://www.leroymerlin.es/productos/makita-798308-1-punta-philips-2-45-79874331.html
https://media.adeo.com/mkp/87fecc6a1bf77c1aee3fc240945b6d05/media.jpg?width=100;ATORNILLADOR DE IMPACTO A BATERÍA GDS 18V-1000 2xPC8.0 GAL1880 L-Boxx;88308290;Impact;GAL1880;Herramientas > Herramientas electricas portatiles > Herramientas electricas para taladrar atornillar > Taladros > Taladros de bateria;758.99;EUR;extension-list;05.09.2026, 17:58:08;https://www.leroymerlin.es/productos/atornillador-de-impacto-a-bateria-gds-18v-1000-2xpc8-0-gal1880-l-boxx-88308290.html
https://media.adeo.com/mkp/042300d92507b216b7d5a24964f29b30/media.jpg?width=100;Perforación de impacto de la batería 18V DHP451Z | Sin batería sin cargador;88305439;Perforación;DHP451Z;Herramientas > Herramientas electricas portatiles > Herramientas electricas para taladrar atornillar > Taladros > Taladros de bateria;218.19;EUR;extension-list;05.09.2026, 17:58:08;https://www.leroymerlin.es/productos/perforacion-de-impacto-de-bateria-18v-dhp451z-sin-bateria-sin-cargador-88305439.html
https://media.adeo.com/mkp/4c3cee0951c142913ac0c55ed8361a3e/media.jpg?width=100;"MAKITA DTW700RTJ - Llave impacto motor Brushless 18V LXT 700Nm 2 baterías 5Ah Makpac 1/2""";84912064;MAkita;DTW700RTJ;Herramientas > Herramientas electricas portatiles > Herramientas electricas para taladrar atornillar > Taladros > Taladros de bateria;461.9;EUR;extension-list;05.09.2026, 17:58:08;https://www.leroymerlin.es/productos/makita-dtw700rtj-llave-impacto-motor-brushless-18v-lxt-700nm-2-baterias-5ah-makpac-1-2-84912064.html
https://media.adeo.com/mkp/e942457aa7a7b22c9fb6f9fbbe230f3c/media.jpg?width=100;Llave de Impacto BOSCH GDS 18V-1050 H (Cuerpo solo);88305312;BOsch;18V-1050;Herramientas > Herramientas electricas portatiles > Herramientas electricas para taladrar atornillar > Taladros > Taladros de bateria;334.58;EUR;extension-list;05.09.2026, 17:58:08;https://www.leroymerlin.es/productos/llave-de-impacto-bosch-gds-18v-1050-h-cuerpo-solo-88305312.html
https://www.leroymerlin.es/cdp-site/6.66.0/static/images/common/loader-v2.svg;DEWALT;87921621;DEWALT;DWE7492;Herramientas > Herramientas electricas portatiles > Herramientas electricas para taladrar atornillar > Taladros > Taladros de bateria;;;;05.09.2026, 17:58:08;https://www.leroymerlin.es/productos/aprietatuercas-a-bateria-dewalt-12v-brushless-sin-bateria-solo-herramienta-dcf504n-xj-87921621.html
https://media.adeo.com/mkp/7ec62015bbe02931f2947e3593f0ceae/media.jpg?width=100;Destornillador de construcción rápida de 18V DFS452RTJ 2X 5.0AKKU;80139087;;5.0AKKU;Herramientas > Herramientas electricas portatiles > Herramientas electricas para taladrar atornillar > Taladros > Taladros de bateria;449.61;EUR;extension-list;05.09.2026, 17:58:08;https://www.leroymerlin.es/productos/destornillador-de-construccion-rapida-de-18v-dfs452rtj-2x-5-0akku-80139087.html
https://media.adeo.com/mkp/98c5a75700bdb461bc9e91542166bdfd/media.jpg?width=100;Juego de taladro inalámbrico,herramienta para reforma y bricolaje en casa (energía de impacto de 1,8 J),herramienta eléctrica adecuada para bricolaje;78501468;Bosch;0 601 9H5 203;Herramientas > Herramientas electricas portatiles > Herramientas electricas para taladrar atornillar > Taladros > Taladros de bateria;117.67;EUR;extension-list;05.09.2026, 17:58:08;https://www.leroymerlin.es/productos/juego-de-taladro-inalambrico-herramienta-para-reforma-y-bricolaje-en-casa-energia-de-impacto-de-1-8-j-herramienta-electrica-adecuada-para-bricolaje-78501468.html
https://media.adeo.com/mkp/9981b9bf07af5189d076cfd44b36f079/media.jpg?width=100;Makita - Taladro atornillador de impacto 18V 1.3Ah Li-Ion Ø 13mm - HP457DWE;82751903;Makita;HP457DWE;Herramientas > Herramientas electricas portatiles > Herramientas electricas para taladrar atornillar > Taladros > Taladros de bateria;290.85;EUR;extension-list;05.09.2026, 17:58:08;https://www.leroymerlin.es/productos/makita-taladro-atornillador-de-impacto-18v-1-3ah-li-ion-13mm-hp457dwe-82751903.html
https://media.adeo.com/mkp/8f01284aee98796a8b4788bcd798707e/media.jpg?width=100;Bosch - Taladro atornillador con batería de iones de litio de 12 V 2x3,0 Ah con maletín - GSR 12V-35 Professional;83071437;Bosch;12V-35;Herramientas > Herramientas electricas portatiles > Herramientas electricas para taladrar atornillar > Taladros > Taladros de bateria;380.2;EUR;extension-list;05.09.2026, 17:58:08;https://www.leroymerlin.es/productos/bosch-taladro-atornillador-con-bateria-de-iones-de-litio-de-12-v-2x3-0-ah-con-maletin-gsr-12v-35-professional-83071437.html
https://media.adeo.com/mkp/df571994b54b6ef68a7b43d13f61881b/media.jpg?width=300;Visseuse sans fil - MEISTER - MAS36 - Batterie 3,6V Li-ion 2,0 Ah - Rotation 5 Nm - 220 tours/min - LED;96116557;Visseuse;MAS36;Herramientas > Herramientas electricas portatiles > Herramientas electricas para taladrar atornillar > Taladros > Taladros de bateria;35.46;EUR;extension-list;05.09.2026, 17:57:48;https://www.leroymerlin.es/productos/visseuse-sans-fil-meister-mas36-batterie-3-6v-li-ion-2-0-ah-rotation-5-nm-220-tours-min-led-96116557.html
https://media.adeo.com/mkp/194487b6a06e517d03963c1e7b24a513/media.jpg?width=100;Bosch Professional 06019H5203 GSR 18V-55-Avvitatore (Senza Batteria, 18 Volt, Max. Momento torcente: 55 NM, in L-BOXX), 18 V, Blu;86570287;;;Herramientas > Herramientas electricas portatiles > Herramientas electricas para taladrar atornillar > Taladros > Taladros de bateria;;;;05.09.2026, 17:57:48;https://www.leroymerlin.es/productos/bosch-professional-06019h5203-gsr-18v-55-avvitatore-senza-batteria-18-volt-max-momento-torcente-55-nm-in-l-boxx-18-v-blu-86570287.html
https://media.adeo.com/mkp/002a490d821ae7ce28ee8e7d08bc738d/media.jpg?width=100;Destornillador planos Philips N.2 Makita 783002-8;83713635;Makita;783002-8;Herramientas > Herramientas electricas portatiles > Herramientas electricas para taladrar atornillar > Taladros > Taladros de bateria;6.34;EUR;extension-list;05.09.2026, 17:57:48;https://www.leroymerlin.es/productos/destornillador-planos-philips-n-2-makita-783002-8-83713635.html
https://media.adeo.com/mkp/7fdbcd583ccca22bf4037446dc28f082/media.jpg?width=100;broca escalonada, HSS, cambio rápido, para madera, acero, plástico, cobre;71528457;Roca;;Herramientas > Herramientas electricas portatiles > Herramientas electricas para taladrar atornillar > Taladros > Taladros de bateria;14.67;EUR;extension-list;05.09.2026, 17:57:48;https://www.leroymerlin.es/productos/broca-escalonada-hss-cambio-rapido-para-madera-acero-plastico-cobre-71528457.html
https://media.adeo.com/mkp/b9dfe1c6fc8e0915c98eec2ba2d6d008/media.jpg?width=100;GDS Rotary Drive GDS 18V-1050 HC | 2x batería PC 8.0AH + GCY42 L-Boxx;86615513;GDS;GCY42;Herramientas > Herramientas electricas portatiles > Herramientas electricas para taladrar atornillar > Taladros > Taladros de bateria;787.96;EUR;extension-list;05.09.2026, 17:57:48;https://www.leroymerlin.es/productos/gds-rotary-drive-gds-18v-1050-hc-2x-bateria-pc-8-0ah-gcy42-l-boxx-86615513.html
https://media.adeo.com/mkp/546e8ba3acb8ad004a9fbdcd8517bf5a/media.jpg?width=100;Visseuse plaquiste 12V BTS12C LI-202C AEG POWERTOOLS;81965171;AEg;LI-202C;Herramientas > Herramientas electricas portatiles > Herramientas electricas para taladrar atornillar > Taladros > Taladros de bateria;545.47;EUR;extension-list;05.09.2026, 17:57:48;https://www.leroymerlin.es/productos/visseuse-plaquiste-12v-bts12c-li-202c-aeg-powertools-81965171.html
https://media.adeo.com/mkp/dcece8930539ecaaf317111d8953521f/media.png?width=100;Llave de impacto de coche de 12V CC-HS 12/1;83840479;Impact;;Herramientas > Herramientas electricas portatiles > Herramientas electricas para taladrar atornillar > Taladros > Taladros de bateria;65.97;EUR;extension-list;05.09.2026, 17:57:48;https://www.leroymerlin.es/productos/llave-de-impacto-de-coche-de-12v-cc-hs-12-1-83840479.html
https://media.adeo.com/mkp/d25bd336eda3dabbf20b2c227305f7cf/media.jpg?width=100;adaptador de taladro, 10mm, para hormigón, con llave;71246216;Tado;;Herramientas > Herramientas electricas portatiles > Herramientas electricas para taladrar atornillar > Taladros > Taladros de bateria;12.83;EUR;extension-list;05.09.2026, 17:57:48;https://www.leroymerlin.es/productos/adaptador-de-taladro-10mm-para-hormigon-con-llave-71246216.html
https://media.adeo.com/mkp/bf4e7899d42015f431b8561b5fef3c4c/media.jpg?width=300;Taladro atornillador a batería de 20 V con portabrocas sin llave de 10 mm Top Line;93181562;;;Herramientas > Herramientas electricas portatiles > Herramientas electricas para taladrar atornillar > Taladros > Taladros de bateria;45.9;EUR;extension-list;05.09.2026, 17:57:48;https://www.leroymerlin.es/productos/taladro-atornillador-a-bateria-de-20-v-con-portabrocas-sin-llave-de-10-mm-top-line-93181562.html
https://media.adeo.com/mkp/c1ce964c35c81aee368b4eb0332d1e7f/media.jpg?width=100;MAKITA D-47759 - Fresa paneles rodamiento 8 mm;79846399;MAkita;D-47759;Herramientas > Herramientas electricas portatiles > Herramientas electricas para taladrar atornillar > Taladros > Taladros de bateria;38.11;EUR;extension-list;05.09.2026, 17:57:48;https://www.leroymerlin.es/productos/makita-d-47759-fresa-paneles-rodamiento-8-mm-79846399.html
https://media.adeo.com/mkp/639202a72dd2639a299ac183372cc94c/media.jpg?width=100;TALADRO PERCUTOR A BATERÍA GSB18V-45 2x2.0AhGAL18V-20 82ACC LC;86842290;Hg;82ACC;Herramientas > Herramientas electricas portatiles > Herramientas electricas para taladrar atornillar > Taladros > Taladros de bateria;277.92;EUR;extension-list;05.09.2026, 17:57:48;https://www.leroymerlin.es/productos/taladro-percutor-a-bateria-gsb18v-45-2x2-0ahgal18v-20-82acc-lc-86842290.html
https://media.adeo.com/media/4237439/media.jpg?width=300;Taladro percutor a batería SKIL 20V Brushless - 2 baterias - Cargador «Auto PWRJUMP de 6,0 A (3123), punta doble de destornillador y tope de profundidad - CD1E3075HB;92330755;SKil;CD1E3075HB;Herramientas > Herramientas electricas portatiles > Herramientas electricas para taladrar atornillar > Taladros > Taladros de bateria;;;;05.09.2026, 17:57:48;https://www.leroymerlin.es/productos/taladro-percutor-a-bateria-skil-20v-brushless-2-baterias-cargador-auto-pwrjump-de-6-0-a-3123-punta-doble-de-destornillador-y-tope-de-profundidad-cd1e3075hb-92330755.html
https://media.adeo.com/mkp/742ce3547a7376e46818849a06288524/media.jpg?width=100;Atornillador de impacto universal 18V-350;79425482;Impact;18V-350;Herramientas > Herramientas electricas portatiles > Herramientas electricas para taladrar atornillar > Taladros > Taladros de bateria;126.83;EUR;extension-list;05.09.2026, 17:57:48;https://www.leroymerlin.es/productos/atornillador-de-impacto-universal-18v-350-79425482.html
https://media.adeo.com/mkp/9f6fad120c20708623c7484865021e5b/media.jpg?width=100;Taladro atornillador inalámbrico de 3,6 V, atornillador orbital recargable con batería de 2,0 Ah, par de torsión de 7 Nm, cable de carga USB.;72458597;;;Herramientas > Herramientas electricas portatiles > Herramientas electricas para taladrar atornillar > Taladros > Taladros de bateria;;;;05.09.2026, 17:57:48;https://www.leroymerlin.es/productos/taladro-atornillador-inalambrico-de-3-6-v-atornillador-orbital-recargable-con-bateria-de-2-0-ah-par-de-torsion-de-7-nm-cable-de-carga-usb-72458597.html
https://media.adeo.com/mkp/9f30bd79d63d8d6f012bbc86a8923687/media.jpg?width=300;GDS de la unidad giratoria de la batería 18V 18V-1000 C | 2x batería PC 5.5 AH en l-boxx;82799404;GDS;18V-1000;Herramientas > Herramientas electricas portatiles > Herramientas electricas para taladrar atornillar > Taladros > Taladros de bateria;708.67;EUR;extension-list;05.09.2026, 17:57:48;https://www.leroymerlin.es/productos/gds-de-unidad-giratoria-de-bateria-18v-18v-1000-c-2x-bateria-pc-5-5-ah-en-l-boxx-82799404.html
https://media.adeo.com/mkp/16f8f599d88a038d89fe8c77602d47de/media.jpg?width=100;Llave de impacto de la batería 12V TW141DSMJ / batería 2x 4.0ahim Makpac;88305416;Impact;TW141DSMJ;Herramientas > Herramientas electricas portatiles > Herramientas electricas para taladrar atornillar > Taladros > Taladros de bateria;325.29;EUR;extension-list;05.09.2026, 17:57:48;https://www.leroymerlin.es/productos/llave-de-impacto-de-bateria-12v-tw141dsmj-bateria-2x-4-0ahim-makpac-88305416.html
https://media.adeo.com/media/5493162/media.jpg?width=300;Kit Taladro Percutor a batería MAKITA 18V Brushless (2 Baterías) + Set Brocas y Puntas 56 piezas DEXTER;74225954;Dexter;Dexter Pro 18V;Herramientas > Herramientas electricas portatiles > Herramientas electricas para taladrar atornillar > Taladros > Taladros de bateria;226.99;EUR;extension-list;05.09.2026, 17:57:48;https://www.leroymerlin.es/productos/kit-taladro-percutor-a-bateria-makita-18v-brushless-2-baterias-set-brocas-y-puntas-56-piezas-dexter-74225954.html
https://media.adeo.com/mkp/77c318d777e0dd28dcd33833311b197f/media.jpg?width=300;DEWALT 1/2 XR 18V 5Ah li-ion atornillador de impacto sin escobillas - DCF922P2T-QW;90823612;DEWALT;DCF922P2T-QW;Herramientas > Herramientas electricas portatiles > Herramientas electricas para taladrar atornillar > Taladros > Taladros de bateria;310.42;EUR;extension-list;05.09.2026, 17:57:48;https://www.leroymerlin.es/productos/dewalt-1-2-xr-18v-5ah-li-ion-atornillador-de-impacto-sin-escobillas-dcf922p2t-qw-90823612.html
https://media.adeo.com/mkp/e7335479ff9dd0dca5b1d8efcaf3975b/media.jpeg?width=300;Taladro percutor universal BOSCH Impact 7000 0603131006;16088863;Bosch;0 603 131 006;Herramientas > Herramientas electricas portatiles > Herramientas electricas para taladrar atornillar > Taladros > Taladros de bateria;119.44;EUR;extension-list;05.09.2026, 17:57:29;https://www.leroymerlin.es/productos/taladro-percutor-universal-bosch-impact-7000-0603131006-16088863.html
https://media.adeo.com/mkp/4b6a4d9ed3fd39cb636dd6452cfd60e8/media.png?width=300;Taladro Atornillador BOSCH HG Easydrill 18V-40 (Cuerpo solo);83862064;BOsch;18V-40;Herramientas > Herramientas electricas portatiles > Herramientas electricas para taladrar atornillar > Taladros > Taladros de bateria;68.1;EUR;extension-list;05.09.2026, 17:57:29;https://www.leroymerlin.es/productos/taladro-atornillador-bosch-hg-easydrill-18v-40-cuerpo-solo-83862064.html
https://media.adeo.com/mkp/e7a537d0ae2dd4fb8928233bc7b292d8/media.jpg?width=100;AULEDIO 2 Sets martillo perforador brushless sin cable 1680W 3 en 1, taladro batería 21V 4 modos hormigón madera acero herramienta profesional;77576456;AULEDIO;1680W;Herramientas > Herramientas electricas portatiles > Herramientas electricas para taladrar atornillar > Taladros > Taladros de bateria;223.6;EUR;extension-list;05.09.2026, 17:57:29;https://www.leroymerlin.es/productos/auledio-2-sets-martillo-perforador-brushless-sin-cable-1680w-3-en-1-taladro-bateria-21v-4-modos-hormigon-madera-acero-herramienta-profesional-77576456.html
https://media.adeo.com/mkp/fd4383da701da32e95c70e18e07b3876/media.jpg?width=100;2.4V inalámbrico girnable EY6220NQ32 | 1x 2.8AH Akkunimh y Charger | Cartulina;88305321;;2.8AH;Herramientas > Herramientas electricas portatiles > Herramientas electricas para taladrar atornillar > Taladros > Taladros de bateria;232.88;EUR;extension-list;05.09.2026, 17:57:29;https://www.leroymerlin.es/productos/2-4v-inalambrico-girnable-ey6220nq32-1x-2-8ah-akkunimh-y-charger-cartulina-88305321.html
https://media.adeo.com/mkp/ae215723097cd52eb0098b9e927018e1/media.jpg?width=100;broca escalonada, HSS, 32mm, 15 Steps, vástago hexagonal, negro, para metal;71593874;Roca;;Herramientas > Herramientas electricas portatiles > Herramientas electricas para taladrar atornillar > Taladros > Taladros de bateria;13.45;EUR;extension-list;05.09.2026, 17:57:29;https://www.leroymerlin.es/productos/broca-escalonada-hss-32mm-15-steps-vastago-hexagonal-negro-para-metal-71593874.html
https://media.adeo.com/mkp/1c37c23519507910afbe9cba662213f7/media.jpg?width=100;Bosch professional atornillador de impacto a baterÍa gds 18v-330 hc professional solo azul/negro, sin baterÍa ni cargador;88933325;Bosch;GDS 18V-330 HC;Herramientas > Herramientas electricas portatiles > Herramientas electricas para taladrar atornillar > Taladros > Taladros de bateria;239.68;EUR;extension-list;05.09.2026, 17:57:29;https://www.leroymerlin.es/productos/bosch-professional-atornillador-de-impacto-a-bateria-gds-18v-330-hc-professional-solo-azul-negro-sin-bateria-ni-cargador-88933325.html
https://media.adeo.com/mkp/3601e4e9c3f25b7f3300a06d9f7a1b19/media.jpg?width=100;TALADRO PERCUTOR A BATERÍA GSB18V-45 2x2.0Ah GAL18V-20 LC;86585460;Bosch;GSB18V-45 GAL18V-20 LC;Herramientas > Herramientas electricas portatiles > Herramientas electricas para taladrar atornillar > Taladros > Taladros de bateria;267.69;EUR;extension-list;05.09.2026, 17:57:29;https://www.leroymerlin.es/productos/taladro-percutor-a-bateria-gsb18v-45-2x2-0ah-gal18v-20-lc-86585460.html
https://media.adeo.com/mkp/a3f138e40793c642d7d8dadf1b750f9f/media.jpg?width=100;Llave de Impacto MAKITA DTW190RTJ (2 x 5,0 Ah + DC18RC + MAKPAC 2);83826651;MAkita;DC18RC;Herramientas > Herramientas electricas portatiles > Herramientas electricas para taladrar atornillar > Taladros > Taladros de bateria;294.7;EUR;extension-list;05.09.2026, 17:57:29;https://www.leroymerlin.es/productos/llave-de-impacto-makita-dtw190rtj-2-x-5-0-ah-dc18rc-makpac-2-83826651.html
https://www.leroymerlin.es/cdp-site/6.66.0/static/images/common/loader-v2.svg;DEWALT;94735262;DEwalt;;Herramientas > Herramientas electricas portatiles > Herramientas electricas para taladrar atornillar > Taladros > Taladros de bateria;224.26;EUR;extension-list;05.09.2026, 17:57:29;https://www.leroymerlin.es/productos/aprietatuercas-a-bateria-dewalt-18v-brushless-sin-bateria-maletin-tstak-dcf860nt-xj-94735262.html
https://media.adeo.com/mkp/b3650b52d898bc22dda61b0aee10d18f/media.jpg?width=100;Kit destornillador eléctrico mini precisión 68 en 1: punta acero S2, par ajustable, pantalla OLED, batería recargable, reparación;78775025;;;Herramientas > Herramientas electricas portatiles > Herramientas electricas para taladrar atornillar > Taladros > Taladros de bateria;37.99;EUR;extension-list;05.09.2026, 17:57:29;https://www.leroymerlin.es/productos/kit-destornillador-electrico-mini-precision-68-en-1-punta-acero-s2-par-ajustable-pantalla-oled-bateria-recargable-reparacion-78775025.html
https://media.adeo.com/mkp/b324ba4d09d0dbc4b491c1f2739b1661/media.jpg?width=300;Empuñadura para taladradoras de percusión;95816895;Empuñadura;;Herramientas > Herramientas electricas portatiles > Herramientas electricas para taladrar atornillar > Taladros > Taladros de bateria;46.2;EUR;extension-list;05.09.2026, 17:57:29;https://www.leroymerlin.es/productos/empunadura-para-taladradoras-de-percusion-95816895.html
https://media.adeo.com/mkp/66cff55ecd6893b2cc951e1e20f587da/media.jpg?width=300;Bosch 06019B7305 Trapano Avvitatore;82669417;BOsch;06019B7305;Herramientas > Herramientas electricas portatiles > Herramientas electricas para taladrar atornillar > Taladros > Taladros de bateria;232.79;EUR;extension-list;05.09.2026, 17:57:29;https://www.leroymerlin.es/productos/bosch-06019b7305-trapano-avvitatore-82669417.html
https://media.adeo.com/mkp/f70b1c1a10e1bc0bb6317cbdb07b2e44/media.jpg?width=300;AULEDIO Llave de impacto inalámbrica Brushless 1800N.M 1/2;71322937;AULEDIO;1800N.M;Herramientas > Herramientas electricas portatiles > Herramientas electricas para taladrar atornillar > Taladros > Taladros de bateria;61.1;EUR;extension-list;05.09.2026, 17:57:29;https://www.leroymerlin.es/productos/auledio-llave-de-impacto-inalambrica-brushless-1800n-m-1-2-bateria-18v-litio-herramienta-electrica-potente-para-tornillos-y-reparacion-bricolaje-71322937.html
https://media.adeo.com/mkp/83dad8ac04ffa004ebf0dfcfaa0f5c34/media.jpg?width=100;juego de brocas helicoidales 8 piezas, HSS, 4-10mm, vástago recto, para madera, acero;71580785;;;Herramientas > Herramientas electricas portatiles > Herramientas electricas para taladrar atornillar > Taladros > Taladros de bateria;16.31;EUR;extension-list;05.09.2026, 17:57:29;https://www.leroymerlin.es/productos/juego-de-brocas-helicoidales-8-piezas-hss-4-10mm-vastago-recto-para-madera-acero-71580785.html
https://media.adeo.com/mkp/ad6de0b4da44a8ce7691b0b2903a310d/media.jpg?width=100;broca barrena, HSS, 6mm, 200mm, vástago recto;71528911;;;Herramientas > Herramientas electricas portatiles > Herramientas electricas para taladrar atornillar > Taladros > Taladros de bateria;9.91;EUR;extension-list;05.09.2026, 17:57:29;https://www.leroymerlin.es/productos/broca-barrena-hss-6mm-200mm-vastago-recto-71528911.html
https://media.adeo.com/mkp/7a64e64317cf7efd1ca6714bfa5a12f7/media.jpg?width=100;broca partidor de leña, 32mm, vástago hexagonal, para madera;71528300;;;Herramientas > Herramientas electricas portatiles > Herramientas electricas para taladrar atornillar > Taladros > Taladros de bateria;15.95;EUR;extension-list;05.09.2026, 17:57:29;https://www.leroymerlin.es/productos/broca-partidor-de-lena-32mm-vastago-hexagonal-para-madera-71528300.html
https://media.adeo.com/mkp/ad1312bc670c5957e2a442edfd0d0700/media.jpg?width=100;Taladro atornillador 18 V BS 18 LT BL Q - Pick+Mix (sin batería), maletín Metabox;80139127;Metabo;BS 18 LTX;Herramientas > Herramientas electricas portatiles > Herramientas electricas para taladrar atornillar > Taladros > Taladros de bateria;196.02;EUR;extension-list;05.09.2026, 17:57:29;https://www.leroymerlin.es/productos/taladro-atornillador-18-v-bs-18-lt-bl-q-pick-mix-sin-bateria-maletin-metabox-80139127.html
https://media.adeo.com/mkp/369b691d19626cc5ed2a77f774ff9f10/media.jpg?width=300;ONEVAN Llaves de impacto a bateria 20V sin escobillas 1000 Nm,1/2;74647446;ONEVAN;;Herramientas > Herramientas electricas portatiles > Herramientas electricas para taladrar atornillar > Taladros > Taladros de bateria;96.99;EUR;extension-list;05.09.2026, 17:57:29;https://www.leroymerlin.es/productos/onevan-llaves-de-impacto-a-bateria-20v-sin-escobillas-1000-nm-1-2-4-0ah-2-baterias-y-maletin-74647446.html
https://media.adeo.com/mkp/b370aa11789960d7d284ceec45febd56/media.jpg?width=100;Destornillador de perforación inalámbrica GSR 18V-90 FC, 1x clip de correa, 1x soporte para bits;88933347;GSR;18V-90 FC;Herramientas > Herramientas electricas portatiles > Herramientas electricas para taladrar atornillar > Taladros > Taladros de bateria;;;;05.09.2026, 17:57:10;https://www.leroymerlin.es/productos/destornillador-de-perforacion-inalambrica-gsr-18v-90-fc-1x-clip-de-correa-1x-soporte-para-bits-88933347.html
https://media.adeo.com/mkp/bdd7c4f159f96787c9b19523bf17b449/media.jpg?width=100;GDS de la unidad giratoria de la batería 18V 18V-1000 C | sin batería sin cargador;82799447;GDS;18V-1000;Herramientas > Herramientas electricas portatiles > Herramientas electricas para taladrar atornillar > Taladros > Taladros de bateria;362.78;EUR;extension-list;05.09.2026, 17:57:10;https://www.leroymerlin.es/productos/gds-de-unidad-giratoria-de-bateria-18v-18v-1000-c-sin-bateria-sin-cargador-82799447.html
https://media.adeo.com/mkp/591cc14f581aa0b80f5ef544302b8d7a/media.jpg?width=100;DDF489ZJ Taladro atornillador LXT®;93428196;;DDF489ZJ;Herramientas > Herramientas electricas portatiles > Herramientas electricas para taladrar atornillar > Taladros > Taladros de bateria;219.9;EUR;extension-list;05.09.2026, 17:57:10;https://www.leroymerlin.es/productos/ddf489zj-taladro-atornillador-lxt-93428196.html
https://media.adeo.com/mkp/4db197c4ac2e992277f2d59ad2516bad/media.jpg?width=100;Metabo - Taladro atornillador a batería 2x18V 2Ah Li-Ion - BS 18 L Quick;80139132;Metabo;BS 18 L;Herramientas > Herramientas electricas portatiles > Herramientas electricas para taladrar atornillar > Taladros > Taladros de bateria;399.3;EUR;extension-list;05.09.2026, 17:57:10;https://www.leroymerlin.es/productos/metabo-taladro-atornillador-a-bateria-2x18v-2ah-li-ion-bs-18-l-quick-80139132.html
https://media.adeo.com/mkp/5d0be897a4ed38ee2ff523fe60da40db/media.jpg?width=100;9 piezas broca centradora, HSS, 8mm, vástago hexagonal, con estuche de almacenamiento;71627558;Roca;;Herramientas > Herramientas electricas portatiles > Herramientas electricas para taladrar atornillar > Taladros > Taladros de bateria;17.04;EUR;extension-list;05.09.2026, 17:57:10;https://www.leroymerlin.es/productos/9-piezas-broca-centradora-hss-8mm-vastago-hexagonal-con-estuche-de-almacenamiento-71627558.html
https://media.adeo.com/mkp/5ce303ef2872f2d86ff0d958e65767df/media.jpg?width=100;Taladro de batería GSR 18V-21 | Sin batería sin cargador en l-boxx;82970568;;18V-21;Herramientas > Herramientas electricas portatiles > Herramientas electricas para taladrar atornillar > Taladros > Taladros de bateria;;;;05.09.2026, 17:57:10;https://www.leroymerlin.es/productos/taladro-de-bateria-gsr-18v-21-sin-bateria-sin-cargador-en-l-boxx-82970568.html
https://media.adeo.com/mkp/1b3e50108db330f1ecbf8fcb68776dfe/media.jpg?width=100;12 piezas broca macho de roscar, HSS, recubrimiento de titanio, M3-M10, vástago hexagonal;71555693;Roca;M3-M10;Herramientas > Herramientas electricas portatiles > Herramientas electricas para taladrar atornillar > Taladros > Taladros de bateria;16.92;EUR;extension-list;05.09.2026, 17:57:10;https://www.leroymerlin.es/productos/12-piezas-broca-macho-de-roscar-hss-recubrimiento-de-titanio-m3-m10-vastago-hexagonal-71555693.html
https://media.adeo.com/mkp/0756806bd7c7e674b5e3ac67bd1d4ff5/media.jpg?width=100;Visseuse plaque de plâtre 18v dw 45 18.0-ec/2.5 set flex - 2 batteries + chargeur + l-boxx - 467146;83609812;Flex;;Herramientas > Herramientas electricas portatiles > Herramientas electricas para taladrar atornillar > Taladros > Taladros de bateria;587.82;EUR;extension-list;05.09.2026, 17:57:10;https://www.leroymerlin.es/productos/visseuse-plaque-de-platre-18v-dw-45-18-0-ec-2-5-set-flex-2-batteries-chargeur-l-boxx-467146-83609812.html
https://media.adeo.com/mkp/32c7ce3df9630ede2a36773dd37a7a1d/media.jpg?width=100;Bolígrafo de grabado inalámbrico, juego de herramientas de grabado eléctrico con 35 puntas, máquina de grabado recargable por USB para joyería, vidr;74839871;Bolígrafo;;Herramientas > Herramientas electricas portatiles > Herramientas electricas para taladrar atornillar > Taladros > Taladros de bateria;28.99;EUR;extension-list;05.09.2026, 17:57:10;https://www.leroymerlin.es/productos/boligrafo-de-grabado-inalambrico-juego-de-herramientas-de-grabado-electrico-con-35-puntas-maquina-de-grabado-recargable-por-usb-para-joyeria-vidr-74839871.html
https://media.adeo.com/mkp/ffa6d5b18a40c3434b5c88cb50551c60/media.jpg?width=100;RYOBI ONE+ RRT18-0 Herramienta de Alta Velocidad con 15 Accesorios;89851570;RYobi;RRT18-0;Herramientas > Herramientas electricas portatiles > Herramientas electricas para taladrar atornillar > Taladros > Taladros de bateria;113.9;EUR;extension-list;05.09.2026, 17:57:10;https://www.leroymerlin.es/productos/ryobi-one-rrt18-0-herramienta-de-alta-velocidad-con-15-accesorios-89851570.html
https://media.adeo.com/mkp/efdc63a752294a92f7bf1cc3a14284a4/media.jpg?width=300;Black Decker ASD184K-QW trapano Nero, Arancione;35476042;Black;ASD184K-QW;Herramientas > Herramientas electricas portatiles > Herramientas electricas para taladrar atornillar > Taladros > Taladros de bateria;162.21;EUR;extension-list;05.09.2026, 17:57:10;https://www.leroymerlin.es/productos/black-decker-asd184k-qw-trapano-nero-arancione-35476042.html
https://media.adeo.com/mkp/b5aa3913557ba827a2a8a633b3e894f0/media.jpg?width=100;Taladro percutor ryobi rpd680-k 680w;19207321;RYOBI;RPD680-K;Herramientas > Herramientas electricas portatiles > Herramientas electricas para taladrar atornillar > Taladros > Taladros de bateria;137.87;EUR;extension-list;05.09.2026, 17:57:10;https://www.leroymerlin.es/productos/taladro-percutor-ryobi-rpd680-k-680w-19207321.html
https://media.adeo.com/mkp/7d7165efac540ba74ab816ba551f26af/media.jpg?width=100;BOSCH TALADRO GSB 12V-15 2 BATERIAS 2.0 Ah;83366917;BOsch;12V-15;Herramientas > Herramientas electricas portatiles > Herramientas electricas para taladrar atornillar > Taladros > Taladros de bateria;211.2;EUR;extension-list;05.09.2026, 17:57:10;https://www.leroymerlin.es/productos/bosch-taladro-gsb-12v-15-2-baterias-2-0-ah-83366917.html
https://media.adeo.com/mkp/9325b7172c42529ec615dd3c1be51d56/media.jpg?width=300;MAKITA B-12893 - D.dia comet 230 rapide stealth;79874307;MAkita;B-12893;Herramientas > Herramientas electricas portatiles > Herramientas electricas para taladrar atornillar > Taladros > Taladros de bateria;115.13;EUR;extension-list;05.09.2026, 17:57:10;https://www.leroymerlin.es/productos/makita-b-12893-d-dia-comet-230-rapide-stealth-79874307.html
https://media.adeo.com/mkp/2c3f2d0083859c9ff366dcd474a916f5/media.jpg?width=300;Taladro atornillador inalámbrico de 20V Worx DIY WX108;87673670;WOrx;WX108;Herramientas > Herramientas electricas portatiles > Herramientas electricas para taladrar atornillar > Taladros > Taladros de bateria;120.49;EUR;extension-list;05.09.2026, 17:57:10;https://www.leroymerlin.es/productos/taladro-atornillador-inalambrico-de-20v-worx-diy-wx108-87673670.html
https://media.adeo.com/mkp/c8204d2c5dc807f11bb37e5ea3a3ff14/media.jpg?width=300;Taladro inalámbrico WORX WX100.9 20 V compacto LED integrado;91429027;WOrx;WX100.9;Herramientas > Herramientas electricas portatiles > Herramientas electricas para taladrar atornillar > Taladros > Taladros de bateria;64.68;EUR;extension-list;05.09.2026, 17:57:10;https://www.leroymerlin.es/productos/taladro-inalambrico-worx-wx100-9-20-v-compacto-led-integrado-91429027.html
https://media.adeo.com/mkp/7d6c11f62af676de0cf787414af3fad1/media.jpg?width=300;Taladro percutor inalÁmbrico bosch - universalimpact 18 (suministrado con 2 baterÍas 18v-1.5ah y caja de almacenamiento);82691610;Bosch;universalimpact 18;Herramientas > Herramientas electricas portatiles > Herramientas electricas para taladrar atornillar > Taladros > Taladros de bateria;389.15;EUR;extension-list;05.09.2026, 17:57:10;https://www.leroymerlin.es/productos/taladro-percutor-inalambrico-bosch-universalimpact-18-suministrado-con-2-baterias-18v-1-5ah-y-caja-de-almacenamiento-82691610.html
https://media.adeo.com/mkp/26d4f0832de219730968592952a48eea/media.jpg?width=300;Bosch GDR 12V-110 Professional Visseuse à choc sans fil 12V 1/4;82798445;BOsch;06019E0003;Herramientas > Herramientas electricas portatiles > Herramientas electricas para taladrar atornillar > Taladros > Taladros de bateria;185.88;EUR;extension-list;05.09.2026, 17:57:10;https://www.leroymerlin.es/productos/bosch-gdr-12v-110-professional-visseuse-a-choc-sans-fil-12v-1-4-coffret-de-transport-l-boxx-sans-batterie-sans-chargeur-06019e0003-82798445.html
https://media.adeo.com/mkp/166e92299da07cdbc87fafe751c6bebe/media.jpg?width=100;METABO 613156500 BS 18 L BL Q (613156500) Taladro atornillador de batería;78065854;MEtabo;613156500;Herramientas > Herramientas electricas portatiles > Herramientas electricas para taladrar atornillar > Taladros > Taladros de bateria;274.08;EUR;extension-list;05.09.2026, 17:56:51;https://www.leroymerlin.es/productos/metabo-613156500-bs-18-l-bl-q-613156500-taladro-atornillador-de-bateria-78065854.html
https://media.adeo.com/mkp/f93dbd2bedbf9de356755294f82afaa6/media.jpg?width=100;"MAKITA TW005GZ - Llave impacto motor Brushless 40Vmax XGT 350Nm 1/2"" Bola sin batería ni cargador";88297276;MAkita;TW005GZ;Herramientas > Herramientas electricas portatiles > Herramientas electricas para taladrar atornillar > Taladros > Taladros de bateria;279.81;EUR;extension-list;05.09.2026, 17:56:51;https://www.leroymerlin.es/productos/makita-tw005gz-llave-impacto-motor-brushless-40vmax-xgt-350nm-1-2-bola-sin-bateria-ni-cargador-88297276.html
https://media.adeo.com/mkp/9017c23b7c7032e629d654864873db77/media.jpg?width=300;Taladro de impacto de la batería GSR 18V-110 C | 2xkku GBA 5,0AH, GCY 42, GAL 18V 40, L-Boxx 136;88155368;GSR;GBA 5,0AH, GCY 42, GAL 18V 40, L-Boxx 136;Herramientas > Herramientas electricas portatiles > Herramientas electricas para taladrar atornillar > Taladros > Taladros de bateria;603.97;EUR;extension-list;05.09.2026, 17:56:51;https://www.leroymerlin.es/productos/taladro-de-impacto-de-bateria-gsr-18v-110-c-2xkku-gba-5-0ah-gcy-42-gal-18v-40-l-boxx-136-88155368.html
https://media.adeo.com/mkp/bea9f504ed3258789d820421d097e522/media.jpg?width=100;broca helicoidal, HSS, 1/2in, 30mm, 118 °, vástago recto, para acero;71664763;;;Herramientas > Herramientas electricas portatiles > Herramientas electricas para taladrar atornillar > Taladros > Taladros de bateria;18.21;EUR;extension-list;05.09.2026, 17:56:51;https://www.leroymerlin.es/productos/broca-helicoidal-hss-1-2in-30mm-118-vastago-recto-para-acero-71664763.html
https://media.adeo.com/mkp/7be17b04f2e63613a7f967485edca498/media.jpg?width=100;Llave en bruto para candado antipalanca Quality Plus Cofan 70-90 mm;70891862;;;Herramientas > Herramientas electricas portatiles > Herramientas electricas para taladrar atornillar > Taladros > Taladros de bateria;3.96;EUR;extension-list;05.09.2026, 17:56:51;https://www.leroymerlin.es/productos/llave-en-bruto-para-candado-antipalanca-quality-plus-cofan-70-90-mm-70891862.html
https://media.adeo.com/mkp/8a4b8e6fe10ed3fcf5402f05ee58e751/media.jpg?width=300;Atornillador STAYER para pladur 1/4 18v (2 baterias);85772855;Stayer;1/4 18v (2 baterias;Herramientas > Herramientas electricas portatiles > Herramientas electricas para taladrar atornillar > Taladros > Taladros de bateria;;;;05.09.2026, 17:56:51;https://www.leroymerlin.es/productos/atornillador-stayer-para-pladur-1-4-18v-2-baterias-85772855.html
https://media.adeo.com/media/5692516/media.jpg?width=300;Taladro percutor a batería DEWALT 18V Brushless - 2 baterías POWERSTACK Li-Ion 5Ah - cargador multi-voltaje XR y maletín TSTAK - DCD805H2T;90707995;DEwalt;DCD805H2T;Herramientas > Herramientas electricas portatiles > Herramientas electricas para taladrar atornillar > Taladros > Taladros de bateria;422.98;EUR;extension-list;05.09.2026, 17:56:51;https://www.leroymerlin.es/productos/taladro-percutor-a-bateria-dewalt-18v-brushless-2-baterias-powerstack-li-ion-5ah-cargador-multi-voltaje-xr-y-maletin-tstak-dcd805h2t-90707995.html
https://media.adeo.com/mkp/b516c21c1590704f29013c065c2093ee/media.jpg?width=300;76 en 1 magnético destornillador eléctrico juego LED luz digital pantalla, inalámbrico mini reparación herramienta kit teléfono, Watch, Tablet, PC;72140226;;;Herramientas > Herramientas electricas portatiles > Herramientas electricas para taladrar atornillar > Taladros > Taladros de bateria;55.99;EUR;extension-list;05.09.2026, 17:56:51;https://www.leroymerlin.es/productos/76-en-1-magnetico-destornillador-electrico-juego-led-luz-digital-pantalla-inalambrico-mini-reparacion-herramienta-kit-telefono-watch-tablet-pc-72140226.html
https://media.adeo.com/mkp/dcde00f5ef2a3f4e68fcf25b3695d1f9/media.jpg?width=300;juego de brocas 10 piezas, 0.6MM, para madera, reparación de relojes y móviles;71662343;;0.6MM;Herramientas > Herramientas electricas portatiles > Herramientas electricas para taladrar atornillar > Taladros > Taladros de bateria;12.99;EUR;extension-list;05.09.2026, 17:56:51;https://www.leroymerlin.es/productos/juego-de-brocas-10-piezas-0-6mm-para-madera-reparacion-de-relojes-y-moviles-71662343.html
https://media.adeo.com/mkp/a8a568ef73f8415e77dd92e514527593/media.jpg?width=300;juego de brocas helicoidales 10 piezas, 1.6mm, vástago recto, para joyería;71662131;Roca;;Herramientas > Herramientas electricas portatiles > Herramientas electricas para taladrar atornillar > Taladros > Taladros de bateria;10.99;EUR;extension-list;05.09.2026, 17:56:51;https://www.leroymerlin.es/productos/juego-de-brocas-helicoidales-10-piezas-1-6mm-vastago-recto-para-joyeria-71662131.html
https://media.adeo.com/mkp/b30fdd0ead3263a929a1e68f5ea94167/media.jpg?width=100;Metabo - Taladro de percusión 18V 75Nm en caja SB 18 LT BL - 602316890;86614499;Metabo;SB 18 LT BL - 602316890;Herramientas > Herramientas electricas portatiles > Herramientas electricas para taladrar atornillar > Taladros > Taladros de bateria;192.39;EUR;extension-list;05.09.2026, 17:56:51;https://www.leroymerlin.es/productos/metabo-taladro-de-percusion-18v-75nm-en-caja-sb-18-lt-bl-602316890-86614499.html
https://media.adeo.com/mkp/91a5d28d2530ab0e6dad5833ca9995fc/media.jpg?width=100;HiKOKI Akku Bohrschrauber DS18DEW2Z, 18V Brushless Bohrer, 70 Nm, HSC II;92198070;HiKOKI;DS18DEW2Z;Herramientas > Herramientas electricas portatiles > Herramientas electricas para taladrar atornillar > Taladros > Taladros de bateria;183.23;EUR;extension-list;05.09.2026, 17:56:51;https://www.leroymerlin.es/productos/hikoki-akku-bohrschrauber-ds18dew2z-18v-brushless-bohrer-70-nm-hsc-ii-92198070.html
https://media.adeo.com/mkp/1bb056545dd1160fe04daa1fb501bcb0/media.jpg?width=100;"INGCO DESTORNILLADOR IMPACTO 20V.H.1/4"" 2 BATERIAS 2Ah+CARGADOR+BOX CIRLI2002";84468392;INGCO;CIRLI2002;Herramientas > Herramientas electricas portatiles > Herramientas electricas para taladrar atornillar > Taladros > Taladros de bateria;136.44;EUR;extension-list;05.09.2026, 17:56:51;https://www.leroymerlin.es/productos/ingco-destornillador-impacto-20v-h-1-4-2-baterias-2ah-cargador-box-cirli2002-84468392.html
https://media.adeo.com/mkp/da46d7e51c0f0c0f1764bf3ada2f4f27/media.png?width=100;Taladro Percutor BOSCH GSB 18V-65 (Cuerpo solo + L-Boxx 136);95569190;BOsch;18V-65;Herramientas > Herramientas electricas portatiles > Herramientas electricas para taladrar atornillar > Taladros > Taladros de bateria;179.14;EUR;extension-list;05.09.2026, 17:56:51;https://www.leroymerlin.es/productos/taladro-percutor-bosch-gsb-18v-65-cuerpo-solo-l-boxx-136-95569190.html
https://media.adeo.com/mkp/dc692c6e84feb44123b17acc0a07860a/media.jpg?width=100;PerceuseVisor de 18 V Li-Ion 2x 20 Ah 60 Nm 32mm sistema Quick BS 18 L;82461968;Metabo;BS 18 L;Herramientas > Herramientas electricas portatiles > Herramientas electricas para taladrar atornillar > Taladros > Taladros de bateria;440.44;EUR;extension-list;05.09.2026, 17:56:51;https://www.leroymerlin.es/productos/perceusevisor-de-18-v-li-ion-2x-20-ah-60-nm-32mm-sistema-quick-bs-18-l-82461968.html
https://media.adeo.com/mkp/afc5e0d267c72eef67c1080c38d16225/media.jpg?width=100;Atornillador autoalimentado a batería DWC 18-2500 HPC 4.0 I-Plus DURADRIVE - 576498 - Festool;86570297;;;Herramientas > Herramientas electricas portatiles > Herramientas electricas para taladrar atornillar > Taladros > Taladros de bateria;821.55;EUR;extension-list;05.09.2026, 17:56:51;https://www.leroymerlin.es/productos/atornillador-autoalimentado-a-bateria-dwc-18-2500-hpc-4-0-i-plus-duradrive-576498-festool-86570297.html
https://media.adeo.com/mkp/cd04bc6bf22ade8b7cf0b913baf6797e/media.jpg?width=100;10.8 V Batería Imperson TD110DSMJ | 2x 4.0 ahakku;82751827;;TD110DSMJ;Herramientas > Herramientas electricas portatiles > Herramientas electricas para taladrar atornillar > Taladros > Taladros de bateria;223.49;EUR;extension-list;05.09.2026, 17:56:51;https://www.leroymerlin.es/productos/10-8-v-bateria-imperson-td110dsmj-2x-4-0-ahakku-82751827.html
https://media.adeo.com/mkp/bb68bc0027a03a48f58126d2eea70ba6/media.jpg?width=100;Taladro percutor subcompacto sin escobillas 18V, portabrocas de 13mm metálico, 50Nm. Suministrado con 2 baterías L1820S, cargado;89114856;Metabo;BS 18 LTX BL Q I;Herramientas > Herramientas electricas portatiles > Herramientas electricas para taladrar atornillar > Taladros > Taladros de bateria;716.9;EUR;extension-list;05.09.2026, 17:56:51;https://www.leroymerlin.es/productos/taladro-percutor-subcompacto-sin-escobillas-18v-portabrocas-de-13mm-metalico-50nm-suministrado-con-2-baterias-l1820s-cargado-89114856.html
https://media.adeo.com/mkp/6a189704508b94596cda8035ed1c0f2a/media.jpg?width=100;Taladro de batería 18V BS 18 LTX BL Q I | Sin batería sin cargador metabox 145 l;88305448;Metabo;BS 18 LTX BL Q I;Herramientas > Herramientas electricas portatiles > Herramientas electricas para taladrar atornillar > Taladros > Taladros de bateria;245.45;EUR;extension-list;05.09.2026, 17:56:30;https://www.leroymerlin.es/productos/taladro-de-bateria-18v-bs-18-ltx-bl-q-i-sin-bateria-sin-cargador-metabox-145-l-88305448.html
https://media.adeo.com/mkp/4a36228640b048ab2558df3fc3d2d7ce/media.jpg?width=300;Taladro de batería Easydrill 1200 | 1x Paquete de batería PBA 12V1.5AH O-A en la maleta;82558475;BLACK+DECKER;mt218kb-qw;Herramientas > Herramientas electricas portatiles > Herramientas electricas para taladrar atornillar > Taladros > Taladros de bateria;93.23;EUR;extension-list;05.09.2026, 17:56:30;https://www.leroymerlin.es/productos/taladro-de-bateria-easydrill-1200-1x-paquete-de-bateria-pba-12v1-5ah-o-a-en-maleta-82558475.html
https://media.adeo.com/mkp/ed1027e3ead311765bd6b01b875442b8/media.jpg?width=300;Taladro atornillador a baterÍa black & decker mt218kb-qw;82356466;BLACK+DECKER;;Herramientas > Herramientas electricas portatiles > Herramientas electricas para taladrar atornillar > Taladros > Taladros de bateria;117.54;EUR;extension-list;05.09.2026, 17:56:30;https://www.leroymerlin.es/productos/taladro-atornillador-a-bateria-black-decker-mt218kb-qw-82356466.html
https://media.adeo.com/mkp/53e8aab449d7a39e169b115b58af9cf2/media.jpg?width=300;Taladro atornillador STAYER percutor 18v PBL 20 1822 PK;85781313;Stayer;PBL 20 1822;Herramientas > Herramientas electricas portatiles > Herramientas electricas para taladrar atornillar > Taladros > Taladros de bateria;;;;05.09.2026, 17:56:30;https://www.leroymerlin.es/productos/taladro-atornillador-stayer-percutor-18v-pbl-20-1822-pk-85781313.html
https://media.adeo.com/mkp/6f424be62a467b0134310147ac988a58/media.jpg?width=100;Perceuse visseuse 55Nm 18V HIKOKI - sans batterie - DS18DDW4Z;84506990;HIKOKI;DS18DDW4Z;Herramientas > Herramientas electricas portatiles > Herramientas electricas para taladrar atornillar > Taladros > Taladros de bateria;74.33;EUR;extension-list;05.09.2026, 17:56:30;https://www.leroymerlin.es/productos/perceuse-visseuse-55nm-18v-hikoki-sans-batterie-ds18ddw4z-84506990.html
https://media.adeo.com/mkp/edf03702a3eec47d28cdf7c16ba0c85d/media.jpg?width=100;"Taladro atornillador inalámbrico de 18 V con portabrocas de 3/8"", 2 velocidades, batería de iones de litio de 2,0 Ah y 16 accesorios.";72458785;;;Herramientas > Herramientas electricas portatiles > Herramientas electricas para taladrar atornillar > Taladros > Taladros de bateria;;;;05.09.2026, 17:56:30;https://www.leroymerlin.es/productos/taladro-atornillador-inalambrico-de-18-v-con-portabrocas-de-3-8-2-velocidades-bateria-de-iones-de-litio-de-2-0-ah-y-16-accesorios-72458785.html
https://media.adeo.com/mkp/408d92b3d840b6fc75fe76eaf458fd4f/media.jpg?width=300;PowerMaxx BS 12 Bl Battery Destornillo de perforación | 2x Batería 2.0 AH | Con Metabox 118;89619028;PowerMaxx;;Herramientas > Herramientas electricas portatiles > Herramientas electricas para taladrar atornillar > Taladros > Taladros de bateria;235.91;EUR;extension-list;05.09.2026, 17:56:30;https://www.leroymerlin.es/productos/powermaxx-bs-12-bl-battery-destornillo-de-perforacion-2x-bateria-2-0-ah-con-metabox-118-89619028.html
https://media.adeo.com/mkp/7329efe077913769e726b35acba4fec7/media.jpg?width=300;Taladro atornillador inalámbrico USB rosa de 8 V, juego de 110 piezas para mujer con brocas, vasos y puntas de destornillador, accesorios en un estuch;77038122;;;Herramientas > Herramientas electricas portatiles > Herramientas electricas para taladrar atornillar > Taladros > Taladros de bateria;81.39;EUR;extension-list;05.09.2026, 17:56:30;https://www.leroymerlin.es/productos/taladro-atornillador-inalambrico-usb-rosa-de-8-v-juego-de-110-piezas-para-mujer-con-brocas-vasos-y-puntas-de-destornillador-accesorios-en-un-estuch-77038122.html
https://media.adeo.com/mkp/d2bfcb4aea788207a24503fb22ee1ad4/media.jpg?width=100;MAKITA BL 130Nm 18V Li-ion taladro/atornillador sin batería - DDF486ZJ;85466931;MAKITA;DDF486ZJ;Herramientas > Herramientas electricas portatiles > Herramientas electricas para taladrar atornillar > Taladros > Taladros de bateria;;;;05.09.2026, 17:56:30;https://www.leroymerlin.es/productos/makita-bl-130nm-18v-li-ion-taladro-atornillador-sin-bateria-ddf486zj-85466931.html
https://media.adeo.com/mkp/f4706c573235fd7efee24e5ed5096a94/media.jpg?width=100;MAKITA DHP484ZJ - Taladro combinado bl 18v con makpac;90046795;MAKITA;DHP484ZJ;Herramientas > Herramientas electricas portatiles > Herramientas electricas para taladrar atornillar > Taladros > Taladros de bateria;164.9;EUR;extension-list;05.09.2026, 17:56:30;https://www.leroymerlin.es/productos/makita-dhp484zj-taladro-combinado-bl-18v-con-makpac-90046795.html
https://media.adeo.com/mkp/67c2c7f790d34e10ad88cd32e0175175/media.jpg?width=100;Llave de impacto de 18 V SSW 18 LTX 800 BL 2 x 5,2 Ah Li-Power, ASC 55, maletín;88927916;;;Herramientas > Herramientas electricas portatiles > Herramientas electricas para taladrar atornillar > Taladros > Taladros de bateria;466.06;EUR;extension-list;05.09.2026, 17:56:30;https://www.leroymerlin.es/productos/llave-de-impacto-de-18-v-ssw-18-ltx-800-bl-2-x-5-2-ah-li-power-asc-55-maletin-88927916.html
https://media.adeo.com/mkp/03af80618ba87369ba94f9acd1aadee6/media.jpg?width=100;"Atornillador de impacto 18V ONE+™ - 200 Nm - fijación hex 1/4"" - vendido sin batería ni cargador";85827114;;;Herramientas > Herramientas electricas portatiles > Herramientas electricas para taladrar atornillar > Taladros > Taladros de bateria;117.85;EUR;extension-list;05.09.2026, 17:56:30;https://www.leroymerlin.es/productos/atornillador-de-impacto-18v-one-200-nm-fijacion-hex-1-4-vendido-sin-bateria-ni-cargador-85827114.html
https://media.adeo.com/mkp/996cc5d0162b24e322fc1bbc8ad3288d/media.jpg?width=100;Atornillador de impacto inalámbrico - 12 V Li-Ion 145 Nm - 1,1 a 1,2 kg (solo producto);87022535;;;Herramientas > Herramientas electricas portatiles > Herramientas electricas para taladrar atornillar > Taladros > Taladros de bateria;127.25;EUR;extension-list;05.09.2026, 17:56:30;https://www.leroymerlin.es/productos/atornillador-de-impacto-inalambrico-12-v-li-ion-145-nm-1-1-a-1-2-kg-solo-producto-87022535.html
https://media.adeo.com/mkp/6cbcb29bbd843bda156b91cc223a7136/media.jpg?width=100;Black and Decker - Taladro de Batería 18V 1.5Ah Li-Ion 13mm - BL186KB;82803959;Black;BL186KB;Herramientas > Herramientas electricas portatiles > Herramientas electricas para taladrar atornillar > Taladros > Taladros de bateria;118.77;EUR;extension-list;05.09.2026, 17:56:30;https://www.leroymerlin.es/productos/black-and-decker-taladro-de-bateria-18v-1-5ah-li-ion-13mm-bl186kb-82803959.html
https://media.adeo.com/mkp/0a21f065b1abb63f493ca58bf3641ad1/media.jpg?width=100;"Makita DTW 1002 ZJ Visseuse à percussion sans fil 18V, 1/2"", 1000Nm, sans balai, solo + Coffret Makpac - sans batterie, sans chargeur";82752085;Makita;DTW 1002 ZJ;Herramientas > Herramientas electricas portatiles > Herramientas electricas para taladrar atornillar > Taladros > Taladros de bateria;340.9;EUR;extension-list;05.09.2026, 17:56:30;https://www.leroymerlin.es/productos/makita-dtw-1002-zj-visseuse-a-percussion-sans-fil-18v-1-2-1000nm-sans-balai-solo-coffret-makpac-sans-batterie-sans-chargeur-82752085.html
https://media.adeo.com/mkp/9b71899b39fd5ebade6fb77e623df461/media.jpg?width=100;BLACK+DECKER BDCDC18KST-QW - Taladro atornillador a batería 18V 1.5Ah Litio con batería smart tech y maletín;19411686;BLACK+DECKER;BDCDC18KST-QW;Herramientas > Herramientas electricas portatiles > Herramientas electricas para taladrar atornillar > Taladros > Taladros de bateria;195.1;EUR;extension-list;05.09.2026, 17:56:30;https://www.leroymerlin.es/productos/black-decker-bdcdc18kst-qw-taladro-atornillador-a-bateria-18v-1-5ah-litio-con-bateria-smart-tech-y-maletin-19411686.html
https://media.adeo.com/mkp/2be1e23898f757493c811a218d88c35a/media.jpeg?width=100;Taladro percutor 18V compacto, 50Nm, portabrocas 13mm, 2 velocidades. Suministrado con 2 baterías L1820R, cargador BL1418, en ma;75896352;;BL1418;Herramientas > Herramientas electricas portatiles > Herramientas electricas para taladrar atornillar > Taladros > Taladros de bateria;106.52;EUR;extension-list;05.09.2026, 17:56:30;https://www.leroymerlin.es/productos/taladro-percutor-18v-compacto-50nm-portabrocas-13mm-2-velocidades-suministrado-con-2-baterias-l1820r-cargador-bl1418-en-ma-75896352.html
https://media.adeo.com/mkp/25ad81b16bf81ff40c575ddc388fda9b/media.jpg?width=300;Drive rotativo de batería 18V GDR 18V-200 | Maleta de batería 2x4.0 AH;89161624;Drive;18V-200;Herramientas > Herramientas electricas portatiles > Herramientas electricas para taladrar atornillar > Taladros > Taladros de bateria;379.28;EUR;extension-list;05.09.2026, 17:56:30;https://www.leroymerlin.es/productos/drive-rotativo-de-bateria-18v-gdr-18v-200-maleta-de-bateria-2x4-0-ah-89161624.html
https://media.adeo.com/mkp/4ec82d6cac31ecf223f26f293a479091/media.jpg?width=100;Metabo 601036500 Taladro atornillador a bateria 12V 2x 2Ah Li-Ion PowerMaxx BS 12 Con maletín;82302692;Metabo;BS 12;Herramientas > Herramientas electricas portatiles > Herramientas electricas para taladrar atornillar > Taladros > Taladros de bateria;222.75;EUR;extension-list;05.09.2026, 17:56:10;https://www.leroymerlin.es/productos/metabo-601036500-taladro-atornillador-a-bateria-12v-2x-2ah-li-ion-powermaxx-bs-12-con-maletin-82302692.html
https://www.leroymerlin.es/cdp-site/6.66.0/static/images/common/loader-v2.svg;BLACK + DECKER;84859556;BLACK;BCD003C1K-QW;Herramientas > Herramientas electricas portatiles > Herramientas electricas para taladrar atornillar > Taladros > Taladros de bateria;82.99;EUR;extension-list;05.09.2026, 17:56:10;https://www.leroymerlin.es/productos/taladro-percutor-a-bateria-black-decker-18v-1-bateria-1-5ah-de-litio-cargador-0-4a-y-maletin-bcd003c1k-qw-84859556.html
https://www.leroymerlin.es/cdp-site/6.66.0/static/images/common/loader-v2.svg;STANLEY FATMAX;96594278;Stanley Fatmax;FMC627D2;Herramientas > Herramientas electricas portatiles > Herramientas electricas para taladrar atornillar > Taladros > Taladros de bateria;;;;05.09.2026, 17:56:10;https://www.leroymerlin.es/productos/taladro-percutor-a-bateria-stanley-fatmax-18v-brushless-2-baterias-40-piezas-de-accesorios-sfmck101d2t-qw-96594278.html
https://media.adeo.com/mkp/cd4f00f9abb0d17326b5646147c1fe1b/media.jpg?width=100;Atornillador de impacto a batería - 18 V Li-Ion 3 Ah 170 Nm - 1,5 kg;82399077;Impact;;Herramientas > Herramientas electricas portatiles > Herramientas electricas para taladrar atornillar > Taladros > Taladros de bateria;299.9;EUR;extension-list;05.09.2026, 17:56:10;https://www.leroymerlin.es/productos/atornillador-de-impacto-a-bateria-18-v-li-ion-3-ah-170-nm-1-5-kg-82399077.html
https://media.adeo.com/mkp/3323aa180df7f9e02dd66ba5dd977da3/media.jpg?width=100;LLAVE DE IMPACTO WORGRIP 20V.S/BAT BRUSH;92752834;Impact;;Herramientas > Herramientas electricas portatiles > Herramientas electricas para taladrar atornillar > Taladros > Taladros de bateria;62.85;EUR;extension-list;05.09.2026, 17:56:10;https://www.leroymerlin.es/productos/llave-de-impacto-worgrip-20v-s-bat-brush-92752834.html
https://media.adeo.com/mkp/47175090abcb34b1cefc24714248f089/media.jpg?width=100;Perforación de impacto de la batería 18V DHP453RFX2 incl. Accesorios;82914661;Perforación;DHP453RFX2;Herramientas > Herramientas electricas portatiles > Herramientas electricas para taladrar atornillar > Taladros > Taladros de bateria;;;;05.09.2026, 17:56:10;https://www.leroymerlin.es/productos/perforacion-de-impacto-de-bateria-18v-dhp453rfx2-incl-accesorios-82914661.html
https://media.adeo.com/mkp/acbee23e766658dc0a41113f33a8496d/media.jpg?width=100;"ONEVAN Llaves de impacto a bateria 20V sin escobillas 700 Nm, 1/2"",4 velocidades, 4.0Ah×2 baterías y 12 accesorios";76156807;Onevan;4.0Ah×2 baterías;Herramientas > Herramientas electricas portatiles > Herramientas electricas para taladrar atornillar > Taladros > Taladros de bateria;88.99;EUR;extension-list;05.09.2026, 17:56:10;https://www.leroymerlin.es/productos/onevan-llaves-de-impacto-a-bateria-20v-sin-escobillas-700-nm-1-2-4-velocidades-4-0ah-2-baterias-y-12-accesorios-76156807.html
;Dewalt Dcd999t1 Qw Taladro Percutor Sin Escobillas Xr 18v Xrp Fv Advantage Li Ion 6ah;86898054;DEWALT;DCD999T1;Herramientas > Herramientas electricas portatiles > Herramientas electricas para taladrar atornillar > Taladros > Taladros de bateria;;;;05.09.2026, 17:56:10;https://www.leroymerlin.es/productos/dewalt-dcd999t1-qw-taladro-percutor-sin-escobillas-xr-18v-xrp-fv-advantage-li-ion-6ah-86898054.html
https://media.adeo.com/mkp/d0711085c5343089fbbfd0814dd46018/media.jpg?width=100;DEWALT XR 18V atornillador de impacto sin escobillas 1/2' - DCF892NT-XJ;87099407;DEWALT;DCF892NT-XJ;Herramientas > Herramientas electricas portatiles > Herramientas electricas para taladrar atornillar > Taladros > Taladros de bateria;289.93;EUR;extension-list;05.09.2026, 17:56:10;https://www.leroymerlin.es/productos/dewalt-xr-18v-atornillador-de-impacto-sin-escobillas-1-2-dcf892nt-xj-87099407.html
https://media.adeo.com/mkp/e78c72cae0efa5453fa79912f18ec3b4/media.jpg?width=300;broca helicoidal, HSS, 28mm, para acero;71498626;;;Herramientas > Herramientas electricas portatiles > Herramientas electricas para taladrar atornillar > Taladros > Taladros de bateria;18.99;EUR;extension-list;05.09.2026, 17:56:10;https://www.leroymerlin.es/productos/broca-helicoidal-hss-28mm-para-acero-71498626.html
https://media.adeo.com/mkp/9d5bc4a974d80fbd6d0a5017f2af4359/media.jpg?width=300;guantes de protección;71581600;;;Herramientas > Herramientas electricas portatiles > Herramientas electricas para taladrar atornillar > Taladros > Taladros de bateria;9.99;EUR;extension-list;05.09.2026, 17:56:10;https://www.leroymerlin.es/productos/guantes-de-proteccion-71581600.html
https://media.adeo.com/mkp/12a879d9157001a09a59032106f26dcb/media.jpg?width=300;juego de puntas de destornillador;71591781;;;Herramientas > Herramientas electricas portatiles > Herramientas electricas para taladrar atornillar > Taladros > Taladros de bateria;12.99;EUR;extension-list;05.09.2026, 17:56:10;https://www.leroymerlin.es/productos/juego-de-puntas-de-destornillador-71591781.html
https://media.adeo.com/mkp/b0419b44c8f18234b3ba1e26416cd493/media.jpg?width=300;60 piezas taladro manual, 31.2mm;71663075;;;Herramientas > Herramientas electricas portatiles > Herramientas electricas para taladrar atornillar > Taladros > Taladros de bateria;19.99;EUR;extension-list;05.09.2026, 17:56:10;https://www.leroymerlin.es/productos/60-piezas-taladro-manual-31-2mm-71663075.html
https://media.adeo.com/mkp/094ddc081e031d628ab2da9c848fb771/media.jpg?width=300;broca, carburo, 0.1mm, para PCB;71663182;;;Herramientas > Herramientas electricas portatiles > Herramientas electricas para taladrar atornillar > Taladros > Taladros de bateria;10.99;EUR;extension-list;05.09.2026, 17:56:10;https://www.leroymerlin.es/productos/broca-carburo-0-1mm-para-pcb-71663182.html
https://media.adeo.com/mkp/a657184b6fd4e79690071a0df4adfe34/media.jpg?width=100;Taladro de impacto de la batería 12V GSB 12V-35 | Sin batería sin cargador l-boxx;90119641;Einhell;GB-12V-35;Herramientas > Herramientas electricas portatiles > Herramientas electricas para taladrar atornillar > Taladros > Taladros de bateria;182.34;EUR;extension-list;05.09.2026, 17:56:10;https://www.leroymerlin.es/productos/taladro-de-impacto-de-bateria-12v-gsb-12v-35-sin-bateria-sin-cargador-l-boxx-90119641.html
https://media.adeo.com/mkp/687bd23fc44aae48b6f94f09107da189/media.jpg?width=100;Atornillador inalámbrico 12V con cargador de batería;84609397;;;Herramientas > Herramientas electricas portatiles > Herramientas electricas para taladrar atornillar > Taladros > Taladros de bateria;187.31;EUR;extension-list;05.09.2026, 17:56:10;https://www.leroymerlin.es/productos/atornillador-inalambrico-12v-con-cargador-de-bateria-84609397.html
https://media.adeo.com/mkp/a4f696db99cd40d7dee8abc1eb276bb0/media.jpg?width=100;Klucz udarowy aku 18V 06019H1109 BOSCH;82535786;BOsch;06019H1109;Herramientas > Herramientas electricas portatiles > Herramientas electricas para taladrar atornillar > Taladros > Taladros de bateria;230.98;EUR;extension-list;05.09.2026, 17:56:10;https://www.leroymerlin.es/productos/klucz-udarowy-aku-18v-06019h1109-bosch-82535786.html
https://media.adeo.com/mkp/dafb9be3c144072104a31f7b56f7a61f/media.jpg?width=300;TOTAL - Taladro + Llave de Impacto con 2 Baterías Una Batería;88848897;TOTAL;;Herramientas > Herramientas electricas portatiles > Herramientas electricas para taladrar atornillar > Taladros > Taladros de bateria;490.12;EUR;extension-list;05.09.2026, 17:56:10;https://www.leroymerlin.es/productos/total-taladro-llave-de-impacto-con-2-baterias-una-bateria-88848897.html
https://www.leroymerlin.es/cdp-site/6.66.0/static/images/common/loader-v2.svg;EINHELL;83713888;Einhell;;Herramientas > Herramientas electricas portatiles > Herramientas electricas para taladrar atornillar > Taladros > Taladros de bateria;68.17;EUR;extension-list;05.09.2026, 17:55:49;https://www.leroymerlin.es/productos/taladro-a-bateria-einhell-18v-brushless-sin-bateria-te-cd-18-40-bl-solo-83713888.html
https://media.adeo.com/mkp/b656cc74ebe331135e8fd34218f23fc9/media.jpg?width=100;Llave de impacto sin escobillas 20V 1/4' con 2 baterías de 2.0Ah y cargador total;86421874;;;Herramientas > Herramientas electricas portatiles > Herramientas electricas para taladrar atornillar > Taladros > Taladros de bateria;200.83;EUR;extension-list;05.09.2026, 17:55:49;https://www.leroymerlin.es/productos/llave-de-impacto-sin-escobillas-20v-1-4-con-2-baterias-de-2-0ah-y-cargador-total-86421874.html
https://media.adeo.com/mkp/31a9bb34cc02fb127b20dd5dcc61ea8a/media.jpg?width=100;Taladro atornillador STAYER percutor 18v PBL 2122 PK;94632418;Stayer;PBL 2122 PK;Herramientas > Herramientas electricas portatiles > Herramientas electricas para taladrar atornillar > Taladros > Taladros de bateria;;;;05.09.2026, 17:55:49;https://www.leroymerlin.es/productos/taladro-atornillador-stayer-percutor-18v-pbl-2122-pk-94632418.html
https://media.adeo.com/mkp/99dd8fd34f318fb214014464703afb97/media.jpg?width=100;Llave de impacto a batería de 18v sin batería;82914520;;;Herramientas > Herramientas electricas portatiles > Herramientas electricas para taladrar atornillar > Taladros > Taladros de bateria;46.16;EUR;extension-list;05.09.2026, 17:55:49;https://www.leroymerlin.es/productos/llave-de-impacto-a-bateria-de-18v-sin-bateria-82914520.html
https://media.adeo.com/mkp/10077f271825a363ff1edf5203731c2b/media.jpg?width=100;Taladro de batería 18V BS 18 LTX BL Q I | Batería 2x 5.2 AH Metabox 145 l;88305338;SCHEPPACH;C-RHD130-X;Herramientas > Herramientas electricas portatiles > Herramientas electricas para taladrar atornillar > Taladros > Taladros de bateria;522.97;EUR;extension-list;05.09.2026, 17:55:49;https://www.leroymerlin.es/productos/taladro-de-bateria-18v-bs-18-ltx-bl-q-i-bateria-2x-5-2-ah-metabox-145-l-88305338.html
https://media.adeo.com/mkp/f2a07970aafc8cb4637a8a4993c1f78d/media.jpg?width=300;Taladro - SCHEPPACH - 20V IXES - 1,3 J - Portabrocas SDS plus + accesorios y maletín - sin batería ni cargador - C-RHD130-X;93058757;;C-RHD130-X;Herramientas > Herramientas electricas portatiles > Herramientas electricas para taladrar atornillar > Taladros > Taladros de bateria;91.95;EUR;extension-list;05.09.2026, 17:55:49;https://www.leroymerlin.es/productos/taladro-scheppach-20v-ixes-1-3-j-portabrocas-sds-plus-accesorios-y-maletin-sin-bateria-ni-cargador-c-rhd130-x-93058757.html
https://media.adeo.com/mkp/842c8cda2642ab46d31c732479b8d66a/media.jpg?width=300;Taladro atornillador de impacto BOSCH PROFESSIONAL GSB 12V-15 + 2 baterías 2,0Ah + GAL 12V-20 + bolsa;86930026;BOsch;12V-20;Herramientas > Herramientas electricas portatiles > Herramientas electricas para taladrar atornillar > Taladros > Taladros de bateria;236.05;EUR;extension-list;05.09.2026, 17:55:49;https://www.leroymerlin.es/productos/taladro-atornillador-de-impacto-bosch-professional-gsb-12v-15-2-baterias-2-0ah-gal-12v-20-bolsa-86930026.html
https://media.adeo.com/mkp/b3c64e7fbe22a75fb6e4d1a7436eef51/media.jpg?width=300;MAKITA TD001GZ - Atornillador impacto motor Brushless 40Vmax XGT 220Nm 4 velocidades sin batería ni cargador;88305466;MAkita;TD001GZ;Herramientas > Herramientas electricas portatiles > Herramientas electricas para taladrar atornillar > Taladros > Taladros de bateria;251.99;EUR;extension-list;05.09.2026, 17:55:49;https://www.leroymerlin.es/productos/makita-visseuse-a-percussion-sans-fil-td-001-gz-88305466.html
https://media.adeo.com/media/3432225/media.jpg?width=300;Taladro angular a batería RYOBI 18V - Sin batería - Punta de atornillar doble - RAD1801M;16840733;RYobi;RAD1801M;Herramientas > Herramientas electricas portatiles > Herramientas electricas para taladrar atornillar > Taladros > Taladros de bateria;;;;05.09.2026, 17:55:49;https://www.leroymerlin.es/productos/taladro-angular-a-bateria-ryobi-18v-sin-bateria-punta-de-atornillar-doble-rad1801m-16840733.html
https://www.leroymerlin.es/cdp-site/6.66.0/static/images/common/loader-v2.svg;MAKITA;82819890;Makita;DDF482FX1B;Herramientas > Herramientas electricas portatiles > Herramientas electricas para taladrar atornillar > Taladros > Taladros de bateria;129.9;EUR;extension-list;05.09.2026, 17:55:49;https://www.leroymerlin.es/productos/taladro-percutor-a-bateria-makita-18v-brushless-sin-bateria-tope-de-profundidad-taladro-combinado-lxt-82819890.html
https://media.adeo.com/mkp/318ff49858fb7c0d0ec89091b3497380/media.jpg?width=100;MAKITA DF002GZ - Taladro atornillador motor Brushless 40Vmax XGT 65Nm sin batería ni cargador;83976678;MAkita;DF002GZ;Herramientas > Herramientas electricas portatiles > Herramientas electricas para taladrar atornillar > Taladros > Taladros de bateria;158.64;EUR;extension-list;05.09.2026, 17:55:49;https://www.leroymerlin.es/productos/makita-df002gz-taladro-atornillador-motor-brushless-40vmax-xgt-65nm-sin-bateria-ni-cargador-83976678.html
https://media.adeo.com/mkp/efd7ae52ef7470737f7c10f022bdb690/media.jpg?width=100;Taladro de percusión inalámbrico Makita HP457DWE 18v 1.5ah con 2 baterías;92464642;MAkita;HP457DWE;Herramientas > Herramientas electricas portatiles > Herramientas electricas para taladrar atornillar > Taladros > Taladros de bateria;263.9;EUR;extension-list;05.09.2026, 17:55:49;https://www.leroymerlin.es/productos/taladro-de-percusion-inalambrico-makita-hp457dwe-18v-1-5ah-con-2-baterias-92464642.html
https://media.adeo.com/mkp/f37c6845e4dccf7e3a1a650167156255/media.jpg?width=100;Z-U36 Mini taladro eléctrico USB Epoxy Perla Plana Perforadora 5V Taladro eléctrico Pequeña amoladora eléctrica;98291583;OX;Z-U36;Herramientas > Herramientas electricas portatiles > Herramientas electricas para taladrar atornillar > Taladros > Taladros de bateria;18.58;EUR;extension-list;05.09.2026, 17:55:49;https://www.leroymerlin.es/productos/z-u36-mini-taladro-electrico-usb-epoxy-perla-plana-perforadora-5v-taladro-electrico-pequena-amoladora-electrica-98291583.html
https://media.adeo.com/mkp/f16704f8e9f34f9ba7f86eb384c8a54e/media.jpg?width=100;Powerplus POWDP20100 Atornillador de impacto 20V 170nm sin batería ni cargador;83627329;Powerplus;POWDP20100;Herramientas > Herramientas electricas portatiles > Herramientas electricas para taladrar atornillar > Taladros > Taladros de bateria;47.99;EUR;extension-list;05.09.2026, 17:55:49;https://www.leroymerlin.es/productos/powerplus-powdp20100-atornillador-de-impacto-20v-170nm-sin-bateria-ni-cargador-83627329.html
https://media.adeo.com/mkp/3f26313df4c79136c9d374fd62f9e6d2/media.png?width=100;Taladro Percutor BOSCH GSB 18V-65 (Cuerpo solo);95569189;BOsch;18V-65;Herramientas > Herramientas electricas portatiles > Herramientas electricas para taladrar atornillar > Taladros > Taladros de bateria;127.37;EUR;extension-list;05.09.2026, 17:55:49;https://www.leroymerlin.es/productos/taladro-percutor-bosch-gsb-18v-65-cuerpo-solo-95569189.html
https://media.adeo.com/mkp/bcba6a171093c2c13888cef2fcbf8c82/media.png?width=100;Compacto de perforación de perforación inalámbrica de 2 velocidades PD 2G 18.0 EC LD/2.5 SET | 18 voltios 2x 2.5 AH batería;89618996;Compacto;;Herramientas > Herramientas electricas portatiles > Herramientas electricas para taladrar atornillar > Taladros > Taladros de bateria;241.86;EUR;extension-list;05.09.2026, 17:55:49;https://www.leroymerlin.es/productos/compacto-de-perforacion-de-perforacion-inalambrica-de-2-velocidades-pd-2g-18-0-ec-ld-2-5-set-18-voltios-2x-2-5-ah-bateria-89618996.html
https://media.adeo.com/media/4721742/media.jpg?width=300;Taladro a batería SKIL 20V Brushless - Sin batería - Punta doble de destornillador - DD1E3065CA;89767040;SKIL;DD1E3065CA;Herramientas > Herramientas electricas portatiles > Herramientas electricas para taladrar atornillar > Taladros > Taladros de bateria;;;;05.09.2026, 17:55:49;https://www.leroymerlin.es/productos/taladro-a-bateria-skil-20v-brushless-sin-bateria-punta-doble-de-destornillador-dd1e3065ca-89767040.html
https://media.adeo.com/mkp/e7a537d0ae2dd4fb8928233bc7b292d8/media.jpg?width=300;NICOLA 2 Sets martillo perforador brushless 3 en 1 1680W, taladro batería 21V 4 modos hormigón madera acero bricolaje profesional;77585092;NICOLA;1680W;Herramientas > Herramientas electricas portatiles > Herramientas electricas para taladrar atornillar > Taladros > Taladros de bateria;223.6;EUR;extension-list;05.09.2026, 17:55:49;https://www.leroymerlin.es/productos/nicola-2-sets-martillo-perforador-brushless-3-en-1-1680w-taladro-bateria-21v-4-modos-hormigon-madera-acero-bricolaje-profesional-77585092.html
https://media.adeo.com/mkp/894d13e95495d06c1833b7bb11f46034/media.jpg?width=300;BOSCH PROFESSIONAL Llave de impacto a batería 12V GDS 12V-115 solo Click & Go, L-BOXX;93739693;BOsch;12V-115;Herramientas > Herramientas electricas portatiles > Herramientas electricas para taladrar atornillar > Taladros > Taladros de bateria;235.82;EUR;extension-list;05.09.2026, 17:55:26;https://www.leroymerlin.es/productos/bosch-professional-llave-de-impacto-a-bateria-12v-gds-12v-115-solo-click-go-l-boxx-93739693.html
https://media.adeo.com/media/5544624/media.jpg?width=300;Aprietatuercas EINHELL 18V Brushless 270Nm + Cargador y batería PXC 18V 2.5 Ah;79845036;Einhell;PXC 18V 2.5 Ah;Herramientas > Herramientas electricas portatiles > Herramientas electricas para taladrar atornillar > Taladros > Taladros de bateria;128.78;EUR;extension-list;05.09.2026, 17:55:26;https://www.leroymerlin.es/productos/aprietatuercas-einhell-18v-brushless-270nm-cargador-y-bateria-pxc-18v-2-5-ah-79845036.html
https://media.adeo.com/mkp/9b51d0e7c87716a2bc0f0dd8467a53a1/media.jpg?width=300;Mini taladro eléctrico Z-U36 USB, punzón plano para cuentas de epoxi, taladro eléctrico de 5 V, amoladora eléctrica pequeña;72007096;Mini;Z-U36;Herramientas > Herramientas electricas portatiles > Herramientas electricas para taladrar atornillar > Taladros > Taladros de bateria;18.49;EUR;extension-list;05.09.2026, 17:55:26;https://www.leroymerlin.es/productos/mini-taladro-electrico-z-u36-usb-punzon-plano-para-cuentas-de-epoxi-taladro-electrico-de-5-v-amoladora-electrica-pequena-72007096.html
https://media.adeo.com/mkp/a618ba6f029eec857c76033ced5b6943/media.jpg?width=300;Perceuse visseuse 62nm (black) bl1830x2 + 74 pièces bi - makita - ddf482fx1b;94387283;Makita;DDF482FX1B;Herramientas > Herramientas electricas portatiles > Herramientas electricas para taladrar atornillar > Taladros > Taladros de bateria;414.19;EUR;extension-list;05.09.2026, 17:55:26;https://www.leroymerlin.es/productos/perceuse-visseuse-62nm-black-bl1830x2-74-pieces-bi-makita-ddf482fx1b-94387283.html
https://media.adeo.com/mkp/6446eb54d1092a0f1353f0546e248f51/media.jpg?width=100;508 piezas kit de accesorios para herramienta rotativa, para madera, metal, vidrio;71246415;;;Herramientas > Herramientas electricas portatiles > Herramientas electricas para taladrar atornillar > Taladros > Taladros de bateria;33.01;EUR;extension-list;05.09.2026, 17:55:26;https://www.leroymerlin.es/productos/508-piezas-kit-de-accesorios-para-herramienta-rotativa-para-madera-metal-vidrio-71246415.html
https://media.adeo.com/mkp/4736249c1d239ff8abcbbab1ad7c5c75/media.jpg?width=100;broca barrena, HSS, 8mm, 200mm, vástago recto;71195846;;;Herramientas > Herramientas electricas portatiles > Herramientas electricas para taladrar atornillar > Taladros > Taladros de bateria;12.38;EUR;extension-list;05.09.2026, 17:55:26;https://www.leroymerlin.es/productos/broca-barrena-hss-8mm-200mm-vastago-recto-71195846.html
https://media.adeo.com/mkp/dc9ab8cb4976eed956ca9307d3385cea/media.jpg?width=100;Llave de impacto Dewalt DCF840N 18 V 200 Nm;85636835;DEwalt;DCF840N;Herramientas > Herramientas electricas portatiles > Herramientas electricas para taladrar atornillar > Taladros > Taladros de bateria;;;;05.09.2026, 17:55:26;https://www.leroymerlin.es/productos/llave-de-impacto-dewalt-dcf840n-18-v-200-nm-85636835.html
https://media.adeo.com/mkp/2217c4c23ca88535982daf87c54a49ae/media.jpg?width=100;50 en 1 inalámbrico destornillador kit batería recargable Operated magnético Lightpeso CW CCW eléctrico tornillo Driver con integrado en LED luz;72132884;;;Herramientas > Herramientas electricas portatiles > Herramientas electricas para taladrar atornillar > Taladros > Taladros de bateria;40.99;EUR;extension-list;05.09.2026, 17:55:26;https://www.leroymerlin.es/productos/50-en-1-inalambrico-destornillador-kit-bateria-recargable-operated-magnetico-lightpeso-cw-ccw-electrico-tornillo-driver-con-integrado-en-led-luz-72132884.html
https://media.adeo.com/mkp/6f48d262a672327e2bd29a5dcb9ad39f/media.jpg?width=100;Taladro atornillador de 18 V y 2 Ah, 2 baterías, maletín, Black+Decker BCD382D2XK;93008090;BLACK+DECKER;BCD382D2XK;Herramientas > Herramientas electricas portatiles > Herramientas electricas para taladrar atornillar > Taladros > Taladros de bateria;140.5;EUR;extension-list;05.09.2026, 17:55:26;https://www.leroymerlin.es/productos/taladro-atornillador-de-18-v-y-2-ah-2-baterias-maletin-black-decker-bcd382d2xk-93008090.html
https://media.adeo.com/mkp/1a88bdc7d9832c1f74721e194dca9039/media.jpg?width=100;broca escalonada, HSS, 22mm, vástago hexagonal, para acero;71195220;Roca;;Herramientas > Herramientas electricas portatiles > Herramientas electricas para taladrar atornillar > Taladros > Taladros de bateria;12.99;EUR;extension-list;05.09.2026, 17:55:26;https://www.leroymerlin.es/productos/broca-escalonada-hss-22mm-vastago-hexagonal-para-acero-71195220.html
https://media.adeo.com/mkp/757cc1f98ef536877707eeea713b68cf/media.png?width=100;Atornillador sin cable 12V GSR 12V-15 BOSCH + 1 Batt.2Ah - 060186810F;82248794;BOsch;060186810F;Herramientas > Herramientas electricas portatiles > Herramientas electricas para taladrar atornillar > Taladros > Taladros de bateria;159.9;EUR;extension-list;05.09.2026, 17:55:26;https://www.leroymerlin.es/productos/atornillador-sin-cable-12v-gsr-12v-15-bosch-1-batt-2ah-060186810f-82248794.html
https://media.adeo.com/mkp/29406417c19e80857aa581d6c9090c6c/media.jpg?width=100;Metabo 602327800 Taladro atornillador sin escobillas a bateria 18V 2x LiHD 4Ah Li-Ion BS 18 L BL Q Con maletín;82341509;Metabo;BS 18 L BL Q;Herramientas > Herramientas electricas portatiles > Herramientas electricas para taladrar atornillar > Taladros > Taladros de bateria;532.4;EUR;extension-list;05.09.2026, 17:55:26;https://www.leroymerlin.es/productos/metabo-602327800-taladro-atornillador-sin-escobillas-a-bateria-18v-2x-lihd-4ah-li-ion-bs-18-l-bl-q-con-maletin-82341509.html
https://media.adeo.com/mkp/9ebdb18d03ba39909b38bc6dbd28100e/media.jpg?width=300;Bosch - Taladro atornillador a batería GSR120-LI 12V 2.0Ah Li-Ion con luz de batería GLI 12V-300 - 06019G8004;89075277;BOsch;06019G8004;Herramientas > Herramientas electricas portatiles > Herramientas electricas para taladrar atornillar > Taladros > Taladros de bateria;157.24;EUR;extension-list;05.09.2026, 17:55:26;https://www.leroymerlin.es/productos/bosch-taladro-atornillador-a-bateria-gsr120-li-12v-2-0ah-li-ion-con-luz-de-bateria-gli-12v-300-06019g8004-89075277.html
https://media.adeo.com/mkp/5b15e7da007aed8f1513900e196f7dbb/media.jpg?width=300;Visseuse à chargeur HH 80 B à batterie Panasonic - MSC80A;94927011;Visseuse;MSC80A;Herramientas > Herramientas electricas portatiles > Herramientas electricas para taladrar atornillar > Taladros > Taladros de bateria;309.61;EUR;extension-list;05.09.2026, 17:55:26;https://www.leroymerlin.es/productos/visseuse-a-chargeur-hh-80-b-a-batterie-panasonic-msc80a-94927011.html
https://media.adeo.com/mkp/ec5231f6da1598a71c405d0b165eaf0b/media.jpg?width=100;broca helicoidal, HSS, 1/2in, 22mm, 118 °, para acero;71263151;;;Herramientas > Herramientas electricas portatiles > Herramientas electricas para taladrar atornillar > Taladros > Taladros de bateria;15.99;EUR;extension-list;05.09.2026, 17:55:26;https://www.leroymerlin.es/productos/broca-helicoidal-hss-1-2in-22mm-118-para-acero-71263151.html
https://media.adeo.com/mkp/8d6d717032a74cc45d2ec1434135df39/media.jpg?width=100;AdvancedDrill 18V-80 Quicksnap SET;98883866;AdvancedDrill;18V-80;Herramientas > Herramientas electricas portatiles > Herramientas electricas para taladrar atornillar > Taladros > Taladros de bateria;189.69;EUR;extension-list;05.09.2026, 17:55:26;https://www.leroymerlin.es/productos/advanceddrill-18v-80-quicksnap-set-98883866.html
https://media.adeo.com/mkp/2c68c558cf28ea1b9dc6e6f9e0754bef/media.jpg?width=100;Destornillador inalámbrico 3,6 V, 6 cabezales, batería 1300 mAh, cuerpo 180°, luz LED, interruptor reversible y 19 puntas;77137722;;;Herramientas > Herramientas electricas portatiles > Herramientas electricas para taladrar atornillar > Taladros > Taladros de bateria;34.99;EUR;extension-list;05.09.2026, 17:55:26;https://www.leroymerlin.es/productos/destornillador-inalambrico-3-6-v-6-cabezales-bateria-1300-mah-cuerpo-180-luz-led-interruptor-reversible-y-19-puntas-77137722.html
https://media.adeo.com/mkp/aa15f8c4a4b478e22241206005eb95e4/media.jpg?width=100;"ONEVAN Llaves de impacto a bateria 20V sin escobillas 1000 Nm,1/2"",4.0Ah×2 baterías y 44 accesorios";74873720;ONEVAN;"1000 Nm,1/2"" 4.0Ah×2";Herramientas > Herramientas electricas portatiles > Herramientas electricas para taladrar atornillar > Taladros > Taladros de bateria;102.99;EUR;extension-list;05.09.2026, 17:55:26;https://www.leroymerlin.es/productos/onevan-llaves-de-impacto-a-bateria-20v-sin-escobillas-1000-nm-1-2-4-0ah-2-baterias-y-44-accesorios-74873720.html
https://media.adeo.com/mkp/807ccf90bb28864f03ec01c943720dee/media.jpg?width=100;INGCO DESTORNILLADOR 12V C PERCUTOR TIPO C CIDLI12202;96630513;INGCO;CIDLI12202;Herramientas > Herramientas electricas portatiles > Herramientas electricas para taladrar atornillar > Taladros > Taladros de bateria;61.72;EUR;extension-list;05.09.2026, 17:55:03;https://www.leroymerlin.es/productos/ingco-destornillador-12v-c-percutor-tipo-c-cidli12202-96630513.html
https://media.adeo.com/mkp/d96cad77309fb1e705e9cef782612721/media.jpg?width=100;MAKITA DTS141Z - Atornillador impulso a batería BL 18V LXT 40Nm;84993439;MAKITA;DTS141Z;Herramientas > Herramientas electricas portatiles > Herramientas electricas para taladrar atornillar > Taladros > Taladros de bateria;330.65;EUR;extension-list;05.09.2026, 17:55:03;https://www.leroymerlin.es/productos/makita-dts141z-atornillador-impulso-a-bateria-bl-18v-lxt-40nm-84993439.html
https://media.adeo.com/mkp/8e1a834cbc72750318a093e49a083293/media.jpg?width=300;COFAN TALADRO 20 V.1 BATERIA 2.0 Ah.CARGADOR PERCUTOR BOX;92773058;COFAN;TALADRO 20 V.1 BATERIA 2.0 Ah.CARGADOR PERCUTOR BOX;Herramientas > Herramientas electricas portatiles > Herramientas electricas para taladrar atornillar > Taladros > Taladros de bateria;106.23;EUR;extension-list;05.09.2026, 17:55:03;https://www.leroymerlin.es/productos/cofan-taladro-20-v-1-bateria-2-0-ah-cargador-percutor-box-92773058.html
https://media.adeo.com/mkp/2f84f22bdf87f90754a8e9810395d413/media.jpg?width=300;Taladro / atornillador a bateria lithium-ion 14,4v 20x24cm koma tools;82694966;KOMA TOOLS;14,4v 20x24cm;Herramientas > Herramientas electricas portatiles > Herramientas electricas para taladrar atornillar > Taladros > Taladros de bateria;83.27;EUR;extension-list;05.09.2026, 17:55:03;https://www.leroymerlin.es/productos/taladro-atornillador-a-bateria-lithium-ion-14-4v-20x24cm-koma-tools-82694966.html
https://media.adeo.com/mkp/e5f2690659d02b8f96aa9448b8ed3201/media.jpg?width=300;Bosch Professional 18V System Akku Schlagbohrmaschine GSB 18V-90 C (ohne Akku/ Ladeger�t);86842684;Bosch;18V-90;Herramientas > Herramientas electricas portatiles > Herramientas electricas para taladrar atornillar > Taladros > Taladros de bateria;243.58;EUR;extension-list;05.09.2026, 17:55:03;https://www.leroymerlin.es/productos/bosch-professional-18v-system-akku-schlagbohrmaschine-gsb-18v-90-c-ohne-akku-ladeger-t-86842684.html
https://media.adeo.com/mkp/243c250627ed24e0c27bbb995f9788e2/media.jpg?width=300;Taladro percutor WORX Wx354.5 de 20 V, 60 Nm + 2 baterías de 4 Ah;93014151;WORX;WX354.5;Herramientas > Herramientas electricas portatiles > Herramientas electricas para taladrar atornillar > Taladros > Taladros de bateria;425.83;EUR;extension-list;05.09.2026, 17:55:03;https://www.leroymerlin.es/productos/taladro-percutor-worx-wx354-5-de-20-v-60-nm-2-baterias-de-4-ah-93014151.html
https://media.adeo.com/mkp/39c73157c7db4fd256046f615ed960b6/media.jpg?width=100;Talvo de batería de 18 V DCD791NT (sin cargador de batería);80139027;Talvo;DCD791NT;Herramientas > Herramientas electricas portatiles > Herramientas electricas para taladrar atornillar > Taladros > Taladros de bateria;126.4;EUR;extension-list;05.09.2026, 17:55:03;https://www.leroymerlin.es/productos/talvo-de-bateria-de-18-v-dcd791nt-sin-cargador-de-bateria-80139027.html
https://media.adeo.com/mkp/fac3f35af618e8588b08c3991ba11569/media.jpg?width=100;Taladro Atornillador Inalámbrico Brushless 45Nm 2 Velocidades LED 2 Baterías Maletín Accesorios Cargador para Bricolaje y Hogar;72555859;;;Herramientas > Herramientas electricas portatiles > Herramientas electricas para taladrar atornillar > Taladros > Taladros de bateria;47.99;EUR;extension-list;05.09.2026, 17:55:03;https://www.leroymerlin.es/productos/taladro-atornillador-inalambrico-brushless-45nm-2-velocidades-led-2-baterias-maletin-accesorios-cargador-para-bricolaje-y-hogar-72555859.html
https://media.adeo.com/mkp/a84e42acf598ba61a7caefbf7e6476c8/media.jpg?width=100;Taladro de percusión con batería 18V 60Nm sin batería ni cargador SB;80139141;;;Herramientas > Herramientas electricas portatiles > Herramientas electricas para taladrar atornillar > Taladros > Taladros de bateria;169.09;EUR;extension-list;05.09.2026, 17:55:03;https://www.leroymerlin.es/productos/taladro-de-percusion-con-bateria-18v-60nm-sin-bateria-ni-cargador-sb-80139141.html
https://media.adeo.com/media/4237427/media.jpg?width=300;Taladro percutor a batería SKIL 20V Brushless - Sin batería - Juego de puntas de atornillar de 6 unidades Maletín de transporte - CD1E3085JA;92330772;SKil;CD1E3085JA;Herramientas > Herramientas electricas portatiles > Herramientas electricas para taladrar atornillar > Taladros > Taladros de bateria;;;;05.09.2026, 17:55:03;https://www.leroymerlin.es/productos/taladro-percutor-a-bateria-skil-20v-brushless-sin-bateria-juego-de-puntas-de-atornillar-de-6-unidades-maletin-de-transporte-cd1e3085ja-92330772.html
https://media.adeo.com/mkp/c0cb47353242c5bb9f76cd6ce227acdb/media.jpg?width=100;Beobachter Drill M18 FDD3 502X Kraftstoff Milwaukee Gen4.18V 158 nm - 2 Batt.x5.0 AH - 4933479863;88741709;Beobachter;502X;Herramientas > Herramientas electricas portatiles > Herramientas electricas para taladrar atornillar > Taladros > Taladros de bateria;641.18;EUR;extension-list;05.09.2026, 17:55:03;https://www.leroymerlin.es/productos/beobachter-drill-m18-fdd3-502x-kraftstoff-milwaukee-gen4-18v-158-nm-2-batt-x5-0-ah-4933479863-88741709.html
https://media.adeo.com/mkp/3b867faf73514ba9768a95aa9d0ac385/media.jpg?width=100;Taladro eléctrico inalámbrico 12V con doble velocidad, maletín de transporte y 24 accesorios. DOBLE BATERIA 2600mah.;97296674;Cecotec;PowerGyro 3500 Angle Set 200 rpm con luz LED y accesorios;Herramientas > Herramientas electricas portatiles > Herramientas electricas para taladrar atornillar > Taladros > Taladros de bateria;64.99;EUR;extension-list;05.09.2026, 17:55:03;https://www.leroymerlin.es/productos/taladro-electrico-inalambrico-12v-con-doble-velocidad-maletin-de-transporte-y-24-accesorios-doble-bateria-2600mah-97296674.html
https://media.adeo.com/mkp/fc35020eaae1fad5bd4ef5628d362c7b/media.jpg?width=100;Atornillador Cecotec PowerGyro 3500 Angle Set 200 rpm con luz LED y accesorios;94367744;;;Herramientas > Herramientas electricas portatiles > Herramientas electricas para taladrar atornillar > Taladros > Taladros de bateria;22.9;EUR;extension-list;05.09.2026, 17:55:03;https://www.leroymerlin.es/productos/atornillador-cecotec-powergyro-3500-angle-set-200-rpm-con-luz-led-y-accesorios-94367744.html
https://www.leroymerlin.es/cdp-site/6.66.0/static/images/common/loader-v2.svg;EINHELL;91969798;Einhell;TE-CD 12/1 X-Li;Herramientas > Herramientas electricas portatiles > Herramientas electricas para taladrar atornillar > Taladros > Taladros de bateria;80.79;EUR;extension-list;05.09.2026, 17:55:03;https://www.leroymerlin.es/productos/taladro-a-bateria-einhell-18v-1-bateria-tope-de-profundidad-91969798.html
https://media.adeo.com/mkp/aca27fcb8dcd218a01ec2f2c45f479cb/media.jpg?width=300;INGCO TALADRO PERCUTOR 66 Nm 20V.2 BATERIA 2.0Ah.+CARGADOR+5 BROCAS WIDIA+47 ACC.BOX CIDLI20668E;95992855;INGCO;CIDLI20668E;Herramientas > Herramientas electricas portatiles > Herramientas electricas para taladrar atornillar > Taladros > Taladros de bateria;;;;05.09.2026, 17:55:03;https://www.leroymerlin.es/productos/ingco-taladro-percutor-66-nm-20v-2-bateria-2-0ah-cargador-5-brocas-widia-47-acc-box-cidli20668e-95992855.html
https://media.adeo.com/mkp/5821a293da81aad43d0dc7d3c1c93704/media.jpg?width=100;Bosch taladradora de percusión profesional 12V 2 baterías GSB 12V-15;89893158;BOsch;12V-15;Herramientas > Herramientas electricas portatiles > Herramientas electricas para taladrar atornillar > Taladros > Taladros de bateria;252.9;EUR;extension-list;05.09.2026, 17:55:03;https://www.leroymerlin.es/productos/bosch-taladradora-de-percusion-profesional-12v-2-baterias-gsb-12v-15-89893158.html
https://media.adeo.com/mkp/f827bd7c4b3471ddac0f974f6c0dc024/media.jpg?width=100;ATORNILLADOR DE IMPACTO A BATERÍA GDR 18V-200 GSR 18V-55 L-case;86842643;Einhell;18V-55;Herramientas > Herramientas electricas portatiles > Herramientas electricas para taladrar atornillar > Taladros > Taladros de bateria;534.98;EUR;extension-list;05.09.2026, 17:55:03;https://www.leroymerlin.es/productos/atornillador-de-impacto-a-bateria-gdr-18v-200-gsr-18v-55-l-case-86842643.html
https://media.adeo.com/mkp/428f94cdae9012a9dfbff42a763a82b7/media.jpg?width=100;RYOBI R18DD2-220S Taladro-atornillador compacto 18V ONE+™ - 40 Nm - 400-1350 tr/min - porta brocas 10 mm - 2 baterías Lithium+™;82433669;RYobi;R18DD2-220S;Herramientas > Herramientas electricas portatiles > Herramientas electricas para taladrar atornillar > Taladros > Taladros de bateria;147.5;EUR;extension-list;05.09.2026, 17:55:03;https://www.leroymerlin.es/productos/ryobi-r18dd2-220s-taladro-atornillador-compacto-18v-one-40-nm-400-1350-tr-min-porta-brocas-10-mm-2-baterias-lithium-82433669.html
https://media.adeo.com/mkp/641c144057b2f299d9b191d17f49e2b4/media.jpg?width=300;Trapano avvitatore a batteria doppio mandrino Einhell TE-CD 12/1 X-Li;82380945;Einhell;;Herramientas > Herramientas electricas portatiles > Herramientas electricas para taladrar atornillar > Taladros > Taladros de bateria;77.98;EUR;extension-list;05.09.2026, 17:54:39;https://www.leroymerlin.es/productos/trapano-avvitatore-a-batteria-doppio-mandrino-einhell-te-cd-12-1-x-li-82380945.html
https://media.adeo.com/mkp/57b6ea035c84336a5801879bc3aa4d5f/media.jpg?width=100;Bosch taladro combinado a baterÍa easyimpact 18v-40 verde/negro, 2x baterÍa li-ion 1,5ah, maletÍn, power for all alliance;83870712;Bosch;GBH 2-26;Herramientas > Herramientas electricas portatiles > Herramientas electricas para taladrar atornillar > Taladros > Taladros de bateria;119.24;EUR;extension-list;05.09.2026, 17:54:39;https://www.leroymerlin.es/productos/bosch-taladro-combinado-a-bateria-easyimpact-18v-40-verde-negro-2x-bateria-li-ion-1-5ah-maletin-power-for-all-alliance-83870712.html
https://media.adeo.com/mkp/24792e1239d1f281715cfc420526cdf6/media.jpg?width=300;Destornillador de repollo 40V Máx. | Sin batería sin cargador;88401944;;;Herramientas > Herramientas electricas portatiles > Herramientas electricas para taladrar atornillar > Taladros > Taladros de bateria;183.67;EUR;extension-list;05.09.2026, 17:54:39;https://www.leroymerlin.es/productos/destornillador-de-repollo-40v-max-sin-bateria-sin-cargador-88401944.html
https://media.adeo.com/media/1909058/media.jpg?width=300;Taladro a batería EINHELL 18V - Sin batería - Incluye maletín de transporte y almacenamineto y clip de sujeción y tope de profundidad - TE-DY 18 Li-Solo;82380972;Einhell;TE-DY 18 Li-Solo;Herramientas > Herramientas electricas portatiles > Herramientas electricas para taladrar atornillar > Taladros > Taladros de bateria;79.59;EUR;extension-list;05.09.2026, 17:54:39;https://www.leroymerlin.es/productos/taladro-a-bateria-einhell-18v-sin-bateria-incluye-maletin-de-transporte-y-almacenamineto-y-clip-de-sujecion-y-tope-de-profundidad-te-dy-18-li-solo-82380972.html
https://media.adeo.com/mkp/61b0c4d2868b848e89a76c20cc0c7c42/media.jpg?width=100;"ONEVAN Llaves de impacto a bateria 20V sin escobillas 1000 Nm,1/2"",4.0Ah×2 baterías,maletín y 12 accesorios";99316635;Onevan;;Herramientas > Herramientas electricas portatiles > Herramientas electricas para taladrar atornillar > Taladros > Taladros de bateria;108.99;EUR;extension-list;05.09.2026, 17:54:39;https://www.leroymerlin.es/productos/onevan-llaves-de-impacto-a-bateria-20v-sin-escobillas-1000-nm-1-2-4-0ah-2-baterias-maletin-y-12-accesorios-99316635.html
https://www.leroymerlin.es/cdp-site/6.66.0/static/images/common/loader-v2.svg;SKIL;94043530;Skil;;Herramientas > Herramientas electricas portatiles > Herramientas electricas para taladrar atornillar > Taladros > Taladros de bateria;;;;05.09.2026, 17:54:39;https://www.leroymerlin.es/productos/taladro-a-bateria-skil-20v-brushless-2-baterias-cargador-de-1-0-a-punta-doble-de-destornillador-y-tope-de-profundidad-dd1e3011hb-94043530.html
https://media.adeo.com/mkp/1190a17d8f46a9b90f4e369ec31a8926/media.jpg?width=100;Taladro Percutor a Bateria 21V, Taladro Atornillador Bateria, 45 Nm, 25+3 posiciones de par (2 Velocidad y LED);78341485;Bosch;GBH 2-26;Herramientas > Herramientas electricas portatiles > Herramientas electricas para taladrar atornillar > Taladros > Taladros de bateria;;;;05.09.2026, 17:54:39;https://www.leroymerlin.es/productos/taladro-percutor-a-bateria-21v-taladro-atornillador-bateria-45-nm-25-3-posiciones-de-par-2-velocidad-y-led-78341485.html
https://media.adeo.com/mkp/e7a537d0ae2dd4fb8928233bc7b292d8/media.jpg?width=100;NICOLA Martillo perforador sin cable brushless 3 en 1 1680W compatible batería 18V taladro percusión hormigón madera acero herramienta potente;70470768;NICOLA;1680W;Herramientas > Herramientas electricas portatiles > Herramientas electricas para taladrar atornillar > Taladros > Taladros de bateria;114.3;EUR;extension-list;05.09.2026, 17:54:39;https://www.leroymerlin.es/productos/nicola-martillo-perforador-sin-cable-brushless-3-en-1-1680w-compatible-bateria-18v-taladro-percusion-hormigon-madera-acero-herramienta-potente-70470768.html
https://media.adeo.com/mkp/f009cbe59fccc023413fdc2a1c490ec8/media.jpg?width=100;Versión en español — Brushless Perceuse-Visseuse à Percussion sans fil 50Nm, 21V Visseuse Devisseuse avec 2 Batteries 2Ah, 800W Moteur sans Balai, 47;77153235;Versión;800W;Herramientas > Herramientas electricas portatiles > Herramientas electricas para taladrar atornillar > Taladros > Taladros de bateria;131.92;EUR;extension-list;05.09.2026, 17:54:39;https://www.leroymerlin.es/productos/version-en-espanol-brushless-perceuse-visseuse-a-percussion-sans-fil-50nm-21v-visseuse-devisseuse-avec-2-batteries-2ah-800w-moteur-sans-balai-47-77153235.html
https://media.adeo.com/mkp/a942cd6dbc4c483f9f9cc707158d6efe/media.jpg?width=300;Taladro/atornillador BOSCH GSR 18V-90 C en L-Boxx - sin batería - 06019K6002;86585464;BOsch;06019K6002;Herramientas > Herramientas electricas portatiles > Herramientas electricas para taladrar atornillar > Taladros > Taladros de bateria;;;;05.09.2026, 17:54:39;https://www.leroymerlin.es/productos/taladro-atornillador-bosch-gsr-18v-90-c-en-l-boxx-sin-bateria-06019k6002-86585464.html
https://media.adeo.com/mkp/2e32879ddd39e603b11ec7751f9ea533/media.jpg?width=100;MAKITA TD111DSAE - Atornillador de impacto 10,8v 2.0ah;92495418;MAkita;TD111DSAE;Herramientas > Herramientas electricas portatiles > Herramientas electricas para taladrar atornillar > Taladros > Taladros de bateria;242.32;EUR;extension-list;05.09.2026, 17:54:39;https://www.leroymerlin.es/productos/makita-td111dsae-atornillador-de-impacto-10-8v-2-0ah-92495418.html
https://media.adeo.com/mkp/196f30feba9e332ead1fd566e937b85d/media.jpg?width=100;Chaqueta de ángulo de batería 18V DTL061RT1J | Batería 1x 5.0AH;80139101;Chaqueta;5.0AH;Herramientas > Herramientas electricas portatiles > Herramientas electricas para taladrar atornillar > Taladros > Taladros de bateria;353.31;EUR;extension-list;05.09.2026, 17:54:39;https://www.leroymerlin.es/productos/chaqueta-de-angulo-de-bateria-18v-dtl061rt1j-bateria-1x-5-0ah-80139101.html
https://media.adeo.com/mkp/8c23948ab33d577055f8e25e06c807a5/media.jpg?width=100;"Makita DTW 701 Z Boulonneuse à chocs 18 V 700 Nm 1/2"" XPT Brushless Solo - sans batterie, sans chargeur";85258678;Makita;DHP453;Herramientas > Herramientas electricas portatiles > Herramientas electricas para taladrar atornillar > Taladros > Taladros de bateria;248.5;EUR;extension-list;05.09.2026, 17:54:39;https://www.leroymerlin.es/productos/makita-dtw-701-z-boulonneuse-a-chocs-18-v-700-nm-1-2-xpt-brushless-solo-sans-batterie-sans-chargeur-85258678.html
https://media.adeo.com/mkp/3796fab103d60a8b96150b7bdf4d6029/media.jpg?width=100;Taladro percutor RYOBI - 1010W - 2 velocidades;19207384;RYobi;1010W;Herramientas > Herramientas electricas portatiles > Herramientas electricas para taladrar atornillar > Taladros > Taladros de bateria;129.92;EUR;extension-list;05.09.2026, 17:54:39;https://www.leroymerlin.es/productos/taladro-percutor-ryobi-1010w-2-velocidades-19207384.html
https://media.adeo.com/mkp/d93548b1cc7d2c608876d951b1ff480c/media.jpg?width=100;Taladro de Impacto 18V BLACK+DECKER BCD003C1;84553619;BLACK+DECKER;BCD003C1;Herramientas > Herramientas electricas portatiles > Herramientas electricas para taladrar atornillar > Taladros > Taladros de bateria;;;;05.09.2026, 17:54:39;https://www.leroymerlin.es/productos/taladro-de-impacto-18v-black-decker-bcd003c1-84553619.html
https://media.adeo.com/mkp/1bf3d801b22d15585df98d969628bb3a/media.jpg?width=300;Bosch gsr 18v-28 professional 1900 giri/min nero, blu - 06019H4109;85206205;BOsch;06019H4109;Herramientas > Herramientas electricas portatiles > Herramientas electricas para taladrar atornillar > Taladros > Taladros de bateria;;;;05.09.2026, 17:54:39;https://www.leroymerlin.es/productos/bosch-gsr-18v-28-professional-1900-giri-min-nero-blu-06019h4109-85206205.html
https://media.adeo.com/mkp/e606780075f5f2bfe5857c55f33536cb/media.jpg?width=100;Taladro atornillador a batería CXS 18 C 3.0-Plus - 576883 - Festool;87765542;Festool;CXS 18 C 3.0-Plus;Herramientas > Herramientas electricas portatiles > Herramientas electricas para taladrar atornillar > Taladros > Taladros de bateria;407.03;EUR;extension-list;05.09.2026, 17:54:39;https://www.leroymerlin.es/productos/taladro-atornillador-a-bateria-cxs-18-c-3-0-plus-576883-festool-87765542.html
https://media.adeo.com/mkp/dd1036df62d0828fa750b3bf16341774/media.jpg?width=300;Taladro inalámbrico TE-CD 18/2 Li Kit;81965136;;;Herramientas > Herramientas electricas portatiles > Herramientas electricas para taladrar atornillar > Taladros > Taladros de bateria;209.06;EUR;extension-list;05.09.2026, 17:54:39;https://www.leroymerlin.es/productos/taladro-inalambrico-te-cd-18-2-kit-81965136.html
https://media.adeo.com/mkp/599a9d3d0325d391568e99664614b84c/media.jpg?width=100;Perceuse visseuse 12 V CXT Li-Ion 4 Ah Ø 10 mm MAKITA - 2 batteries, chargeur, coffret - DF332DSMJ;82751856;Perceuse;DF332DSMJ;Herramientas > Herramientas electricas portatiles > Herramientas electricas para taladrar atornillar > Taladros > Taladros de bateria;321.38;EUR;extension-list;05.09.2026, 17:54:15;https://www.leroymerlin.es/productos/perceuse-visseuse-12-v-cxt-li-ion-4-ah-10-mm-makita-2-batteries-chargeur-coffret-df332dsmj-82751856.html
https://media.adeo.com/mkp/9c46f5b0b36e3930d7c726548a36033d/media.jpg?width=100;Taladro de impacto de la batería GSB 18V-110 C | Sin batería y cargador en la caja.;90119763;Bosch;GSB 18V-110 C;Herramientas > Herramientas electricas portatiles > Herramientas electricas para taladrar atornillar > Taladros > Taladros de bateria;246.65;EUR;extension-list;05.09.2026, 17:54:15;https://www.leroymerlin.es/productos/taladro-de-impacto-de-bateria-gsb-18v-110-c-sin-bateria-y-cargador-en-caja-90119763.html
https://www.leroymerlin.es/cdp-site/6.66.0/static/images/common/loader-v2.svg;SKIL;92330778;Skil;;Herramientas > Herramientas electricas portatiles > Herramientas electricas para taladrar atornillar > Taladros > Taladros de bateria;83.99;EUR;extension-list;05.09.2026, 17:54:15;https://www.leroymerlin.es/productos/taladro-percutor-a-bateria-skil-20v-brushless-sin-bateria-punta-doble-de-destornillador-cd1e3021ca-92330778.html
https://media.adeo.com/mkp/2d0951342cc2fd2451157bd349bae75e/media.jpg?width=100;adaptador de taladro, 0.3-6.5mm, 6.35mm, vástago hexagonal, cambio rápido;71554175;;;Herramientas > Herramientas electricas portatiles > Herramientas electricas para taladrar atornillar > Taladros > Taladros de bateria;11.61;EUR;extension-list;05.09.2026, 17:54:15;https://www.leroymerlin.es/productos/adaptador-de-taladro-0-3-6-5mm-6-35mm-vastago-hexagonal-cambio-rapido-71554175.html
https://media.adeo.com/mkp/f8dfd499c2b353777036d6bdc3734d6e/media.jpg?width=100;Llave de impacto de la batería SSW 18 LTX 1750 BL;86616569;Bosch;SSW 18 LTX 1750 BL;Herramientas > Herramientas electricas portatiles > Herramientas electricas para taladrar atornillar > Taladros > Taladros de bateria;699.83;EUR;extension-list;05.09.2026, 17:54:15;https://www.leroymerlin.es/productos/llave-de-impacto-de-bateria-ssw-18-ltx-1750-bl-86616569.html
https://media.adeo.com/mkp/900f443fcaa524c71ebe428069e97910/media.jpg?width=100;Taladro atornillador BS 18 LTX Impuls 2x18V 4Ah batería Li-Ion;82076530;Bosch;BS 18 LTX Impuls 2x18V 4Ah;Herramientas > Herramientas electricas portatiles > Herramientas electricas para taladrar atornillar > Taladros > Taladros de bateria;503.61;EUR;extension-list;05.09.2026, 17:54:15;https://www.leroymerlin.es/productos/taladro-atornillador-bs-18-ltx-impuls-2x18v-4ah-bateria-li-ion-82076530.html
https://media.adeo.com/mkp/ddc1e68a86c645db654c9cec60c0b9dd/media.jpg?width=100;Taladro percutor Cecotec CecoRaptor Perfect ImpactDrill 2024 Advance 24V 2000mAh 22500bmp;84508182;Cecotec;CecoRaptor Perfect ImpactDrill 2024 Advance 24V 2000mAh 22500bmp;Herramientas > Herramientas electricas portatiles > Herramientas electricas para taladrar atornillar > Taladros > Taladros de bateria;94.66;EUR;extension-list;05.09.2026, 17:54:15;https://www.leroymerlin.es/productos/taladro-percutor-cecotec-cecoraptor-perfect-impactdrill-2024-advance-24v-2000mah-22500bmp-84508182.html
https://media.adeo.com/mkp/a5f86f5110a1093a2e6cb1882926c443/media.jpg?width=100;Taladro percutor a batería de 2 velocidades Advanced Impact de 18 V 1 batería de 2,5 Ah;84319263;;;Herramientas > Herramientas electricas portatiles > Herramientas electricas para taladrar atornillar > Taladros > Taladros de bateria;;;;05.09.2026, 17:54:15;https://www.leroymerlin.es/productos/taladro-percutor-a-bateria-de-2-velocidades-advanced-impact-de-18-v-1-bateria-de-2-5-ah-84319263.html
https://media.adeo.com/mkp/1599cfc13887202961de66e2fc44ed4f/media.jpg?width=100;COFAN MARTILLO 5 KG.1500 W.PERFORADOR/ROMPEDOR SDSMAX BOX;89351053;COfan;KG.1500;Herramientas > Herramientas electricas portatiles > Herramientas electricas para taladrar atornillar > Taladros > Taladros de bateria;223.4;EUR;extension-list;05.09.2026, 17:54:15;https://www.leroymerlin.es/productos/cofan-martillo-5-kg-1500-w-perforador-rompedor-sdsmax-box-89351053.html
https://www.leroymerlin.es/cdp-site/6.66.0/static/images/common/loader-v2.svg;BOSCH PROFESSIONAL;82071118;Bosch;;Herramientas > Herramientas electricas portatiles > Herramientas electricas para taladrar atornillar > Taladros > Taladros de bateria;;;;05.09.2026, 17:54:15;https://www.leroymerlin.es/productos/aprietatuercas-a-bateria-bosch-professional-12v-brushless-sin-bateria-gds-12v-115-professional-82071118.html
https://media.adeo.com/mkp/89ccd1c7ee324f7677f7efbec9c9361e/media.jpg?width=100;Taladro de batería 14.4V BS 14.4 | 2x 2.0 baterías AH en KuStoffkoFfer;18118875;;14.4V;Herramientas > Herramientas electricas portatiles > Herramientas electricas para taladrar atornillar > Taladros > Taladros de bateria;251.88;EUR;extension-list;05.09.2026, 17:54:15;https://www.leroymerlin.es/productos/taladro-de-bateria-14-4v-bs-14-4-2x-2-0-baterias-ah-en-kustoffkoffer-18118875.html
https://media.adeo.com/mkp/37a8b5b0caad1aaefb9410b975dbb9a7/media.jpg?width=100;Llave de Impacto DeWALT DCF901NT (Cuerpo solo + TSTAK II);87099301;DEwalt;DCF901NT;Herramientas > Herramientas electricas portatiles > Herramientas electricas para taladrar atornillar > Taladros > Taladros de bateria;197.9;EUR;extension-list;05.09.2026, 17:54:15;https://www.leroymerlin.es/productos/llave-de-impacto-dewalt-dcf901nt-cuerpo-solo-tstak-ii-87099301.html
https://media.adeo.com/mkp/be74ca6e5ad11b16bf1c7660bc42f8af/media.jpg?width=300;MAKITA 191M50-5 - Adaptador bateria 18V LXT BAP18c x1;75707409;MAkita;191M50-5;Herramientas > Herramientas electricas portatiles > Herramientas electricas para taladrar atornillar > Taladros > Taladros de bateria;51.56;EUR;extension-list;05.09.2026, 17:54:15;https://www.leroymerlin.es/productos/makita-191m50-5-adaptador-bateria-18v-lxt-bap18c-x1-75707409.html
https://media.adeo.com/mkp/4ee74a6892483c69f440bd36bacafe31/media.jpg?width=300;Black & Decker BDCDD12KB-QW taladro Sin llave Negro, Naranja;18767105;BLACK+DECKER;BDCDD12KB-QW;Herramientas > Herramientas electricas portatiles > Herramientas electricas para taladrar atornillar > Taladros > Taladros de bateria;90.33;EUR;extension-list;05.09.2026, 17:54:15;https://www.leroymerlin.es/productos/black-decker-bdcdd12kb-qw-taladro-sin-llave-negro-naranja-18767105.html
https://media.adeo.com/mkp/6bed618cfac14b7d2a00f71b0dcb9115/media.jpg?width=300;BROCA HELICOIDORA 'SDS PLUS' mm 14 x 610;88914855;BROCA;;Herramientas > Herramientas electricas portatiles > Herramientas electricas para taladrar atornillar > Taladros > Taladros de bateria;47.43;EUR;extension-list;05.09.2026, 17:54:15;https://www.leroymerlin.es/productos/broca-helicoidora-sds-plus-mm-14-x-610-88914855.html
https://media.adeo.com/mkp/6bed618cfac14b7d2a00f71b0dcb9115/media.jpg?width=300;BROCA HELICOIDORA 'SDS PLUS' 12 x 610 mm;88914857;BROCA;;Herramientas > Herramientas electricas portatiles > Herramientas electricas para taladrar atornillar > Taladros > Taladros de bateria;40.68;EUR;extension-list;05.09.2026, 17:54:15;https://www.leroymerlin.es/productos/broca-helicoidora-sds-plus-12-x-610-mm-88914857.html
https://media.adeo.com/mkp/462150538ec9e54ac757d1c3029072b3/media.jpg?width=300;EINHELL 4511516 - Bateria repuesto 18v 2,5ah;83997734;EInhell;4511516;Herramientas > Herramientas electricas portatiles > Herramientas electricas para taladrar atornillar > Taladros > Taladros de bateria;;;;05.09.2026, 17:54:15;https://www.leroymerlin.es/productos/einhell-4511516-bateria-repuesto-18v-2-5ah-83997734.html
https://media.adeo.com/mkp/22bdb637de208ba6e712d60ef5db34e4/media.jpg?width=300;Makita DRV 250 Z Riveteuse sans fil 20kN, 18V, sans balai, Solo - sans batterie, sans chargeur;88305471;Makita;DRV 250 Z;Herramientas > Herramientas electricas portatiles > Herramientas electricas para taladrar atornillar > Taladros > Taladros de bateria;853.81;EUR;extension-list;05.09.2026, 17:54:15;https://www.leroymerlin.es/productos/makita-drv-250-z-riveteuse-sans-fil-20kn-18v-sans-balai-solo-sans-batterie-sans-chargeur-88305471.html
https://media.adeo.com/mkp/f37c6845e4dccf7e3a1a650167156255/media.jpg?width=100;Mini taladro eléctrico Z-U36, perforador plano de perlas de epoxi USB, taladro eléctrico de 5 V, amoladora eléctrica pequeña;97623815;Mini;Z-U36;Herramientas > Herramientas electricas portatiles > Herramientas electricas para taladrar atornillar > Taladros > Taladros de bateria;17.79;EUR;extension-list;05.09.2026, 17:53:51;https://www.leroymerlin.es/productos/mini-taladro-electrico-z-u36-perforador-plano-de-perlas-de-epoxi-usb-taladro-electrico-de-5-v-amoladora-electrica-pequena-97623815.html
https://media.adeo.com/mkp/a24e1806aceb0abdcb31a822c3fe0443/media.jpg?width=300;ATORNILLADOR A BATERÍA GSR18V-45 2x2.0Ah GAL18V-20 LC;86585475;BLACK+DECKER;GSR18V-45;Herramientas > Herramientas electricas portatiles > Herramientas electricas para taladrar atornillar > Taladros > Taladros de bateria;248.49;EUR;extension-list;05.09.2026, 17:53:51;https://www.leroymerlin.es/productos/atornillador-a-bateria-gsr18v-45-2x2-0ah-gal18v-20-lc-86585475.html
https://media.adeo.com/mkp/9f918f2b75ae4f2eddcd75eb0f58a1a3/media.jpg?width=100;Taladro sin cable Black + Decker BDCDD12 10,8V + Batería litio 1,5Ah + Cargador;81933009;BLACK+DECKER;BDCDD12;Herramientas > Herramientas electricas portatiles > Herramientas electricas para taladrar atornillar > Taladros > Taladros de bateria;72.9;EUR;extension-list;05.09.2026, 17:53:51;https://www.leroymerlin.es/productos/taladro-sin-cable-black-decker-bdcdd12-10-8v-bateria-litio-1-5ah-cargador-81933009.html
https://media.adeo.com/media/2858776/media.png?width=300;Taladro a batería VITO 14.4V - 2 baterias - 2 baterías 2.0Ah, cargador de batería, 6 puntas, 6 brocas, adaptador de puntas magnético, clip reversible de cinturón - VIBSFL144A;81933633;Vito;14.4V - 2 baterias - 2 baterías 2.0Ah;Herramientas > Herramientas electricas portatiles > Herramientas electricas para taladrar atornillar > Taladros > Taladros de bateria;98.99;EUR;extension-list;05.09.2026, 17:53:51;https://www.leroymerlin.es/productos/taladro-a-bateria-vito-14-4v-2-baterias-2-baterias-2-0ah-cargador-de-bateria-6-puntas-6-brocas-adaptador-de-puntas-magnetico-clip-reversible-de-cinturon-vibsfl144a-81933633.html
https://media.adeo.com/mkp/2bdd09a5890ea7620aa48d5401967365/media.jpg?width=100;Visseuse haute pression MAX HVR41G4 - 28 à 41 mm - ARCA - HVR41G4;78065204;Visseuse;HVR41G4;Herramientas > Herramientas electricas portatiles > Herramientas electricas para taladrar atornillar > Taladros > Taladros de bateria;246.14;EUR;extension-list;05.09.2026, 17:53:51;https://www.leroymerlin.es/productos/visseuse-haute-pression-max-hvr41g4-28-a-41-mm-arca-hvr41g4-78065204.html
https://media.adeo.com/media/1915789/media.jpg?width=300;Expandidor bateria KEF&R 16-20-25-32;84972181;KEF&R;16-20-25-32;Herramientas > Herramientas electricas portatiles > Herramientas electricas para taladrar atornillar > Taladros > Taladros de bateria;;;;05.09.2026, 17:53:51;https://www.leroymerlin.es/productos/expandidor-bateria-kef-r-16-20-25-32-84972181.html
https://media.adeo.com/mkp/122760d5057ed54adccf0a115117c111/media.jpg?width=100;MAKITA DFS250RTJ - 18v 50ah 0 - 2.500 tr/min bl con eil 2.;82385085;MAkita;DFS250RTJ;Herramientas > Herramientas electricas portatiles > Herramientas electricas para taladrar atornillar > Taladros > Taladros de bateria;426.3;EUR;extension-list;05.09.2026, 17:53:51;https://www.leroymerlin.es/productos/makita-dfs250rtj-18v-50ah-0-2-500-tr-min-bl-con-eil-2-82385085.html
https://media.adeo.com/mkp/a830e56a773ef49619a41c5b5ae8b393/media.jpg?width=100;"Llave de Impacto Inalámbrica Brushless 520NM 1/2"" (Sin batería)";90491675;FEIN;ASCM 18 QSW AS;Herramientas > Herramientas electricas portatiles > Herramientas electricas para taladrar atornillar > Taladros > Taladros de bateria;43.99;EUR;extension-list;05.09.2026, 17:53:51;https://www.leroymerlin.es/productos/llave-de-impacto-inalambrica-brushless-520nm-1-2-sin-bateria-90491675.html
https://media.adeo.com/mkp/cd376d8dfda8a8cab335a0181581fcf1/media.jpg?width=100;GRAPHITE 58G024 Destornillador de Impacto, 18V, 180 Nm, 3780 RPM;89410790;GRAPHITE;58G024;Herramientas > Herramientas electricas portatiles > Herramientas electricas para taladrar atornillar > Taladros > Taladros de bateria;81.94;EUR;extension-list;05.09.2026, 17:53:51;https://www.leroymerlin.es/productos/graphite-58g024-destornillador-de-impacto-18v-180-nm-3780-rpm-89410790.html
https://media.adeo.com/mkp/0d62bb5f28979654c650b2c4a84b1071/media.jpg?width=100;Black & Decker A7073-XJ punta de destornillador;15613150;BLACK+DECKER;A7073-XJ;Herramientas > Herramientas electricas portatiles > Herramientas electricas para taladrar atornillar > Taladros > Taladros de bateria;21.25;EUR;extension-list;05.09.2026, 17:53:51;https://www.leroymerlin.es/productos/black-decker-a7073-xj-punta-de-destornillador-15613150.html
https://media.adeo.com/mkp/f2c91c28aaa461a86fde7bf22ec83885/media.jpg?width=100;Taladro Atornillador FEIN ASCM 18 QSW AS a Batería de 4 Velocidades;92965246;;;Herramientas > Herramientas electricas portatiles > Herramientas electricas para taladrar atornillar > Taladros > Taladros de bateria;242.24;EUR;extension-list;05.09.2026, 17:53:51;https://www.leroymerlin.es/productos/taladro-atornillador-fein-ascm-18-qsw-as-a-bateria-de-4-velocidades-92965246.html
https://media.adeo.com/mkp/a01c977e566a4e14b4e8b76e9fd44240/media.jpg?width=100;Taladro de batería de 4 velocidades ASCM 18 m² Selección | sin batería sin cargador;82982855;;;Herramientas > Herramientas electricas portatiles > Herramientas electricas para taladrar atornillar > Taladros > Taladros de bateria;595.41;EUR;extension-list;05.09.2026, 17:53:51;https://www.leroymerlin.es/productos/taladro-de-bateria-de-4-velocidades-ascm-18-m2-seleccion-sin-bateria-sin-cargador-82982855.html
https://media.adeo.com/mkp/6997ddaf050a011d71898ace0b8c43da/media.jpg?width=100;Set herramientas aire comprimido 71 piezas Llave impacto Martillo cincelador Destornillador carraca;92125666;;;Herramientas > Herramientas electricas portatiles > Herramientas electricas para taladrar atornillar > Taladros > Taladros de bateria;130.99;EUR;extension-list;05.09.2026, 17:53:51;https://www.leroymerlin.es/productos/set-herramientas-aire-comprimido-71-piezas-llave-impacto-martillo-cincelador-destornillador-carraca-92125666.html
https://media.adeo.com/mkp/91849484c6637b7ebeba6a1417e8555d/media.jpg?width=300;ATORNILLADOR INALÁMBRICO RECARGABLE DE 21 PIEZAS PARA ATORNILLAR Y DESatornillar TORNILLOS RCS3.6V ROYCE;91341377;ROYCE;RCS3.6V;Herramientas > Herramientas electricas portatiles > Herramientas electricas para taladrar atornillar > Taladros > Taladros de bateria;28.9;EUR;extension-list;05.09.2026, 17:53:51;https://www.leroymerlin.es/productos/atornillador-inalambrico-recargable-de-21-piezas-para-atornillar-y-desatornillar-tornillos-rcs3-6v-royce-91341377.html
https://media.adeo.com/mkp/7d65d4d6f3086875180ff854cee702d5/media.jpg?width=300;Versátil de 50 piezas: Miniherramienta eléctrica inalámbrica de 3,7 V con 5 velocidades y luz LED para trabajos(esculpido, lijado y corte).;99338678;Versátil;;Herramientas > Herramientas electricas portatiles > Herramientas electricas para taladrar atornillar > Taladros > Taladros de bateria;27.12;EUR;extension-list;05.09.2026, 17:53:51;https://www.leroymerlin.es/productos/versatil-de-50-piezas-miniherramienta-electrica-inalambrica-de-3-7-v-con-5-velocidades-y-luz-led-para-trabajos-esculpido-lijado-y-corte-99338678.html
https://media.adeo.com/mkp/fc71bf2043c759b90903be826c56608b/media.jpg?width=300;ATORNILLADOR A BATERÍA GSR 18V-55 2x 20Ah GAL 18V-40 L-BOXX;88305491;GAL;GSR 18V-55 2x 20Ah L-BOXX;Herramientas > Herramientas electricas portatiles > Herramientas electricas para taladrar atornillar > Taladros > Taladros de bateria;350.88;EUR;extension-list;05.09.2026, 17:53:51;https://www.leroymerlin.es/productos/atornillador-a-bateria-gsr-18v-55-2x-20ah-gal-18v-40-l-boxx-88305491.html
https://media.adeo.com/mkp/7ee025382ae94251f3bdf5de70a72aad/media.jpg?width=100;"Llave de impacto de 1/2""";87902427;;;Herramientas > Herramientas electricas portatiles > Herramientas electricas para taladrar atornillar > Taladros > Taladros de bateria;321.86;EUR;extension-list;05.09.2026, 17:53:51;https://www.leroymerlin.es/productos/llave-de-impacto-de-1-2-87902427.html
https://media.adeo.com/mkp/b3144fd242cdfb81d51cd3013ff97b74/media.jpg?width=100;8 piezas topes de profundidad, 3~16mm, para madera, con llave;71529364;;;Herramientas > Herramientas electricas portatiles > Herramientas electricas para taladrar atornillar > Taladros > Taladros de bateria;10.99;EUR;extension-list;05.09.2026, 17:53:51;https://www.leroymerlin.es/productos/8-piezas-topes-de-profundidad-3-16mm-para-madera-con-llave-71529364.html
https://media.adeo.com/mkp/e3264036f6cc4d1cc458fc5dc999d035/media.jpg?width=100;MAKITA DDF485RTJ - Taladro atornillador bl 18v;84702821;MAkita;DDF485RTJ;Herramientas > Herramientas electricas portatiles > Herramientas electricas para taladrar atornillar > Taladros > Taladros de bateria;279.9;EUR;extension-list;05.09.2026, 17:53:27;https://www.leroymerlin.es/productos/makita-ddf485rtj-taladro-atornillador-bl-18v-84702821.html
https://media.adeo.com/mkp/70a1c56076b515365caeb3bd97447408/media.jpg?width=100;Taladro atornillador Brushless 24V GREENWORKS - 45Nm - Sin batería ni cargador - DD345;73389550;GREENWORKS;DD345;Herramientas > Herramientas electricas portatiles > Herramientas electricas para taladrar atornillar > Taladros > Taladros de bateria;59.99;EUR;extension-list;05.09.2026, 17:53:27;https://www.leroymerlin.es/productos/taladro-atornillador-brushless-24v-greenworks-45nm-sin-bateria-ni-cargador-dd345-73389550.html
https://media.adeo.com/mkp/f2eba4f80def1af8e0b994fcfce76fa8/media.jpg?width=100;Hikoki DV18DD 18V - Taladro Atornillador Inalámbrico de Alto Rendimiento;79020080;Hikoki;DV18DD;Herramientas > Herramientas electricas portatiles > Herramientas electricas para taladrar atornillar > Taladros > Taladros de bateria;340.73;EUR;extension-list;05.09.2026, 17:53:27;https://www.leroymerlin.es/productos/hikoki-dv18dd-18v-taladro-atornillador-inalambrico-de-alto-rendimiento-79020080.html
https://media.adeo.com/mkp/7c1966721a9e0e54f9e9a4b6dc4c326a/media.png?width=100;Taladro/atornillador inalámbrico - TC-CD 18/38 Li-Solo - 38 Nm - Portabrocas de 10 mm - Power X-Change;73426712;Power X-Change;TC-CD 18/38 Li-Solo;Herramientas > Herramientas electricas portatiles > Herramientas electricas para taladrar atornillar > Taladros > Taladros de bateria;50.89;EUR;extension-list;05.09.2026, 17:53:27;https://www.leroymerlin.es/productos/taladro-atornillador-inalambrico-tc-cd-18-38-li-solo-38-nm-portabrocas-de-10-mm-power-x-change-73426712.html
https://media.adeo.com/mkp/d8292d1a9a59e620226df9a18e109a2a/media.jpg?width=100;Taladro percutor Cecotec CecoRaptor Perfect ImpactDrill 4020 Brushless Ultra 20V 4000mAh 30000bmp;84507694;Cecotec;CecoRaptor Perfect ImpactDrill 4020 Brushless Ultra 20V 4000mAh 30000bmp;Herramientas > Herramientas electricas portatiles > Herramientas electricas para taladrar atornillar > Taladros > Taladros de bateria;;;;05.09.2026, 17:53:27;https://www.leroymerlin.es/productos/taladro-percutor-cecotec-cecoraptor-perfect-impactdrill-4020-brushless-ultra-20v-4000mah-30000bmp-84507694.html
https://media.adeo.com/mkp/026beaece6d903239b59949da9e75bd9/media.jpg?width=100;Kit di utensili per incisione elettrica, penna per incisione ricaricabile senza fili tramite USB, mini utensili per intaglio rotante con punte da;97370332;;;Herramientas > Herramientas electricas portatiles > Herramientas electricas para taladrar atornillar > Taladros > Taladros de bateria;27.29;EUR;extension-list;05.09.2026, 17:53:27;https://www.leroymerlin.es/productos/kit-di-utensili-per-incisione-elettrica-penna-per-incisione-ricaricabile-senza-fili-tramite-usb-mini-utensili-per-intaglio-rotante-con-punte-da-97370332.html
https://www.leroymerlin.es/cdp-site/6.66.0/static/images/common/loader-v2.svg;BOSCH;92376920;Bosch;BC-DD60-X;Herramientas > Herramientas electricas portatiles > Herramientas electricas para taladrar atornillar > Taladros > Taladros de bateria;239.75;EUR;extension-list;05.09.2026, 17:53:27;https://www.leroymerlin.es/productos/taladro-percutor-a-bateria-bosch-18v-brushless-2-baterias-advanceimpact-18v-80-92376920.html
https://media.adeo.com/mkp/b34009eed352af23f200711d122976e9/media.jpg?width=100;Taladro-destornillador inalámbrico - SCHEPPACH - 20V IXES - Par 60 Nm - Portabrocas 13mm - sin batería ni cargador - BC-DD60-X;91929309;BLACK+DECKER;BCD900M1K-QW;Herramientas > Herramientas electricas portatiles > Herramientas electricas para taladrar atornillar > Taladros > Taladros de bateria;47.85;EUR;extension-list;05.09.2026, 17:53:27;https://www.leroymerlin.es/productos/taladro-destornillador-inalambrico-scheppach-20v-ixes-par-60-nm-portabrocas-13mm-sin-bateria-ni-cargador-bc-dd60-x-91929309.html
https://media.adeo.com/mkp/bc4eb51a946c552b3c83d0756976e833/media.jpg?width=100;MAKITA DTD156RT1J - Atornillador impacto 18v lxt 5ah 155nm;92918036;MAkita;DTD156RT1J;Herramientas > Herramientas electricas portatiles > Herramientas electricas para taladrar atornillar > Taladros > Taladros de bateria;290.22;EUR;extension-list;05.09.2026, 17:53:27;https://www.leroymerlin.es/productos/makita-dtd156rt1j-atornillador-impacto-18v-lxt-5ah-155nm-92918036.html
https://www.leroymerlin.es/cdp-site/6.66.0/static/images/common/loader-v2.svg;BLACK + DECKER;82167930;BLACK+DECKER;;Herramientas > Herramientas electricas portatiles > Herramientas electricas para taladrar atornillar > Taladros > Taladros de bateria;169.29;EUR;extension-list;05.09.2026, 17:53:27;https://www.leroymerlin.es/productos/taladro-percutor-a-bateria-black-decker-18v-2-baterias-1-5ah-cargador-400ma-maletin-bcd003c2k-qw-82167930.html
https://media.adeo.com/mkp/9b9e92fe35c57ea64018ce4bba3da237/media.jpg?width=100;Hitachi - Hikoki - Taladro- atornillador a batería de 18V 5.0Ah Li-Ion 55Nm - DS18DDWPZ;86556573;Hitachi;DS18DDWPZ;Herramientas > Herramientas electricas portatiles > Herramientas electricas para taladrar atornillar > Taladros > Taladros de bateria;212.23;EUR;extension-list;05.09.2026, 17:53:27;https://www.leroymerlin.es/productos/hitachi-hikoki-taladro-atornillador-a-bateria-de-18v-5-0ah-li-ion-55nm-ds18ddwpz-86556573.html
https://media.adeo.com/mkp/0ca6ea4d371e323733ffa0b834f3bef3/media.jpg?width=100;Taladro atornillador BL (sin batería) Worx DIY WX102.9;84914489;WOrx;WX102.9;Herramientas > Herramientas electricas portatiles > Herramientas electricas para taladrar atornillar > Taladros > Taladros de bateria;163.82;EUR;extension-list;05.09.2026, 17:53:27;https://www.leroymerlin.es/productos/taladro-atornillador-bl-sin-bateria-worx-diy-wx102-9-84914489.html
https://media.adeo.com/mkp/6ef6721c7c82dea003009a805cd1f0ae/media.jpg?width=300;BCD900M1K-QW Taladro percutor / atornillador Black+Decker 18V 4 Ah SDS con maletín y accesorios;82593613;;BCD900M1K-QW;Herramientas > Herramientas electricas portatiles > Herramientas electricas para taladrar atornillar > Taladros > Taladros de bateria;225.32;EUR;extension-list;05.09.2026, 17:53:27;https://www.leroymerlin.es/productos/bcd900m1k-qw-taladro-percutor-atornillador-black-decker-18v-4-ah-sds-con-maletin-y-accesorios-82593613.html
https://media.adeo.com/mkp/6fb43285709a74c4942c33c95d47fe08/media.jpg?width=300;Llave de impacto - STANLEY FATMAX V20 - SFMCF920B-XJ - 1/2 Brushless 370 Nm - Litio 18V - Sin Batería;94469187;STanley;SFMCF920B-XJ;Herramientas > Herramientas electricas portatiles > Herramientas electricas para taladrar atornillar > Taladros > Taladros de bateria;197.06;EUR;extension-list;05.09.2026, 17:53:27;https://www.leroymerlin.es/productos/llave-de-impacto-stanley-fatmax-v20-sfmcf920b-xj-1-2-brushless-370-nm-litio-18v-sin-bateria-94469187.html
https://media.adeo.com/mkp/f621bc8faf7d7c67063ef60c81f15051/media.jpg?width=300;HIKOKI DV18DDW2Z DV18DDW2Z Taladro combinado 18 V - 55 Nm - Brushless - Sin baterías ni cargador -Maletín apilab;85465827;HIKOKI;DV18DDW2Z;Herramientas > Herramientas electricas portatiles > Herramientas electricas para taladrar atornillar > Taladros > Taladros de bateria;172.95;EUR;extension-list;05.09.2026, 17:53:27;https://www.leroymerlin.es/productos/hikoki-dv18ddw2z-dv18ddw2z-taladro-combinado-18-v-55-nm-brushless-sin-baterias-ni-cargador-maletin-apilab-85465827.html
https://media.adeo.com/mkp/09289c94e1f6036fe116841937a8597a/media.jpg?width=300;Taladro percutor/atornillador 20v brushless (sin batería ni cargador) portabrocas ø13mm 22x25cm pro series battery koma tools;82682913;;;Herramientas > Herramientas electricas portatiles > Herramientas electricas para taladrar atornillar > Taladros > Taladros de bateria;75.53;EUR;extension-list;05.09.2026, 17:53:27;https://www.leroymerlin.es/productos/taladro-percutor-atornillador-20v-brushless-sin-bateria-ni-cargador-portabrocas-13mm-22x25cm-pro-series-battery-koma-tools-82682913.html
https://media.adeo.com/mkp/ae26ccd6d6126bddbaca516f65457480/media.jpg?width=300;broca, 4Inch, para madera;71552940;Roca;;Herramientas > Herramientas electricas portatiles > Herramientas electricas para taladrar atornillar > Taladros > Taladros de bateria;20.31;EUR;extension-list;05.09.2026, 17:53:27;https://www.leroymerlin.es/productos/broca-4inch-para-madera-71552940.html
https://media.adeo.com/mkp/e7a537d0ae2dd4fb8928233bc7b292d8/media.jpg?width=300;AULEDIO Martillo perforador sin cable brushless 3 en 1 1680W compatible batería 18V, taladro percusión hormigón madera acero construcción bricolaje;79629302;AULEDIO;1680W;Herramientas > Herramientas electricas portatiles > Herramientas electricas para taladrar atornillar > Taladros > Taladros de bateria;114.3;EUR;extension-list;05.09.2026, 17:53:27;https://www.leroymerlin.es/productos/auledio-martillo-perforador-sin-cable-brushless-3-en-1-1680w-compatible-bateria-18v-taladro-percusion-hormigon-madera-acero-construccion-bricolaje-79629302.html
https://media.adeo.com/mkp/6bd6ebb98a4ec38be34612d1270066fc/media.jpg?width=100;AEG - Taladro atornillador 12 V Pro Li-Ion 2,0 Ah 32 Nm 2 velocidades - BBS 12C2 LI-202B;17292044;AEg;LI-202B;Herramientas > Herramientas electricas portatiles > Herramientas electricas para taladrar atornillar > Taladros > Taladros de bateria;253.41;EUR;extension-list;05.09.2026, 17:53:02;https://www.leroymerlin.es/productos/aeg-taladro-atornillador-12-v-pro-li-ion-2-0-ah-32-nm-2-velocidades-bbs-12c2-li-202b-17292044.html
https://media.adeo.com/mkp/f911f3bbf1b7ce6f6102394d7bfda747/media.jpg?width=300;Bosch Professional GSR 18V-28 Perceuse-visseuse sans fil + Coffret de transport L-Boxx - sans Batterie, sans Chargeur ( 06019H4108 );82970438;Bosch;06019H4108;Herramientas > Herramientas electricas portatiles > Herramientas electricas para taladrar atornillar > Taladros > Taladros de bateria;;;;05.09.2026, 17:53:02;https://www.leroymerlin.es/productos/bosch-professional-gsr-18v-28-perceuse-visseuse-sans-fil-coffret-de-transport-l-boxx-sans-batterie-sans-chargeur-06019h4108-82970438.html
https://www.leroymerlin.es/cdp-site/6.66.0/static/images/common/loader-v2.svg;STANLEY FATMAX;98482097;Stanley Fatmax;POWX00501;Herramientas > Herramientas electricas portatiles > Herramientas electricas para taladrar atornillar > Taladros > Taladros de bateria;;;;05.09.2026, 17:53:02;https://www.leroymerlin.es/productos/taladro-percutor-a-bateria-stanley-fatmax-18v-brushless-2-baterias-sfmcd716d2t-qw-98482097.html
https://media.adeo.com/mkp/2e0854bbc3192093de7d4a9489b57f4d/media.jpg?width=100;POWX00501 - Taladro atornillador 20V - incl. 3 baterías 20V 1.3Ah y cargador - 13 acc.;88933426;;POWX00501;Herramientas > Herramientas electricas portatiles > Herramientas electricas para taladrar atornillar > Taladros > Taladros de bateria;86.41;EUR;extension-list;05.09.2026, 17:53:02;https://www.leroymerlin.es/productos/powx00501-taladro-atornillador-20v-incl-3-baterias-20v-1-3ah-y-cargador-13-acc-88933426.html
;Kit Herramientas Dexter Power X Change 18v Taladro Percutor Amoladora 125mm Martillo Perforador Set Brocas Multimaterial Y Puntas 25 Piezas 10 Discos Corte;71313864;Dexter;Dexter Pro 18V;Herramientas > Herramientas electricas portatiles > Herramientas electricas para taladrar atornillar > Taladros > Taladros de bateria;356.72;EUR;extension-list;05.09.2026, 17:53:02;https://www.leroymerlin.es/productos/kit-herramientas-dexter-power-x-change-18v-taladro-percutor-amoladora-125mm-martillo-perforador-set-brocas-multimaterial-y-puntas-25-piezas-10-discos-corte-71313864.html
https://media.adeo.com/mkp/c2e483b25d9afbf342d3ec21bd589de6/media.jpg?width=100;7450 ESD 10,0 Ncm Destornillador dinamométrico ajustable - 05074820001 - Wera;90314638;;;Herramientas > Herramientas electricas portatiles > Herramientas electricas para taladrar atornillar > Taladros > Taladros de bateria;85.04;EUR;extension-list;05.09.2026, 17:53:02;https://www.leroymerlin.es/productos/7450-esd-10-0-ncm-destornillador-dinamometrico-ajustable-05074820001-wera-90314638.html
https://media.adeo.com/mkp/ee4b8677744c371de908ca077cfa99f8/media.jpg?width=100;Taladro-destornillador de percusión sin escobillas - SCHEPPACH - 20V IXES - Par 60 Nm - Portabrocas 13mm - sin batería ni cargador;91929327;SCHEPPACH;20V IXES;Herramientas > Herramientas electricas portatiles > Herramientas electricas para taladrar atornillar > Taladros > Taladros de bateria;56.65;EUR;extension-list;05.09.2026, 17:53:02;https://www.leroymerlin.es/productos/taladro-destornillador-de-percusion-sin-escobillas-scheppach-20v-ixes-par-60-nm-portabrocas-13mm-sin-bateria-ni-cargador-91929327.html
https://media.adeo.com/mkp/cae9e72d2088072c8323a394181c7fda/media.jpg?width=100;Makita - Taladro-atornillador 18V LXT sin batería ni cargador - DDF453Z;85206210;Makita;DDF453Z;Herramientas > Herramientas electricas portatiles > Herramientas electricas para taladrar atornillar > Taladros > Taladros de bateria;71.01;EUR;extension-list;05.09.2026, 17:53:02;https://www.leroymerlin.es/productos/makita-taladro-atornillador-18v-lxt-sin-bateria-ni-cargador-ddf453z-85206210.html
https://media.adeo.com/mkp/2239406478718cb9cd4f918969ccf1f4/media.jpg?width=300;Kit 2 Herramientas Taladro Atornillador DCD708 + Atornillador de Impacto DCF787 + 2 Baterías (2Ah y 4Ah) + Cargador + Bolsa - DEWALT - DCK2078MDR-QW;83629825;DEWALT;DCK2078MDR-QW;Herramientas > Herramientas electricas portatiles > Herramientas electricas para taladrar atornillar > Taladros > Taladros de bateria;390.21;EUR;extension-list;05.09.2026, 17:53:02;https://www.leroymerlin.es/productos/kit-2-herramientas-taladro-atornillador-dcd708-atornillador-de-impacto-dcf787-2-baterias-2ah-y-4ah-cargador-bolsa-dewalt-dck2078mdr-qw-83629825.html
https://media.adeo.com/mkp/678da2cc7a899d99905a5212f3d44c0e/media.jpg?width=300;Taladro de batería GSR 18V-55 | 2 x 4.0 AH Battery Procore18V en l-boxx;86570269;Procore;GSR 18V-55;Herramientas > Herramientas electricas portatiles > Herramientas electricas para taladrar atornillar > Taladros > Taladros de bateria;336.95;EUR;extension-list;05.09.2026, 17:53:02;https://www.leroymerlin.es/productos/taladro-de-bateria-gsr-18v-55-2-x-4-0-ah-battery-procore18v-en-l-boxx-86570269.html
https://media.adeo.com/mkp/69eaa6f639d9a132b4bd62558bb0e1de/media.jpg?width=300;BOSCH-B TALADRO 600W GSB13RE;84154621;BOsch;GSB13RE;Herramientas > Herramientas electricas portatiles > Herramientas electricas para taladrar atornillar > Taladros > Taladros de bateria;143.28;EUR;extension-list;05.09.2026, 17:53:02;https://www.leroymerlin.es/productos/bosch-b-taladro-600w-gsb13re-84154621.html
https://media.adeo.com/mkp/3902a2d6a320677f66188de33f6dd9f5/media.jpg?width=100;"Makita TD001GD201 Visseuse à percusion sans fil 220Nm 40V 1/4"" XGT Brushless + 2x Batteries 2,5Ah + Chargeur + Coffret Makpac";88305505;MAkita;TD001GD201;Herramientas > Herramientas electricas portatiles > Herramientas electricas para taladrar atornillar > Taladros > Taladros de bateria;535.58;EUR;extension-list;05.09.2026, 17:53:02;https://www.leroymerlin.es/productos/makita-td001gd201-visseuse-a-percusion-sans-fil-220nm-40v-1-4-xgt-brushless-2x-batteries-2-5ah-chargeur-coffret-makpac-88305505.html
https://media.adeo.com/mkp/c237fa50bfcc82830320428fcccdcd7c/media.png?width=100;Combo Kit 2 outils 18 V GSR + GDR + 2x GBA 5.0 Ah + GAL 18V-40 Professional - BOSCH - 0615A50090;78065183;Combo;0615A50090;Herramientas > Herramientas electricas portatiles > Herramientas electricas para taladrar atornillar > Taladros > Taladros de bateria;472.24;EUR;extension-list;05.09.2026, 17:53:02;https://www.leroymerlin.es/productos/combo-kit-2-outils-18-v-gsr-gdr-2x-gba-5-0-ah-gal-18v-40-professional-bosch-0615a50090-78065183.html
https://media.adeo.com/mkp/7f394143514956e6e2afa6d41a3f12e2/media.jpg?width=300;Taladro percutor 18V + batería de litio 2,5Ah Cargador ADVANCED IMPACT;82296090;Impact;;Herramientas > Herramientas electricas portatiles > Herramientas electricas para taladrar atornillar > Taladros > Taladros de bateria;276.99;EUR;extension-list;05.09.2026, 17:53:02;https://www.leroymerlin.es/productos/taladro-percutor-18v-bateria-de-litio-2-5ah-cargador-advanced-impact-82296090.html
https://media.adeo.com/mkp/6d7eb85ef212bded9e41829ddafa05ec/media.jpg?width=100;Bosch - Taladro atornillador a batería 18V 110Nm sin batería ni cargador GSR 18V-110 C - 06019G0109;86570295;BOsch;06019G0109;Herramientas > Herramientas electricas portatiles > Herramientas electricas para taladrar atornillar > Taladros > Taladros de bateria;253.77;EUR;extension-list;05.09.2026, 17:53:02;https://www.leroymerlin.es/productos/bosch-taladro-atornillador-a-bateria-18v-110nm-sin-bateria-ni-cargador-gsr-18v-110-c-06019g0109-86570295.html
https://www.leroymerlin.es/cdp-site/6.66.0/static/images/common/loader-v2.svg;DEWALT;76997413;Bosch;06019k3201;Herramientas > Herramientas electricas portatiles > Herramientas electricas para taladrar atornillar > Taladros > Taladros de bateria;780.9;EUR;extension-list;05.09.2026, 17:53:02;https://www.leroymerlin.es/productos/taladro-percutor-a-bateria-dewalt-18v-brushless-2-baterias-dck2200h2t-qw-76997413.html
https://media.adeo.com/mkp/64eaca4c37f60cce0fc5309b324425b1/media.jpeg?width=100;BOSCH PSB 18 LI-2 Taladro atornillador de impacto ergonómico - 06039B0300;18383253;BOsch;06039B0300;Herramientas > Herramientas electricas portatiles > Herramientas electricas para taladrar atornillar > Taladros > Taladros de bateria;;;;05.09.2026, 17:53:02;https://www.leroymerlin.es/productos/bosch-psb-18-li-2-taladro-atornillador-de-impacto-ergonomico-06039b0300-18383253.html
https://media.adeo.com/mkp/af25116a1cd6cb071eb310ff91bc34d4/media.jpg?width=300;Perceuse à percussion 18V - HIKOKI - 2 batteries 18 V 5 Ah BSL1850MA + coffret - DV18DEWJZ;89514034;Perceuse;DV18DEWJZ;Herramientas > Herramientas electricas portatiles > Herramientas electricas para taladrar atornillar > Taladros > Taladros de bateria;213.09;EUR;extension-list;05.09.2026, 17:53:02;https://www.leroymerlin.es/productos/perceuse-a-percussion-18v-hikoki-2-batteries-18-v-5-ah-bsl1850ma-coffret-dv18dewjz-89514034.html
https://media.adeo.com/mkp/9cb189e3909a16a00d7373934702159b/media.jpg?width=100;Perceuse visseuse bosch professional gsr 18v-45 - sans batterie, ni chargeur - 06019k3201;86585451;Bosch;18V EasyImpact 18 40;Herramientas > Herramientas electricas portatiles > Herramientas electricas para taladrar atornillar > Taladros > Taladros de bateria;189.59;EUR;extension-list;05.09.2026, 17:52:37;https://www.leroymerlin.es/productos/perceuse-visseuse-bosch-professional-gsr-18v-45-sans-batterie-ni-chargeur-06019k3201-86585451.html
https://media.adeo.com/mkp/2fa27fd79e407bbe5072882726429eec/media.jpg?width=100;Bosch - Taladro/atornillador 18V sin batería y cargador 20+1 - GSR 18V-60 C Professional;36611841;BOsch;18V-60;Herramientas > Herramientas electricas portatiles > Herramientas electricas para taladrar atornillar > Taladros > Taladros de bateria;352.54;EUR;extension-list;05.09.2026, 17:52:37;https://www.leroymerlin.es/productos/bosch-taladro-atornillador-18v-sin-bateria-y-cargador-20-1-gsr-18v-60-c-professional-36611841.html
https://media.adeo.com/media/4078005/media.png?width=300;Taladro a batería BOSCH 18V - 2 baterias - EasyImpact 18 40 2 bat 1,5Ah y 241 Acc;87203381;Bosch;;Herramientas > Herramientas electricas portatiles > Herramientas electricas para taladrar atornillar > Taladros > Taladros de bateria;164.93;EUR;extension-list;05.09.2026, 17:52:37;https://www.leroymerlin.es/productos/taladro-a-bateria-bosch-18v-2-baterias-easyimpact-18-40-2-bat-1-5ah-y-241-acc-87203381.html
https://media.adeo.com/mkp/8260bc60a709c804234377e77cfd3276/media.jpg?width=300;Dnipro-M Martillo Perforador Inalámbrico SDS+ 20V Brushless 3 Modos Hormigón Madera Metal Kit Batería 4Ah + Maletín | DHR-203 BCX;77842869;;DHR-203;Herramientas > Herramientas electricas portatiles > Herramientas electricas para taladrar atornillar > Taladros > Taladros de bateria;156.99;EUR;extension-list;05.09.2026, 17:52:37;https://www.leroymerlin.es/productos/dnipro-m-martillo-perforador-inalambrico-sds-20v-brushless-3-modos-hormigon-madera-metal-kit-bateria-4ah-maletin-dhr-203-bcx-77842869.html
https://media.adeo.com/mkp/fc12a1437b125969c76178b482bac017/media.jpg?width=100;MAKITA WR100DZ - Llave de carraca angular 12v cxt 47.5nm;83429624;MAkita;WR100DZ;Herramientas > Herramientas electricas portatiles > Herramientas electricas para taladrar atornillar > Taladros > Taladros de bateria;130.77;EUR;extension-list;05.09.2026, 17:52:37;https://www.leroymerlin.es/productos/makita-wr100dz-llave-de-carraca-angular-12v-cxt-47-5nm-83429624.html
https://media.adeo.com/mkp/c1a62955c860fb454b9f19ce3e93fc72/media.png?width=100;Taladro atornillador a batería TP-CD 18/60 Li BL - Solo - sin batería ni cargador;86400926;;;Herramientas > Herramientas electricas portatiles > Herramientas electricas para taladrar atornillar > Taladros > Taladros de bateria;92.11;EUR;extension-list;05.09.2026, 17:52:37;https://www.leroymerlin.es/productos/taladro-atornillador-a-bateria-tp-cd-18-60-bl-solo-sin-bateria-ni-cargador-86400926.html
https://media.adeo.com/mkp/cf1dd10acaea4c1ba82de0412c430117/media.jpg?width=100;Taladro Atornillador Inalámbrico 21V 2 Baterías Kit 2 Piezas 6 Velocidades LED Reversible con Accesorios para Bricolaje y Reparación Hogar;72555660;;;Herramientas > Herramientas electricas portatiles > Herramientas electricas para taladrar atornillar > Taladros > Taladros de bateria;74.99;EUR;extension-list;05.09.2026, 17:52:37;https://www.leroymerlin.es/productos/taladro-atornillador-inalambrico-21v-2-baterias-kit-2-piezas-6-velocidades-led-reversible-con-accesorios-para-bricolaje-y-reparacion-hogar-72555660.html
https://media.adeo.com/mkp/e52408a276f8c6e70699b7e4dd52790f/media.jpg?width=100;juego de brocas 10 piezas, diamantada, 4.0mm, para piedra, azulejo, vidrio;71663707;;;Herramientas > Herramientas electricas portatiles > Herramientas electricas para taladrar atornillar > Taladros > Taladros de bateria;11.63;EUR;extension-list;05.09.2026, 17:52:37;https://www.leroymerlin.es/productos/juego-de-brocas-10-piezas-diamantada-4-0mm-para-piedra-azulejo-vidrio-71663707.html
https://media.adeo.com/mkp/e09338c98ec09d60d85583ccd57d3da7/media.jpg?width=100;Taladro atornillador a batería 20V FX-E1BS20 FUXTEC- set con 2x baterías 2ah y 1 cargador- +valet;86387124;FUXTEC;FX-E1BS20;Herramientas > Herramientas electricas portatiles > Herramientas electricas para taladrar atornillar > Taladros > Taladros de bateria;;;;05.09.2026, 17:52:37;https://www.leroymerlin.es/productos/taladro-atornillador-a-bateria-20v-fx-e1bs20-fuxtec-set-con-2x-baterias-2ah-y-1-cargador-valet-86387124.html
https://media.adeo.com/mkp/ba2de43fc9304a26cb659c0521c9371d/media.jpg?width=100;Taladro de percusión inalámbrico Bosch Gsb18-2li Pro;82960926;Bosch;Gsb18-2li Pro;Herramientas > Herramientas electricas portatiles > Herramientas electricas para taladrar atornillar > Taladros > Taladros de bateria;283.42;EUR;extension-list;05.09.2026, 17:52:37;https://www.leroymerlin.es/productos/taladro-de-percusion-inalambrico-bosch-gsb18-2li-pro-82960926.html
https://media.adeo.com/mkp/1a584a13fb300b83c6bc1d6c3b2940a5/media.jpg?width=300;Makita DTD 155 Z 18 V Brushless Li-Ion Visseuse à chocs sans fil - sans Accessoires, ni Batteries, ni Chargeur;83642066;Makita;DTD 155 Z;Herramientas > Herramientas electricas portatiles > Herramientas electricas para taladrar atornillar > Taladros > Taladros de bateria;124.2;EUR;extension-list;05.09.2026, 17:52:37;https://www.leroymerlin.es/productos/makita-dtd-155-z-18-v-brushless-li-ion-visseuse-a-chocs-sans-fil-sans-accessoires-ni-batteries-ni-chargeur-83642066.html
https://media.adeo.com/mkp/ebd1115552295ef661ab8686b4991576/media.jpg?width=300;PowerMaxx BS BL 2 x 2.0 Ah Li-Power 12 V Taladro Atornillador Inalámbrico, LC12;86401580;PowerMaxx;LC12;Herramientas > Herramientas electricas portatiles > Herramientas electricas para taladrar atornillar > Taladros > Taladros de bateria;176.25;EUR;extension-list;05.09.2026, 17:52:37;https://www.leroymerlin.es/productos/powermaxx-bs-bl-2-x-2-0-ah-li-power-12-v-taladro-atornillador-inalambrico-lc12-86401580.html
https://media.adeo.com/mkp/e4338daf62162453fb43baa81856f144/media.jpg?width=100;Taladro Atornillador 20 V. Con 2 Velocidades y Percutor. Bateria 20 Ah. Par Apriete 35 Nm.;92320304;;;Herramientas > Herramientas electricas portatiles > Herramientas electricas para taladrar atornillar > Taladros > Taladros de bateria;66.09;EUR;extension-list;05.09.2026, 17:52:37;https://www.leroymerlin.es/productos/taladro-atornillador-20-v-con-2-velocidades-y-percutor-bateria-20-ah-par-apriete-35-nm-92320304.html
https://media.adeo.com/mkp/d816679130e8bc33ca1e76a9a8fccae0/media.jpg?width=100;"Llave dinamométrica mecánica VEVORvde de 1/4"", 2,3-23 Nm, precisión ±3 %, llave de trinquete ajustable de 72 dientes, protección contra sobretorsión";89047320;VEVOR;vde de 1/4;Herramientas > Herramientas electricas portatiles > Herramientas electricas para taladrar atornillar > Taladros > Taladros de bateria;24.9;EUR;extension-list;05.09.2026, 17:52:37;https://www.leroymerlin.es/productos/llave-dinamometrica-mecanica-vevorvde-de-1-4-2-3-23-nm-precision-3-llave-de-trinquete-ajustable-de-72-dientes-proteccion-contra-sobretorsion-89047320.html
https://media.adeo.com/mkp/b29aa459080fdd0289c213cf0ff841d0/media.jpg?width=300;Taladro atornillador a batería CXS 18-Basic - 576882 - Festool;88741579;Festool;CXS 18-Basic - 576882;Herramientas > Herramientas electricas portatiles > Herramientas electricas para taladrar atornillar > Taladros > Taladros de bateria;221.1;EUR;extension-list;05.09.2026, 17:52:37;https://www.leroymerlin.es/productos/taladro-atornillador-a-bateria-cxs-18-basic-576882-festool-88741579.html
https://media.adeo.com/mkp/5dced44cad980c116db24f610ba7d96c/media.jpg?width=300;BOSCH PSR 1800 Li-2 + PST 18 Li + AdvancedOrbit 18 Conjunto de Máquina de Batería 18.0 V - (06039A310W);82801635;BOSCH;06039A310W;Herramientas > Herramientas electricas portatiles > Herramientas electricas para taladrar atornillar > Taladros > Taladros de bateria;324.88;EUR;extension-list;05.09.2026, 17:52:37;https://www.leroymerlin.es/productos/bosch-psr-1800-li-2-pst-18-advancedorbit-18-conjunto-de-maquina-de-bateria-18-0-v-06039a310w-82801635.html
https://media.adeo.com/mkp/444f85149e3376753682b852072926b1/media.jpg?width=100;GDS 18V-1050 HC + GCY-42 HC + GCY-42 HC + GCY-42 | Sin batería sin cargador + l-boxx;82799484;GDS;GCY-42;Herramientas > Herramientas electricas portatiles > Herramientas electricas para taladrar atornillar > Taladros > Taladros de bateria;386.05;EUR;extension-list;05.09.2026, 17:52:37;https://www.leroymerlin.es/productos/gds-18v-1050-hc-gcy-42-hc-gcy-42-hc-gcy-42-sin-bateria-sin-cargador-l-boxx-82799484.html
https://media.adeo.com/mkp/cd0137b21969700c8220a33b4ce1aa4d/media.jpg?width=100;Taladro atornillador a batería TE-CD 18/40 Li +69 - 2 velocidades - 21 posiciones - 2 baterías Power X-Change 2.0Ah;84464449;Power X-Change;TE-CD 18/40 Li +69;Herramientas > Herramientas electricas portatiles > Herramientas electricas para taladrar atornillar > Taladros > Taladros de bateria;215.21;EUR;extension-list;05.09.2026, 17:52:37;https://www.leroymerlin.es/productos/taladro-atornillador-a-bateria-te-cd-18-40-69-2-velocidades-21-posiciones-2-baterias-power-x-change-2-0ah-84464449.html
https://media.adeo.com/mkp/57523e2941840a90ca2c7b837fc8e8a2/media.jpg?width=100;Taladro eléctrico METABO - BS 18V - LT BL 2 x 4,0 Ah Li-Power, ASC 55, caja - 602325500;83060193;Metabo;BS 18V - LT BL 2 x 4,0 Ah Li-Power, ASC 55, caja - 602325500;Herramientas > Herramientas electricas portatiles > Herramientas electricas para taladrar atornillar > Taladros > Taladros de bateria;267.74;EUR;extension-list;05.09.2026, 17:52:16;https://www.leroymerlin.es/productos/taladro-electrico-metabo-bs-18v-lt-bl-2-x-4-0-ah-li-power-asc-55-caja-602325500-83060193.html
https://media.adeo.com/mkp/323b837744a4f3e6f9b1569ef488571e/media.jpg?width=100;MAKITA DF347D001 - Taladro atornillador G-series 14,4V + 2 BATERIAS Y CARGADOR;94543290;MAkita;DF347D001;Herramientas > Herramientas electricas portatiles > Herramientas electricas para taladrar atornillar > Taladros > Taladros de bateria;;;;05.09.2026, 17:52:16;https://www.leroymerlin.es/productos/makita-df347d001-taladro-atornillador-g-series-14-4v-2-baterias-y-cargador-94543290.html
https://media.adeo.com/mkp/7c5a49ee249a569d02ccc6918ebffa8b/media.jpg?width=100;Llave de Impacto MAKITA DTW700ZJ (Cuerpo solo + MAKPAC 3);84912063;MAkita;DTW700ZJ;Herramientas > Herramientas electricas portatiles > Herramientas electricas para taladrar atornillar > Taladros > Taladros de bateria;270.5;EUR;extension-list;05.09.2026, 17:52:16;https://www.leroymerlin.es/productos/llave-de-impacto-makita-dtw700zj-cuerpo-solo-makpac-3-84912063.html
https://media.adeo.com/mkp/4f4a5d60be288881fbac7d6c4cbb06bd/media.jpg?width=100;"MAKITA TW008GZ - Llave impacto BL 40Vmax XGT 750Nm 1/2"" Bola sin batería ni cargador";84464470;MAkita;TW008GZ;Herramientas > Herramientas electricas portatiles > Herramientas electricas para taladrar atornillar > Taladros > Taladros de bateria;311.58;EUR;extension-list;05.09.2026, 17:52:16;https://www.leroymerlin.es/productos/makita-tw008gz-llave-impacto-bl-40vmax-xgt-750nm-1-2-bola-sin-bateria-ni-cargador-84464470.html
https://www.leroymerlin.es/cdp-site/6.66.0/static/images/common/loader-v2.svg;RYOBI;91895255;RYOBI;;Herramientas > Herramientas electricas portatiles > Herramientas electricas para taladrar atornillar > Taladros > Taladros de bateria;;;;05.09.2026, 17:52:16;https://www.leroymerlin.es/productos/taladro-percutor-a-bateria-ryobi-18v-brushless-2-baterias-punta-de-atornillar-doble-bolsa-de-transporte-rpd18bl1-2c20s-91895255.html
https://media.adeo.com/mkp/2fa800e2a097c3a3f34dc70c04cb5693/media.jpg?width=100;BLACK+DECKER MT218K-QW - Multiherramienta a batería MULTIEVO 18V Litio con cabezales intercambiables;16854383;BLACK+DECKER;MT218K-QW;Herramientas > Herramientas electricas portatiles > Herramientas electricas para taladrar atornillar > Taladros > Taladros de bateria;83.79;EUR;extension-list;05.09.2026, 17:52:16;https://www.leroymerlin.es/productos/black-decker-mt218k-qw-multiherramienta-a-bateria-multievo-18v-litio-con-cabezales-intercambiables-16854383.html
https://media.adeo.com/mkp/5dabf6d2fb13961e2beb3f81d52a022d/media.jpg?width=100;Dnipro-M Taladro Percutor CD-218Q 20V, Batería 2Ah, Kit con Juego de Brocas 41 uds y Cargador Rápido;71319224;Dnipro-M;CD-218Q 20V, Batería 2Ah, Kit con Juego de Brocas 41 uds y Cargador Rápido;Herramientas > Herramientas electricas portatiles > Herramientas electricas para taladrar atornillar > Taladros > Taladros de bateria;61.99;EUR;extension-list;05.09.2026, 17:52:16;https://www.leroymerlin.es/productos/dnipro-m-taladro-percutor-cd-218q-20v-bateria-2ah-kit-con-juego-de-brocas-41-uds-y-cargador-rapido-71319224.html
https://media.adeo.com/mkp/f4c669d74ccce77d6233c293fb0f8247/media.jpg?width=100;DEWALT DCD709P2T-QW 18 V KOMPAKTER AKKU-BOHRER;89070444;DEwalt;DCD709P2T-QW;Herramientas > Herramientas electricas portatiles > Herramientas electricas para taladrar atornillar > Taladros > Taladros de bateria;314.64;EUR;extension-list;05.09.2026, 17:52:16;https://www.leroymerlin.es/productos/dewalt-dcd709p2t-qw-18-v-kompakter-akku-bohrer-89070444.html
https://media.adeo.com/mkp/5e93c6a03c5e1dcd1ac1cb2b89220f7d/media.jpg?width=100;BOSCH GSB 18V-55 2x4.0Ah Destornillador de impacto - 06019H5300;84177078;BOsch;06019H5300;Herramientas > Herramientas electricas portatiles > Herramientas electricas para taladrar atornillar > Taladros > Taladros de bateria;543.8;EUR;extension-list;05.09.2026, 17:52:16;https://www.leroymerlin.es/productos/bosch-gsb-18v-55-2x4-0ah-destornillador-de-impacto-06019h5300-84177078.html
https://media.adeo.com/mkp/b411c59b8e01b31397f3ce9ebabcd1f8/media.jpg?width=100;Atornillador de escayola 18V DW 45 18.0-EC C FLEX - sin batería ni cargador - 491276;83609785;Flex;18.0-EC;Herramientas > Herramientas electricas portatiles > Herramientas electricas para taladrar atornillar > Taladros > Taladros de bateria;204.88;EUR;extension-list;05.09.2026, 17:52:16;https://www.leroymerlin.es/productos/atornillador-de-escayola-18v-dw-45-18-0-ec-c-flex-sin-bateria-ni-cargador-491276-83609785.html
https://media.adeo.com/mkp/c108e5a84dafa79cdcf92c3b7522c20d/media.jpg?width=300;Black and Decker - Taladro atornillador a batería 18V 1.5Ah 40Nm - BDCDD186K;82328740;Black;BDCDD186K;Herramientas > Herramientas electricas portatiles > Herramientas electricas para taladrar atornillar > Taladros > Taladros de bateria;84.54;EUR;extension-list;05.09.2026, 17:52:16;https://www.leroymerlin.es/productos/black-and-decker-taladro-atornillador-a-bateria-18v-1-5ah-40nm-bdcdd186k-82328740.html
https://media.adeo.com/mkp/88ad67ac399ebe93d30f2eb6216daaa9/media.jpg?width=300;POWC1061 - Taladro/atornillador 16v ll-ion;82160186;;POWC1061;Herramientas > Herramientas electricas portatiles > Herramientas electricas para taladrar atornillar > Taladros > Taladros de bateria;56.47;EUR;extension-list;05.09.2026, 17:52:16;https://www.leroymerlin.es/productos/powc1061-taladro-atornillador-16v-ll-ion-82160186.html
https://media.adeo.com/mkp/6a7249353ebdc580735b02f686541638/media.jpg?width=300;ONEVAN Llaves de impacto a bateria 20V sin escobillas 1000 Nm,1/2;76077517;ONEVAN;;Herramientas > Herramientas electricas portatiles > Herramientas electricas para taladrar atornillar > Taladros > Taladros de bateria;108.99;EUR;extension-list;05.09.2026, 17:52:16;https://www.leroymerlin.es/productos/onevan-llaves-de-impacto-a-bateria-20v-sin-escobillas-1000-nm-1-2-4-0ah-2-baterias-maletin-y-12-accesorios-76077517.html
https://media.adeo.com/mkp/1e2e4f1e5b97192938c465bee6d827d0/media.jpg?width=300;Atornillador de impacto a batería 18 V SSW 18 LT 300 BL Pick+Mix - sin batería ni cargador;85331463;Flex;SSW 18 LT 300 BL Pick+Mix - sin batería ni cargador;Herramientas > Herramientas electricas portatiles > Herramientas electricas para taladrar atornillar > Taladros > Taladros de bateria;163.95;EUR;extension-list;05.09.2026, 17:52:16;https://www.leroymerlin.es/productos/atornillador-de-impacto-a-bateria-18-v-ssw-18-lt-300-bl-pick-mix-sin-bateria-ni-cargador-85331463.html
https://media.adeo.com/mkp/54dd3b4c5c9d22198b29caba0238e598/media.jpg?width=300;Dnipro-M Taladro Atornillador Inalámbrico CD-218Q 20V, 24Nm, 2 Velocidades, Portabrocas Extraíble 2en1, Batería 2Ah y Cargador Rápido;71246448;Dnipro-M;CD-218Q 20V, 24Nm, 2 Velocidades, Portabrocas Extraíble 2en1, Batería 2Ah y Carg;Herramientas > Herramientas electricas portatiles > Herramientas electricas para taladrar atornillar > Taladros > Taladros de bateria;49.99;EUR;extension-list;05.09.2026, 17:52:16;https://www.leroymerlin.es/productos/dnipro-m-taladro-atornillador-inalambrico-cd-218q-20v-24nm-2-velocidades-portabrocas-extraible-2en1-bateria-2ah-y-cargador-rapido-71246448.html
https://media.adeo.com/mkp/f369e27d118012f42d47579da7f7c66d/media.jpg?width=100;Llave de Impacto DeWALT DCF921P2T (2 x 5,0 Ah + DCB115 + TSTAK II);87099241;DEwalt;DCB115;Herramientas > Herramientas electricas portatiles > Herramientas electricas para taladrar atornillar > Taladros > Taladros de bateria;380.5;EUR;extension-list;05.09.2026, 17:52:16;https://www.leroymerlin.es/productos/llave-de-impacto-dewalt-dcf921p2t-2-x-5-0-ah-dcb115-tstak-ii-87099241.html
https://media.adeo.com/mkp/0c8fd2ad989dc009ba6df52eea929d72/media.jpg?width=100;Taladro percutor inalámbrico BLACK+DECKER 18V ​​- 2 baterías 18V 1x2.5Ah 1x4Ah - cargador - bolsa - BL188ME2SA-QW;82380806;BLACK+DECKER;BL188ME2SA-QW;Herramientas > Herramientas electricas portatiles > Herramientas electricas para taladrar atornillar > Taladros > Taladros de bateria;165.69;EUR;extension-list;05.09.2026, 17:52:16;https://www.leroymerlin.es/productos/taladro-percutor-inalambrico-black-decker-18v-2-baterias-18v-1x2-5ah-1x4ah-cargador-bolsa-bl188me2sa-qw-82380806.html
https://media.adeo.com/mkp/66aafa166c410c03391ac5fff03e054a/media.png?width=300;DDF490WVE Taladro atornillador LXT®;98728036;;DDF490WVE;Herramientas > Herramientas electricas portatiles > Herramientas electricas para taladrar atornillar > Taladros > Taladros de bateria;227.99;EUR;extension-list;05.09.2026, 17:52:16;https://www.leroymerlin.es/productos/ddf490wve-taladro-atornillador-lxt-98728036.html
https://media.adeo.com/mkp/6327d104b989a03fa10aa0873419acc8/media.jpg?width=100;Controlador de impacto RYOBI 18 V;81949920;RYOBI;Controlador de impacto 18 V;Herramientas > Herramientas electricas portatiles > Herramientas electricas para taladrar atornillar > Taladros > Taladros de bateria;;;;05.09.2026, 17:51:53;https://www.leroymerlin.es/productos/controlador-de-impacto-ryobi-18-v-81949920.html
https://media.adeo.com/mkp/e543e5054b491f27f71395876f6254ea/media.jpg?width=300;PowerMaxx BS BL Q 2 x 2,0 Ah Li-Power Taladro atornillador inalámbrico 12 V, LC12;86401815;;;Herramientas > Herramientas electricas portatiles > Herramientas electricas para taladrar atornillar > Taladros > Taladros de bateria;178.12;EUR;extension-list;05.09.2026, 17:51:53;https://www.leroymerlin.es/productos/powermaxx-bs-bl-q-2-x-2-0-ah-li-power-taladro-atornillador-inalambrico-12-v-lc12-86401815.html
https://media.adeo.com/mkp/8f1891f2dcc5c4612897651777800aef/media.jpg?width=300;Taladro percutor Ryobi R18PD7-0 18V 85Nm producto único;82259358;Ryobi;R18PD7-0;Herramientas > Herramientas electricas portatiles > Herramientas electricas para taladrar atornillar > Taladros > Taladros de bateria;;;;05.09.2026, 17:51:53;https://www.leroymerlin.es/productos/taladro-percutor-ryobi-r18pd7-0-18v-85nm-producto-unico-82259358.html
https://media.adeo.com/mkp/374b55d0268f74a70823b0d2fbbd6112/media.jpg?width=300;Taladro Atornillador a Batería Casals 12V | 1,3Ah | 0-800 rpm | 19+1 Posiciones | 15Nm + Maletín | Sin Cable | Accesorios | Batería Extraíble;87417894;Casals;12V | 1,3Ah | 0-800 rpm | 19+1 Posiciones | 15Nm + Maletín | Sin Cable | Accesor;Herramientas > Herramientas electricas portatiles > Herramientas electricas para taladrar atornillar > Taladros > Taladros de bateria;53.99;EUR;extension-list;05.09.2026, 17:51:53;https://www.leroymerlin.es/productos/taladro-atornillador-a-bateria-casals-12v-1-3ah-0-800-rpm-19-1-posiciones-15nm-maletin-sin-cable-accesorios-bateria-extraible-87417894.html
https://media.adeo.com/mkp/7b1ead443466c2950b79641e5f76499c/media.jpg?width=300;Llave de impacto 18V 1/2;80130654;;;Herramientas > Herramientas electricas portatiles > Herramientas electricas para taladrar atornillar > Taladros > Taladros de bateria;59.77;EUR;extension-list;05.09.2026, 17:51:53;https://www.leroymerlin.es/productos/llave-de-impacto-18v-1-2-360nm-1-2-adaptador-de-1-2-cuad-a-1-4-hex-suministrado-con-2x-baterias-l1840r-cargador-bl1418-80130654.html
https://media.adeo.com/mkp/5eba3326358b11f13c00573e659659de/media.jpg?width=300;Dnipro-M Taladro Atornillador 12V, 25 Nm, 2 Velocidades, 1350 rpm, LED. 2 Baterías 2Ah, Cargador, Brocas, Puntas y Maletín. CD‑12QX;77042368;Dnipro-M;CD-12QX;Herramientas > Herramientas electricas portatiles > Herramientas electricas para taladrar atornillar > Taladros > Taladros de bateria;62.99;EUR;extension-list;05.09.2026, 17:51:53;https://www.leroymerlin.es/productos/dnipro-m-taladro-atornillador-12v-25-nm-2-velocidades-1350-rpm-led-2-baterias-2ah-cargador-brocas-puntas-y-maletin-cd-12qx-77042368.html
https://media.adeo.com/mkp/9fb888db66388668b5b770a85f78af0c/media.jpg?width=100;MAKITA 191U13-9 - Kit de baterías 40VMAX 5.0AH XGT BL4050Fx2 + DC40RB + Makpac XGT;86270779;Makita;191U13-9;Herramientas > Herramientas electricas portatiles > Herramientas electricas para taladrar atornillar > Taladros > Taladros de bateria;679.97;EUR;extension-list;05.09.2026, 17:51:53;https://www.leroymerlin.es/productos/makita-191u13-9-kit-de-baterias-40vmax-5-0ah-xgt-bl4050fx2-dc40rb-makpac-xgt-86270779.html
https://media.adeo.com/mkp/37a64af45bfa335fee8416edbf18fb36/media.jpg?width=300;Taladro Atornillador a Batería Hikoki DS18DDWRZ - Brushless - 18 V - 2 Baterías 2Ah, Cargador y Maletín Apilable;89514039;Hikoki;DS18DDWRZ;Herramientas > Herramientas electricas portatiles > Herramientas electricas para taladrar atornillar > Taladros > Taladros de bateria;168.82;EUR;extension-list;05.09.2026, 17:51:53;https://www.leroymerlin.es/productos/taladro-atornillador-a-bateria-hikoki-ds18ddwrz-brushless-18-v-2-baterias-2ah-cargador-y-maletin-apilable-89514039.html
https://media.adeo.com/mkp/21ed2c1223231ee80d04f2060ea14d9d/media.jpg?width=100;Taladro SDS Plus con batería de litio de 18 V;96899682;;;Herramientas > Herramientas electricas portatiles > Herramientas electricas para taladrar atornillar > Taladros > Taladros de bateria;;;;05.09.2026, 17:51:53;https://www.leroymerlin.es/productos/taladro-sds-plus-con-bateria-de-litio-de-18-v-96899682.html
https://media.adeo.com/mkp/437881a6f87fb9b3161edcb2c62ad1d1/media.jpg?width=100;Pistola de pernos 1/2'' 750Nm 40V max MAKITA sin batería - TW007GZ01;86270831;Makita;TW007GZ01;Herramientas > Herramientas electricas portatiles > Herramientas electricas para taladrar atornillar > Taladros > Taladros de bateria;312.18;EUR;extension-list;05.09.2026, 17:51:53;https://www.leroymerlin.es/productos/pistola-de-pernos-1-2-750nm-40v-max-makita-sin-bateria-tw007gz01-86270831.html
https://media.adeo.com/mkp/f54a671cce6c65edc1de27b9b9bcb779/media.jpg?width=100;Llave de impacto de la batería SSW 18 LTX 1750 BL;86401927;;;Herramientas > Herramientas electricas portatiles > Herramientas electricas para taladrar atornillar > Taladros > Taladros de bateria;348.21;EUR;extension-list;05.09.2026, 17:51:53;https://www.leroymerlin.es/productos/llave-de-impacto-de-bateria-ssw-18-ltx-1750-bl-86401927.html
https://media.adeo.com/mkp/97d9627901564e2b1e22f69074b5ac9f/media.png?width=100;Metabo 685168000 Set 2.7.3 12V Li-Ion PowerMaxx BS12BL + PowerMaxx SSD12BL BL + 2x Li-Power 12V 2Ah + SC30 Con maletín;83713844;Metabo;;Herramientas > Herramientas electricas portatiles > Herramientas electricas para taladrar atornillar > Taladros > Taladros de bateria;396.88;EUR;extension-list;05.09.2026, 17:51:53;https://www.leroymerlin.es/productos/metabo-685168000-set-2-7-3-12v-li-ion-powermaxx-bs12bl-powermaxx-ssd12bl-bl-2x-li-power-12v-2ah-sc30-con-maletin-83713844.html
https://media.adeo.com/mkp/afbc7e26cfaa5e85cd8b2caa9685ad5f/media.jpg?width=100;LEDANDER Llave de impacto eléctrica sin escobillas, par de 2000 Nm, herramienta inalámbrica de 1/2 pulgada,batería Makita de 18V (batería no incluida);73916107;Makita;SSD12BL;Herramientas > Herramientas electricas portatiles > Herramientas electricas para taladrar atornillar > Taladros > Taladros de bateria;111.5;EUR;extension-list;05.09.2026, 17:51:53;https://www.leroymerlin.es/productos/ledander-llave-de-impacto-electrica-sin-escobillas-par-de-2000-nm-herramienta-inalambrica-de-1-2-pulgada-bateria-makita-de-18v-bateria-no-incluida-73916107.html
https://media.adeo.com/mkp/5ca2dadc564ee08e0abb9ee1fff97b02/media.jpg?width=100;MARTILLO MAKITA MOD. HR4003C;84153671;Makita;HR4003C;Herramientas > Herramientas electricas portatiles > Herramientas electricas para taladrar atornillar > Taladros > Taladros de bateria;767.8;EUR;extension-list;05.09.2026, 17:51:53;https://www.leroymerlin.es/productos/martillo-makita-mod-hr4003c-84153671.html
https://media.adeo.com/mkp/e45e64ac2322c0d04a341dd7187ff979/media.jpg?width=100;Taladro sin cable 20 V - 2 baterías 2 Ah y cargador incluidos - DEXTER;85105244;Dexter;;Herramientas > Herramientas electricas portatiles > Herramientas electricas para taladrar atornillar > Taladros > Taladros de bateria;128.69;EUR;extension-list;05.09.2026, 17:51:53;https://www.leroymerlin.es/productos/taladro-sin-cable-20-v-2-baterias-2-ah-y-cargador-incluidos-dexter-85105244.html
https://www.leroymerlin.es/cdp-site/6.66.0/static/images/common/loader-v2.svg;EINHELL;70173048;Einhell;;Herramientas > Herramientas electricas portatiles > Herramientas electricas para taladrar atornillar > Taladros > Taladros de bateria;139.94;EUR;extension-list;05.09.2026, 17:51:53;https://www.leroymerlin.es/productos/atornillador-de-impacto-einhell-18v-te-ci-18-160-cargador-y-bateria-pxc-18v-5-2-ah-70173048.html
https://media.adeo.com/mkp/7d2249158950d2073288e234ae0d09b2/media.jpg?width=100;Taladro cecoraptor perfect drill 4020 x-treme;84508233;Cecoraptor;perfect drill 4020 x-treme;Herramientas > Herramientas electricas portatiles > Herramientas electricas para taladrar atornillar > Taladros > Taladros de bateria;124.28;EUR;extension-list;05.09.2026, 17:51:53;https://www.leroymerlin.es/productos/taladro-cecoraptor-perfect-drill-4020-x-treme-84508233.html
https://media.adeo.com/mkp/f392c48c3bc416134d480ecd210720c7/media.jpg?width=100;Taladro inalÁmbrico makita ddf489z;89814186;Makita;DDF489Z;Herramientas > Herramientas electricas portatiles > Herramientas electricas para taladrar atornillar > Taladros > Taladros de bateria;;;;05.09.2026, 17:51:53;https://www.leroymerlin.es/productos/taladro-inalambrico-makita-ddf489z-89814186.html
https://media.adeo.com/mkp/14948f71e564682c7ee19301db8bc67f/media.jpg?width=100;"Llave dinamométrica digital VEVOR 1/2"", 34-340 Nm, precisión ±2 %, llave de trinquete ajustable de 72 dientes, advertencia sobrepar con zumbador LED";89047231;VEVOR;;Herramientas > Herramientas electricas portatiles > Herramientas electricas para taladrar atornillar > Taladros > Taladros de bateria;84.9;EUR;extension-list;05.09.2026, 17:51:28;https://www.leroymerlin.es/productos/llave-dinamometrica-digital-vevor-1-2-34-340-nm-precision-2-llave-de-trinquete-ajustable-de-72-dientes-advertencia-sobrepar-con-zumbador-led-89047231.html
https://www.leroymerlin.es/cdp-site/6.66.0/static/images/common/loader-v2.svg;WORX;86386121;WORX;WX372;Herramientas > Herramientas electricas portatiles > Herramientas electricas para taladrar atornillar > Taladros > Taladros de bateria;;;;05.09.2026, 17:51:28;https://www.leroymerlin.es/productos/taladro-percutor-a-bateria-worx-20v-brushless-2-baterias-slammer-86386121.html
https://media.adeo.com/mkp/a081f3defd8068a3c88b03d11b85e144/media.jpg?width=100;Taladro atornillador sin percutor Metabo 12V powermaxx bs 1 batería de 2Ah;18119114;Metabo;BS 12V;Herramientas > Herramientas electricas portatiles > Herramientas electricas para taladrar atornillar > Taladros > Taladros de bateria;;;;05.09.2026, 17:51:28;https://www.leroymerlin.es/productos/taladro-atornillador-sin-percutor-metabo-12v-powermaxx-bs-1-bateria-de-2ah-18119114.html
https://media.adeo.com/mkp/afbc7e26cfaa5e85cd8b2caa9685ad5f/media.jpg?width=300;LEDANDER Llave de impacto eléctrica sin escobillas, torque 2000 Nm, 1/2 pulgada, herramienta inalámbrica,compatible con baterías Makita 18V,2*baterías;73943464;LEDANDER;;Herramientas > Herramientas electricas portatiles > Herramientas electricas para taladrar atornillar > Taladros > Taladros de bateria;143.65;EUR;extension-list;05.09.2026, 17:51:28;https://www.leroymerlin.es/productos/ledander-llave-de-impacto-electrica-sin-escobillas-torque-2000-nm-1-2-pulgada-herramienta-inalambrica-compatible-con-baterias-makita-18v-2-baterias-73943464.html
https://www.leroymerlin.es/cdp-site/6.66.0/static/images/common/loader-v2.svg;DEWALT;85537114;;;Herramientas > Herramientas electricas portatiles > Herramientas electricas para taladrar atornillar > Taladros > Taladros de bateria;;;;05.09.2026, 17:51:28;https://www.leroymerlin.es/productos/expandidora-de-tubo-18v-2-baterias-2-ah-3-cabezales-85537114.html
https://www.leroymerlin.es/cdp-site/6.66.0/static/images/common/loader-v2.svg;DEWALT;76090495;;;Herramientas > Herramientas electricas portatiles > Herramientas electricas para taladrar atornillar > Taladros > Taladros de bateria;;;;05.09.2026, 17:51:28;https://www.leroymerlin.es/productos/taladro-a-bateria-dewalt-18v-brushless-2-baterias-li-ion-4ah-y-maletin-tstak-dcd86mm2t-qw-76090495.html
https://media.adeo.com/mkp/251d3fd7817b7d45a289dd499b260f3c/media.jpg?width=100;MAKITA DFR551Z - Atornillador autoalimentado BL 18V LXT 6.000 rpm;86520258;Makita;DFR551Z;Herramientas > Herramientas electricas portatiles > Herramientas electricas para taladrar atornillar > Taladros > Taladros de bateria;321.41;EUR;extension-list;05.09.2026, 17:51:28;https://www.leroymerlin.es/productos/makita-dfr551z-atornillador-autoalimentado-bl-18v-lxt-6-000-rpm-86520258.html
https://media.adeo.com/mkp/18f2bff1abb0712acb32bcdc0b0f57c2/media.jpg?width=100;ATORNILLADOR DE IMPACTO A BATERÍA GDS 18V-1000 cartón.;89096629;GDS;18V-1000;Herramientas > Herramientas electricas portatiles > Herramientas electricas para taladrar atornillar > Taladros > Taladros de bateria;308.25;EUR;extension-list;05.09.2026, 17:51:28;https://www.leroymerlin.es/productos/atornillador-de-impacto-a-bateria-gds-18v-1000-carton-89096629.html
https://www.leroymerlin.es/cdp-site/6.66.0/static/images/common/loader-v2.svg;EINHELL;84034519;Einhell;;Herramientas > Herramientas electricas portatiles > Herramientas electricas para taladrar atornillar > Taladros > Taladros de bateria;135.5;EUR;extension-list;05.09.2026, 17:51:28;https://www.leroymerlin.es/productos/taladro-percutor-a-bateria-power-x-change-te-cd-18-40-li-i-64-2x2-0ah-84034519.html
https://media.adeo.com/mkp/6fc7787ac005bd6f096b94fb8ebbbc78/media.jpg?width=100;Black+Decker, BDCDD12K1B-QW Trapano avvitatore a batteria, motore ultra compatto, 10 posizioni, foratura 25 mm (legno) o 10 mm (metallo), caricatore r;81954997;BLACK+DECKER;BDCDD12K1B-QW;Herramientas > Herramientas electricas portatiles > Herramientas electricas para taladrar atornillar > Taladros > Taladros de bateria;97.85;EUR;extension-list;05.09.2026, 17:51:28;https://www.leroymerlin.es/productos/black-decker-bdcdd12k1b-qw-trapano-avvitatore-a-batteria-motore-ultra-compatto-10-posizioni-foratura-25-mm-legno-10-mm-metallo-caricatore-r-81954997.html
https://www.leroymerlin.es/cdp-site/6.66.0/static/images/common/loader-v2.svg;RYOBI;88883700;RYOBI;;Herramientas > Herramientas electricas portatiles > Herramientas electricas para taladrar atornillar > Taladros > Taladros de bateria;;;;05.09.2026, 17:51:28;https://www.leroymerlin.es/productos/taladro-percutor-a-bateria-ryobi-18v-brushless-2-baterias-cargador-de-bateria-rpd18bl1-2c42s-88883700.html
https://media.adeo.com/mkp/7fd68db8e8df5cc39cac115f0a642ace/media.jpg?width=100;Taladro atornillador a batería CXS 18 C 3.0-Set - 576884 - Festool;88741582;Einhell;TC-ID 18 Li-Solo;Herramientas > Herramientas electricas portatiles > Herramientas electricas para taladrar atornillar > Taladros > Taladros de bateria;490.29;EUR;extension-list;05.09.2026, 17:51:28;https://www.leroymerlin.es/productos/taladro-atornillador-a-bateria-cxs-18-c-3-0-set-576884-festool-88741582.html
https://media.adeo.com/media/2969708/media.png?width=300;Taladro percutor a batería EINHELL 18V - Sin batería - Tope de profundidad - TC-ID 18 Li-Solo;83514831;;;Herramientas > Herramientas electricas portatiles > Herramientas electricas para taladrar atornillar > Taladros > Taladros de bateria;59.99;EUR;extension-list;05.09.2026, 17:51:28;https://www.leroymerlin.es/productos/taladro-percutor-a-bateria-einhell-18v-sin-bateria-tope-de-profundidad-tc-id-18-li-solo-83514831.html
https://media.adeo.com/mkp/bf666aa7ba06365780997b3e656655a0/media.jpg?width=300;Amoladora eléctrica recargable, juego de herramientas rotativas de 5 velocidades, adecuada para esmerilar, pulir, taladrar y bricolaje.;98816329;;;Herramientas > Herramientas electricas portatiles > Herramientas electricas para taladrar atornillar > Taladros > Taladros de bateria;28.08;EUR;extension-list;05.09.2026, 17:51:28;https://www.leroymerlin.es/productos/amoladora-electrica-recargable-juego-de-herramientas-rotativas-de-5-velocidades-adecuada-para-esmerilar-pulir-taladrar-y-bricolaje-98816329.html
https://media.adeo.com/mkp/73c7d508894537e66d24084b8ee58ed9/media.jpg?width=300;Metabo - Taladro de percusión con batería de iones de litio 18V 2Ah - SB 18 L;80132212;Metabo;SB 18 L;Herramientas > Herramientas electricas portatiles > Herramientas electricas para taladrar atornillar > Taladros > Taladros de bateria;250.22;EUR;extension-list;05.09.2026, 17:51:28;https://www.leroymerlin.es/productos/metabo-taladro-de-percusion-con-bateria-de-iones-de-litio-18v-2ah-sb-18-l-80132212.html
https://media.adeo.com/mkp/2761ec4c4401ba1d98ed40fdc802faec/media.jpg?width=300;TALADRO CECOTEC CECORAPTOR PERFECT DRILL 2020 ADVANCE;84507686;Cecotec;CECORAPTOR PERFECT DRILL 2020 ADVANCE;Herramientas > Herramientas electricas portatiles > Herramientas electricas para taladrar atornillar > Taladros > Taladros de bateria;64.9;EUR;extension-list;05.09.2026, 17:51:28;https://www.leroymerlin.es/productos/taladro-cecotec-cecoraptor-perfect-drill-2020-advance-84507686.html
https://media.adeo.com/media/3319411/media.jpg?width=300;Taladro percutor a batería BOSCH PROFESSIONAL 18V Brushless - Sin bateria - GSB 18V-150 C Professional;89096657;BOsch;18V-150;Herramientas > Herramientas electricas portatiles > Herramientas electricas para taladrar atornillar > Taladros > Taladros de bateria;;;;05.09.2026, 17:51:28;https://www.leroymerlin.es/productos/taladro-percutor-a-bateria-bosch-professional-18v-brushless-sin-bateria-gsb-18v-150-c-professional-89096657.html
https://media.adeo.com/mkp/09dffaecc2b86c37658b245bd628e221/media.jpg?width=100;AULEDIO Taladro atornillador inalámbrico 18V brushless Makita DDF487, 40Nm 1700RPM mandril 10mm LED herramienta eléctrica bricolaje sin batería;77973898;AULEDIO;1700RPM;Herramientas > Herramientas electricas portatiles > Herramientas electricas para taladrar atornillar > Taladros > Taladros de bateria;54.65;EUR;extension-list;05.09.2026, 17:51:28;https://www.leroymerlin.es/productos/auledio-taladro-atornillador-inalambrico-18v-brushless-makita-ddf487-40nm-1700rpm-mandril-10mm-led-herramienta-electrica-bricolaje-sin-bateria-77973898.html
https://media.adeo.com/mkp/d152aee0e8cc7726c4fe18ead480bbf9/media.jpg?width=100;"Dewalt atornillador de impacto inalÁmbrico dcf922nt, 18v, 1/2"" dcf922nt-xj";83629981;DEWALT;DCF922NT-XJ;Herramientas > Herramientas electricas portatiles > Herramientas electricas para taladrar atornillar > Taladros > Taladros de bateria;187.57;EUR;extension-list;05.09.2026, 17:51:05;https://www.leroymerlin.es/productos/dewalt-atornillador-de-impacto-inalambrico-dcf922nt-18v-1-2-dcf922nt-xj-83629981.html
https://media.adeo.com/mkp/c40549434849caa8771a61eb624ac23d/media.jpeg?width=100;MAKITA DLX2413TJ - Combo DGA504Z + DHP486Z BL 18V LXT 5Ah 2 bat. MakPac;92402586;Makita;DGA504Z + DHP486Z BL 18V LXT 5Ah 2 bat. MakPac;Herramientas > Herramientas electricas portatiles > Herramientas electricas para taladrar atornillar > Taladros > Taladros de bateria;878.38;EUR;extension-list;05.09.2026, 17:51:05;https://www.leroymerlin.es/productos/makita-dlx2413tj-combo-dga504z-dhp486z-bl-18v-lxt-5ah-2-bat-makpac-92402586.html
https://media.adeo.com/mkp/93a5bd0b6614a46bc1c4e16c36bece24/media.jpg?width=300;Juego de llaves de impacto METABO DSSW 360 1/2 + 10 llaves de vaso - 6.04118.50;80139381;Metabo;6.04118.50;Herramientas > Herramientas electricas portatiles > Herramientas electricas para taladrar atornillar > Taladros > Taladros de bateria;72.27;EUR;extension-list;05.09.2026, 17:51:05;https://www.leroymerlin.es/productos/juego-de-llaves-de-impacto-metabo-dssw-360-1-2-10-llaves-de-vaso-6-04118-50-80139381.html
https://media.adeo.com/mkp/c2b1b84fc308e1d71b906e4ac5440c4a/media.jpg?width=100;makita Perceuse sans fil DDF486Z;83714270;Makita;DDF486Z;Herramientas > Herramientas electricas portatiles > Herramientas electricas para taladrar atornillar > Taladros > Taladros de bateria;259.91;EUR;extension-list;05.09.2026, 17:51:05;https://www.leroymerlin.es/productos/makita-perceuse-sans-fil-ddf486z-83714270.html
https://media.adeo.com/mkp/78ef5304c33cf5f4198f1e1ce27aa80c/media.jpg?width=300;Taladro Atornillador 12 V. Con 2 Velocidades y Percutor. Bateria 1.300 mAh. Par Apriete 35 Nm.;91668090;;;Herramientas > Herramientas electricas portatiles > Herramientas electricas para taladrar atornillar > Taladros > Taladros de bateria;44.58;EUR;extension-list;05.09.2026, 17:51:05;https://www.leroymerlin.es/productos/taladro-atornillador-12-v-con-2-velocidades-y-percutor-bateria-1-300-mah-par-apriete-35-nm-91668090.html
https://media.adeo.com/mkp/bd92dbcddb81277fcea37685e893baec/media.jpg?width=100;TALADRO PERCUT.WORGRIP 20V S/BAT BRUSH;92753636;;;Herramientas > Herramientas electricas portatiles > Herramientas electricas para taladrar atornillar > Taladros > Taladros de bateria;48.04;EUR;extension-list;05.09.2026, 17:51:05;https://www.leroymerlin.es/productos/taladro-percut-worgrip-20v-s-bat-brush-92753636.html
https://media.adeo.com/mkp/ec85dcb5f26ad2624f67100346b7cfe9/media.jpg?width=300;Atornillador para placas de yeso Fartools 450W ligero con regulador de velocidad;81987861;;;Herramientas > Herramientas electricas portatiles > Herramientas electricas para taladrar atornillar > Taladros > Taladros de bateria;88.2;EUR;extension-list;05.09.2026, 17:51:05;https://www.leroymerlin.es/productos/atornillador-para-placas-de-yeso-fartools-450w-ligero-con-regulador-de-velocidad-81987861.html
https://media.adeo.com/mkp/9bec9daf85de4abf230aef75a1968014/media.jpg?width=100;Bosch - Taladro/atornillador a batería 12 V Li-ion 2,0 Ah / 4,0 Ah 30 Nm + 39 accesorios en bolsa de herramientas - GSR 12V-15 Professional;82272498;Bosch;GSR 12V-15 Professional;Herramientas > Herramientas electricas portatiles > Herramientas electricas para taladrar atornillar > Taladros > Taladros de bateria;201.94;EUR;extension-list;05.09.2026, 17:51:05;https://www.leroymerlin.es/productos/bosch-taladro-atornillador-a-bateria-12-v-li-ion-2-0-ah-4-0-ah-30-nm-39-accesorios-en-bolsa-de-herramientas-gsr-12v-15-professional-82272498.html
https://media.adeo.com/mkp/766692738848df6c579252d1d960fc18/media.jpg?width=100;Taladro Atornillador BOSCH GSR 12V-35 FC (2 x 3,0 Ah + GAL12V-40 + L-Boxx 102) + 4 cabezales;82466946;Bosch;;Herramientas > Herramientas electricas portatiles > Herramientas electricas para taladrar atornillar > Taladros > Taladros de bateria;425.25;EUR;extension-list;05.09.2026, 17:51:05;https://www.leroymerlin.es/productos/taladro-atornillador-bosch-gsr-12v-35-fc-2-x-3-0-ah-gal12v-40-l-boxx-102-4-cabezales-82466946.html
https://www.leroymerlin.es/cdp-site/6.66.0/static/images/common/loader-v2.svg;BLACK + DECKER;93823996;BLACK+DECKER;;Herramientas > Herramientas electricas portatiles > Herramientas electricas para taladrar atornillar > Taladros > Taladros de bateria;82.99;EUR;extension-list;05.09.2026, 17:51:05;https://www.leroymerlin.es/productos/taladro-percutor-a-bateria-black-decker-18v-brushless-sin-bateria-punta-doble-y-manual-de-instrucciones-bcd383xn-xj-93823996.html
https://media.adeo.com/mkp/8534a0d3ee643927bb3ed328527eeea3/media.jpg?width=300;MAKITA DTW1001ZJ - Llave impacto BL 18V LXT 1.050Nm MakPac;82752090;MAKITA;DTW1001ZJ;Herramientas > Herramientas electricas portatiles > Herramientas electricas para taladrar atornillar > Taladros > Taladros de bateria;329.9;EUR;extension-list;05.09.2026, 17:51:05;https://www.leroymerlin.es/productos/makita-dtw1001zj-llave-impacto-bl-18v-lxt-1-050nm-makpac-82752090.html
https://media.adeo.com/mkp/2b89de7aa1e292d00c99980076a8d0f0/media.jpg?width=100;Juego de destornilladores de 7,2 V, taladro universal, interruptor giratorio con par 6+1, 28 puntas y cargador para taladrar carpintería;93604235;;;Herramientas > Herramientas electricas portatiles > Herramientas electricas para taladrar atornillar > Taladros > Taladros de bateria;86.27;EUR;extension-list;05.09.2026, 17:51:05;https://www.leroymerlin.es/productos/juego-de-destornilladores-de-7-2-v-taladro-universal-interruptor-giratorio-con-par-6-1-28-puntas-y-cargador-para-taladrar-carpinteria-93604235.html
https://media.adeo.com/mkp/f1729bfc79d41f12a0c26b06364c874a/media.jpg?width=300;Taladro atornillador a batería - 18 V Li-Ion 4 Ah - Ø 13 mm - 1,7 kg;82806002;;;Herramientas > Herramientas electricas portatiles > Herramientas electricas para taladrar atornillar > Taladros > Taladros de bateria;330.09;EUR;extension-list;05.09.2026, 17:51:05;https://www.leroymerlin.es/productos/taladro-atornillador-a-bateria-18-v-li-ion-4-ah-13-mm-1-7-kg-82806002.html
https://media.adeo.com/mkp/9a48736c608f760cdea76d0992f47462/media.jpg?width=300;BOSCH PSR EASY LI-2 taladro atornillador sin cable 10.8V - INCLUYE TALADRO + CAJA + CARGA BATERÍA + 38PZ SET;88403667;BOsch;38PZ;Herramientas > Herramientas electricas portatiles > Herramientas electricas para taladrar atornillar > Taladros > Taladros de bateria;154.62;EUR;extension-list;05.09.2026, 17:51:05;https://www.leroymerlin.es/productos/bosch-psr-easy-li-2-taladro-atornillador-sin-cable-10-8v-incluye-taladro-caja-carga-bateria-38pz-set-88403667.html
https://media.adeo.com/mkp/a3a3b42f727dc12276fb344c2dfe624e/media.jpg?width=100;DEWALT DCD805E2T-QW - Taladro Percutor sin escobillas XR 18V 13mm 90Nm con 2 baterias POWERSTACK y maletin TSTAK;85645307;DEWALT;DCD805E2T-QW;Herramientas > Herramientas electricas portatiles > Herramientas electricas para taladrar atornillar > Taladros > Taladros de bateria;361.02;EUR;extension-list;05.09.2026, 17:51:05;https://www.leroymerlin.es/productos/dewalt-dcd805e2t-qw-taladro-percutor-sin-escobillas-xr-18v-13mm-90nm-con-2-baterias-powerstack-y-maletin-tstak-85645307.html
https://media.adeo.com/mkp/e7a537d0ae2dd4fb8928233bc7b292d8/media.jpg?width=100;AULEDIO Martillo perforador sin cable brushless 3 en 1 1680W compatible Makita 18V, taladro percusión hormigón madera acero bricolaje construcción;77545268;AULEDIO;1680W;Herramientas > Herramientas electricas portatiles > Herramientas electricas para taladrar atornillar > Taladros > Taladros de bateria;114.3;EUR;extension-list;05.09.2026, 17:51:05;https://www.leroymerlin.es/productos/auledio-martillo-perforador-sin-cable-brushless-3-en-1-1680w-compatible-makita-18v-taladro-percusion-hormigon-madera-acero-bricolaje-construccion-77545268.html
;Einhell Martillo Te Rh 32 Sds Max Percut Romped;18034114;Einhell;Rh 32 Sds Max Percut Romped;Herramientas > Herramientas electricas portatiles > Herramientas electricas para taladrar atornillar > Taladros > Taladros de bateria;;;;05.09.2026, 17:51:05;https://www.leroymerlin.es/productos/einhell-martillo-te-rh-32-sds-max-percut-romped-18034114.html
https://media.adeo.com/mkp/ccb2b37410bd254aebe5a32888bee49d/media.jpg?width=300;Mini taladro inalámbrico Mini taladro eléctrico rosa + 10 brocas chapadas en titanio;92601503;;;Herramientas > Herramientas electricas portatiles > Herramientas electricas para taladrar atornillar > Taladros > Taladros de bateria;24.12;EUR;extension-list;05.09.2026, 17:50:43;https://www.leroymerlin.es/productos/mini-taladro-inalambrico-mini-taladro-electrico-rosa-10-brocas-chapadas-en-titanio-92601503.html
https://media.adeo.com/mkp/30b9c9637ed9b14b6355e440139f3a72/media.jpg?width=300;Dnipro-M Taladro Atornillador a Batería 20V Sin Escobillas, 160 Nm, Portabrocas 13mm, Solo 1,1 kg - CD-202BC ULTRA + Batería 4.0Ah + Cargador;71246647;Dnipro-M;CD-202BC ULTRA + Batería 4.0Ah + Cargador;Herramientas > Herramientas electricas portatiles > Herramientas electricas para taladrar atornillar > Taladros > Taladros de bateria;87.99;EUR;extension-list;05.09.2026, 17:50:43;https://www.leroymerlin.es/productos/dnipro-m-taladro-atornillador-a-bateria-20v-sin-escobillas-160-nm-portabrocas-13mm-solo-1-1-kg-cd-202bc-ultra-bateria-4-0ah-cargador-71246647.html
https://media.adeo.com/mkp/998dee916858f33a15c905c2a4f91e80/media.jpg?width=300;Dewalt taladro de impacto inalÁmbrico dcd85me2gt, 18volt, im mclaren design dcd85me2gt-qw;86758214;;;Herramientas > Herramientas electricas portatiles > Herramientas electricas para taladrar atornillar > Taladros > Taladros de bateria;392.6;EUR;extension-list;05.09.2026, 17:50:43;https://www.leroymerlin.es/productos/dewalt-taladro-de-impacto-inalambrico-dcd85me2gt-18volt-im-mclaren-design-dcd85me2gt-qw-86758214.html
https://media.adeo.com/mkp/cba7b812a0c596d9393ae9ca50664841/media.jpg?width=100;Bosch taladro inalÁmbrico easydrill 18v-40 verde/negro, 2x baterÍa li-ion 1,5ah, maletÍn, power for all alliance;83548714;Bosch;GBH 18V-40;Herramientas > Herramientas electricas portatiles > Herramientas electricas para taladrar atornillar > Taladros > Taladros de bateria;108.66;EUR;extension-list;05.09.2026, 17:50:43;https://www.leroymerlin.es/productos/bosch-taladro-inalambrico-easydrill-18v-40-verde-negro-2x-bateria-li-ion-1-5ah-maletin-power-for-all-alliance-83548714.html
https://www.leroymerlin.es/cdp-site/6.66.0/static/images/common/loader-v2.svg;BOSCH PROFESSIONAL;89161625;Bosch;;Herramientas > Herramientas electricas portatiles > Herramientas electricas para taladrar atornillar > Taladros > Taladros de bateria;;;;05.09.2026, 17:50:43;https://www.leroymerlin.es/productos/aprietatuercas-a-bateria-bosch-professional-18v-2-baterias-gdx-18v-200-professional-89161625.html
https://www.leroymerlin.es/cdp-site/6.66.0/static/images/common/loader-v2.svg;DEWALT;98830914;DEWALT;;Herramientas > Herramientas electricas portatiles > Herramientas electricas para taladrar atornillar > Taladros > Taladros de bateria;269.25;EUR;extension-list;05.09.2026, 17:50:43;https://www.leroymerlin.es/productos/taladro-angular-a-bateria-dewalt-18v-brushless-2-baterias-2-baterias-li-ion-2ah-y-maletin-tstak-dcd794d2t-qw-98830914.html
https://media.adeo.com/mkp/9251dd584fd5b62513c89172c106a4a3/media.png?width=100;BLACK+DECKER BDCD8GPA-QW - Taladro Atornillador Ultra Compacto 7.2V 1.5Ah Litio;81901318;BLACK+DECKER;BDCD8GPA-QW;Herramientas > Herramientas electricas portatiles > Herramientas electricas para taladrar atornillar > Taladros > Taladros de bateria;;;;05.09.2026, 17:50:43;https://www.leroymerlin.es/productos/black-decker-bdcd8gpa-qw-taladro-atornillador-ultra-compacto-7-2v-1-5ah-litio-81901318.html
https://media.adeo.com/mkp/cf1dd10acaea4c1ba82de0412c430117/media.jpg?width=300;Taladro Atornillador Inalámbrico 21V 2 Baterías Kit 2 Piezas 6 Velocidades LED Reversible con Accesorios para Bricolaje y Reparación Hogar;72555507;;;Herramientas > Herramientas electricas portatiles > Herramientas electricas para taladrar atornillar > Taladros > Taladros de bateria;74.99;EUR;extension-list;05.09.2026, 17:50:43;https://www.leroymerlin.es/productos/taladro-atornillador-inalambrico-21v-2-baterias-kit-2-piezas-6-velocidades-led-reversible-con-accesorios-para-bricolaje-y-reparacion-hogar-72555507.html
https://media.adeo.com/mkp/e1fbad20fc77e4e95e90f90d1448aef1/media.jpg?width=100;"ONEVAN Llaves de impacto a bateria 20V sin escobillas 700 Nm, 1/2"",4 velocidades, 4.0Ah×2 baterías y 12 accesorios";76598098;;;Herramientas > Herramientas electricas portatiles > Herramientas electricas para taladrar atornillar > Taladros > Taladros de bateria;82.99;EUR;extension-list;05.09.2026, 17:50:43;https://www.leroymerlin.es/productos/onevan-llaves-de-impacto-a-bateria-20v-sin-escobillas-700-nm-1-2-4-velocidades-4-0ah-2-baterias-y-12-accesorios-76598098.html
https://media.adeo.com/media/3650176/media.png?width=300;Taladro a batería DEXTER 12V - 1 Bateria - Cargador de bateríaMaletín;93852624;Dexter;Dexter Pro 12V;Herramientas > Herramientas electricas portatiles > Herramientas electricas para taladrar atornillar > Taladros > Taladros de bateria;74.99;EUR;extension-list;05.09.2026, 17:50:43;https://www.leroymerlin.es/productos/taladro-a-bateria-dexter-12v-1-bateria-cargador-de-bateriamaletin-93852624.html
https://media.adeo.com/mkp/719bb536e32db79c543f4a53616b87fe/media.jpg?width=300;Makita - Taladro/atornillador Li-Ion 18V LXT 2x3.0Ah - DDF485RFJ;84705578;Makita;DDF485RFJ;Herramientas > Herramientas electricas portatiles > Herramientas electricas para taladrar atornillar > Taladros > Taladros de bateria;265.93;EUR;extension-list;05.09.2026, 17:50:43;https://www.leroymerlin.es/productos/makita-taladro-atornillador-li-ion-18v-lxt-2x3-0ah-ddf485rfj-84705578.html
https://media.adeo.com/mkp/56e7d9a993555ddba7d9974b39b7e73f/media.jpg?width=100;DHP489ZJ Taladro combinado LXT®;92061322;Bosch;DHP489ZJ;Herramientas > Herramientas electricas portatiles > Herramientas electricas para taladrar atornillar > Taladros > Taladros de bateria;187.98;EUR;extension-list;05.09.2026, 17:50:43;https://www.leroymerlin.es/productos/dhp489zj-taladro-combinado-lxt-92061322.html
https://www.leroymerlin.es/cdp-site/6.66.0/static/images/common/loader-v2.svg;BLACK + DECKER;82328741;;;Herramientas > Herramientas electricas portatiles > Herramientas electricas para taladrar atornillar > Taladros > Taladros de bateria;56.99;EUR;extension-list;05.09.2026, 17:50:43;https://www.leroymerlin.es/productos/taladro-percutor-a-bateria-black-decker-18v-sin-bateria-bdch188n-xj-82328741.html
https://media.adeo.com/mkp/508ad0c0486342fa54f74144700c8cc5/media.jpg?width=100;MAKITA DTD157Z - Atornillador impacto motor Brushless 18V LXT 140Nm 2 velocidades sin batería ni cargador;83367026;Makita;DTD157Z;Herramientas > Herramientas electricas portatiles > Herramientas electricas para taladrar atornillar > Taladros > Taladros de bateria;129.48;EUR;extension-list;05.09.2026, 17:50:43;https://www.leroymerlin.es/productos/makita-dtd157z-atornillador-impacto-motor-brushless-18v-lxt-140nm-2-velocidades-sin-bateria-ni-cargador-83367026.html
https://media.adeo.com/mkp/6209b21ace48e6ec02f4538c35d188e0/media.png?width=100;GSR 18V-65 Professional;95108540;;;Herramientas > Herramientas electricas portatiles > Herramientas electricas para taladrar atornillar > Taladros > Taladros de bateria;131.79;EUR;extension-list;05.09.2026, 17:50:43;https://www.leroymerlin.es/productos/gsr-18v-65-professional-95108540.html
https://media.adeo.com/mkp/1b4c8e38d1a194cd66362bebc4116cf6/media.jpg?width=100;DNIPRO-M Taladro Atornillador 12V 25Nm, 2 Baterías 2Ah + Cargador + Maletín, 2 Velocidades, Portabrocas 10mm, Luz LED – CD-12QX;71246418;Dnipro-M;CD-12QX;Herramientas > Herramientas electricas portatiles > Herramientas electricas para taladrar atornillar > Taladros > Taladros de bateria;51.99;EUR;extension-list;05.09.2026, 17:50:43;https://www.leroymerlin.es/productos/dnipro-m-taladro-atornillador-12v-25nm-2-baterias-2ah-cargador-maletin-2-velocidades-portabrocas-10mm-luz-led-cd-12qx-71246418.html
https://media.adeo.com/mkp/c82d0be275a7ac32c9bdb5b1e17b74f4/media.jpg?width=100;Makita - Taladro atornillador Ø13mm 18V (2X3Ah) 42Nm - DHP453SFE;74648364;Makita;DHP453SFE;Herramientas > Herramientas electricas portatiles > Herramientas electricas para taladrar atornillar > Taladros > Taladros de bateria;237.11;EUR;extension-list;05.09.2026, 17:50:43;https://www.leroymerlin.es/productos/makita-taladro-atornillador-13mm-18v-2x3ah-42nm-dhp453sfe-74648364.html
https://media.adeo.com/mkp/6d75752a015ca49279846e0aa85e221c/media.jpg?width=100;Dnipro-M Taladro Percutor 650W, 2800 rpm, Portabrocas 13 mm con Llave, Reversible, Mango Auxiliar, Compacto, Ideal para Hormigón, Metal y Madera. HD‑8;71246101;Dnipro-M;HD-8;Herramientas > Herramientas electricas portatiles > Herramientas electricas para taladrar atornillar > Taladros > Taladros de bateria;29.99;EUR;extension-list;05.09.2026, 17:50:43;https://www.leroymerlin.es/productos/dnipro-m-taladro-percutor-650w-2800-rpm-portabrocas-13-mm-con-llave-reversible-mango-auxiliar-compacto-ideal-para-hormigon-metal-y-madera-hd-8-71246101.html
https://media.adeo.com/mkp/7da5c60914aaa06961ac0eeef4b3c8bf/media.jpg?width=100;Taladro atornillador inalámbrico brushless de 45Nm, doble taladro, 4 baterías de litio, luz LED, maletín completo;79213243;;;Herramientas > Herramientas electricas portatiles > Herramientas electricas para taladrar atornillar > Taladros > Taladros de bateria;68.99;EUR;extension-list;05.09.2026, 17:50:20;https://www.leroymerlin.es/productos/taladro-atornillador-inalambrico-brushless-de-45nm-doble-taladro-4-baterias-de-litio-luz-led-maletin-completo-79213243.html
https://media.adeo.com/mkp/df07e742b5e01edd3423da8194861d1b/media.jpg?width=100;MAKITA DHP482ZJ - Taladro percutor 18V LXT 62Nm Makpac;86330494;Makita;DHP482ZJ;Herramientas > Herramientas electricas portatiles > Herramientas electricas para taladrar atornillar > Taladros > Taladros de bateria;129.9;EUR;extension-list;05.09.2026, 17:50:20;https://www.leroymerlin.es/productos/makita-dhp482zj-taladro-percutor-18v-lxt-62nm-makpac-86330494.html
https://media.adeo.com/mkp/d091abc5e1246eeb97bb09754232e4b5/media.jpg?width=100;Taladro de impacto eléctrico multifunción de 21 V, taladro manual inalámbrico recargable con batería de litio de alta potencia;98292130;;;Herramientas > Herramientas electricas portatiles > Herramientas electricas para taladrar atornillar > Taladros > Taladros de bateria;37.99;EUR;extension-list;05.09.2026, 17:50:20;https://www.leroymerlin.es/productos/taladro-de-impacto-electrico-multifuncion-de-21-v-taladro-manual-inalambrico-recargable-con-bateria-de-litio-de-alta-potencia-98292130.html
https://media.adeo.com/mkp/6ea73ab04adf083d6b3f471f95739abe/media.jpg?width=100;Makita HP 1631 KX3 Perceuse à percussion 710 W + Coffret de transport de 74 accessoires (48 embouts, 18 porte-embout, 4 douilles,2 mèches plates...);80139255;Makita;HP 1631 KX3;Herramientas > Herramientas electricas portatiles > Herramientas electricas para taladrar atornillar > Taladros > Taladros de bateria;129.98;EUR;extension-list;05.09.2026, 17:50:20;https://www.leroymerlin.es/productos/makita-hp-1631-kx3-perceuse-a-percussion-710-w-coffret-de-transport-de-74-accessoires-48-embouts-18-porte-embout-4-douilles-2-meches-plates-80139255.html
https://media.adeo.com/mkp/11b302164bed54e0fb79f7b639454415/media.jpg?width=100;Dnipro-M Martillo Perforador SDS Plus 20V Brushless DHR-203 BCX, 4J, Ø26 mm Hormigón Armado, Antivibración, Antirretroceso, Batería 6Ah y Cargador;77842930;Dnipro-M;DHR-203 BCX;Herramientas > Herramientas electricas portatiles > Herramientas electricas para taladrar atornillar > Taladros > Taladros de bateria;145.99;EUR;extension-list;05.09.2026, 17:50:20;https://www.leroymerlin.es/productos/dnipro-m-martillo-perforador-sds-plus-20v-brushless-dhr-203-bcx-4j-26-mm-hormigon-armado-antivibracion-antirretroceso-bateria-6ah-y-cargador-77842930.html
https://media.adeo.com/mkp/82f252f21deeca2053149ad8d1e08e10/media.jpg?width=100;Taladro de impacto inalámbrico,sin escobillas y alimentado por batería,con percusión giratoria,herramienta eléctrica 2 modos (baterías no incluidas);76125759;;;Herramientas > Herramientas electricas portatiles > Herramientas electricas para taladrar atornillar > Taladros > Taladros de bateria;103.98;EUR;extension-list;05.09.2026, 17:50:20;https://www.leroymerlin.es/productos/taladro-de-impacto-inalambrico-sin-escobillas-y-alimentado-por-bateria-con-percusion-giratoria-herramienta-electrica-2-modos-baterias-no-incluidas-76125759.html
https://www.leroymerlin.es/cdp-site/6.66.0/static/images/common/loader-v2.svg;MAKITA;89814145;DEWALT;DCK2060D2T-QW;Herramientas > Herramientas electricas portatiles > Herramientas electricas para taladrar atornillar > Taladros > Taladros de bateria;171.39;EUR;extension-list;05.09.2026, 17:50:20;https://www.leroymerlin.es/productos/taladro-a-bateria-makita-18v-brushless-sin-bateria-taladro-combinado-18v-89814145.html
https://media.adeo.com/mkp/7bf19363dc564b04f2a141bd616e4af1/media.jpg?width=100;Kit de herramientas eléctricas inalámbricas DEWALT DCK2060D2T-QW 18V;80154819;DEWALT;SFMCK465D2S-QW;Herramientas > Herramientas electricas portatiles > Herramientas electricas para taladrar atornillar > Taladros > Taladros de bateria;307.66;EUR;extension-list;05.09.2026, 17:50:20;https://www.leroymerlin.es/productos/kit-de-herramientas-electricas-inalambricas-dewalt-dck2060d2t-qw-18v-80154819.html
https://media.adeo.com/mkp/50d3ca09349116f504ee47b4ee9f4cb4/media.jpg?width=300;KIT DESTORNILLADOR INALÁMBRICO 'SFMCK465D2S-QW' kit 2 piezas 18V - 2.0 ah Litio;82661029;Bricoeasy;BCKSB04QW;Herramientas > Herramientas electricas portatiles > Herramientas electricas para taladrar atornillar > Taladros > Taladros de bateria;178.9;EUR;extension-list;05.09.2026, 17:50:20;https://www.leroymerlin.es/productos/kit-destornillador-inalambrico-sfmck465d2s-qw-kit-2-piezas-18v-2-0-ah-litio-82661029.html
https://media.adeo.com/mkp/8a8bec1f8771930d298033f0854b58a7/media.jpg?width=300;BRICO KIT BCKSB04QW TAL.PERC.BDCHD18+ACC;84157512;;;Herramientas > Herramientas electricas portatiles > Herramientas electricas para taladrar atornillar > Taladros > Taladros de bateria;98.7;EUR;extension-list;05.09.2026, 17:50:20;https://www.leroymerlin.es/productos/brico-kit-bcksb04qw-tal-perc-bdchd18-acc-84157512.html
https://media.adeo.com/mkp/f6ad93867aba8466983ca97b73481a2e/media.jpg?width=300;Llave dinamométrica mecánica de 1/2;89047323;;;Herramientas > Herramientas electricas portatiles > Herramientas electricas para taladrar atornillar > Taladros > Taladros de bateria;38.9;EUR;extension-list;05.09.2026, 17:50:20;https://www.leroymerlin.es/productos/llave-dinamometrica-mecanica-de-1-2-de-vevor-rango-par-de-34-340-nm-precision-3-llave-trinquete-ajustable-72-dientes-con-adaptador-de-6-35-89047323.html
https://media.adeo.com/mkp/d7cf63b56ae4d77a6afe6fc8d2e3db44/media.jpg?width=300;Kit de taladro/atornillador de 21V con brocas, destornillador eléctrico, taladro de impacto 3 en 1, taladro percutor y taladro dinamométrico;78401079;WORX;;Herramientas > Herramientas electricas portatiles > Herramientas electricas para taladrar atornillar > Taladros > Taladros de bateria;40.84;EUR;extension-list;05.09.2026, 17:50:20;https://www.leroymerlin.es/productos/kit-de-taladro-atornillador-de-21v-con-brocas-destornillador-electrico-taladro-de-impacto-3-en-1-taladro-percutor-y-taladro-dinamometrico-78401079.html
https://media.adeo.com/media/3373495/media.jpg?width=300;Aprietatuercas a batería WORX 20V Brushless - 2 baterias - POWERSHARE;83919394;;;Herramientas > Herramientas electricas portatiles > Herramientas electricas para taladrar atornillar > Taladros > Taladros de bateria;;;;05.09.2026, 17:50:20;https://www.leroymerlin.es/productos/aprietatuercas-a-bateria-worx-20v-brushless-2-baterias-powershare-83919394.html
https://media.adeo.com/mkp/82f252f21deeca2053149ad8d1e08e10/media.jpg?width=300;Taladro de impacto inalámbrico,sin escobillas y alimentado por batería,con percusión giratoria,herramienta eléctrica 2 modos (baterías no incluidas);76096784;Einhell;TP-CD 18/80 Li BL-Solo;Herramientas > Herramientas electricas portatiles > Herramientas electricas para taladrar atornillar > Taladros > Taladros de bateria;103.98;EUR;extension-list;05.09.2026, 17:50:20;https://www.leroymerlin.es/productos/taladro-de-impacto-inalambrico-sin-escobillas-y-alimentado-por-bateria-con-percusion-giratoria-herramienta-electrica-2-modos-baterias-no-incluidas-76096784.html
https://media.adeo.com/mkp/b8b4fc961dc41765991ed3c1cc8002dd/media.png?width=100;Taladro atornillador | TP-CD 18/80 Li BL-Solo | Einhell;90184543;;;Herramientas > Herramientas electricas portatiles > Herramientas electricas para taladrar atornillar > Taladros > Taladros de bateria;100.56;EUR;extension-list;05.09.2026, 17:50:20;https://www.leroymerlin.es/productos/taladro-atornillador-tp-cd-18-80-bl-solo-einhell-90184543.html
https://media.adeo.com/mkp/7d65d4d6f3086875180ff854cee702d5/media.jpg?width=100;Versátil de 50 piezas: Miniherramienta eléctrica inalámbrica de 3,7 V con 5 velocidades y luz LED para trabajos(esculpido, lijado y corte).;99335461;;;Herramientas > Herramientas electricas portatiles > Herramientas electricas para taladrar atornillar > Taladros > Taladros de bateria;27.12;EUR;extension-list;05.09.2026, 17:50:20;https://www.leroymerlin.es/productos/versatil-de-50-piezas-miniherramienta-electrica-inalambrica-de-3-7-v-con-5-velocidades-y-luz-led-para-trabajos-esculpido-lijado-y-corte-99335461.html
https://www.leroymerlin.es/cdp-site/6.66.0/static/images/common/loader-v2.svg;BOSCH;85818172;Bosch;GBH 2-26;Herramientas > Herramientas electricas portatiles > Herramientas electricas para taladrar atornillar > Taladros > Taladros de bateria;163.71;EUR;extension-list;05.09.2026, 17:50:20;https://www.leroymerlin.es/productos/taladro-percutor-a-bateria-bosch-18v-2-baterias-xline-easyimpact-18-40-85818172.html
https://www.leroymerlin.es/cdp-site/6.66.0/static/images/common/loader-v2.svg;RYOBI;80176249;Ryobi;R18PD3-0;Herramientas > Herramientas electricas portatiles > Herramientas electricas para taladrar atornillar > Taladros > Taladros de bateria;;;;05.09.2026, 17:49:57;https://www.leroymerlin.es/productos/taladro-percutor-a-bateria-ryobi-18v-2-baterias-punta-de-atornillar-doble-bolsa-de-transporte-r18pd3-220s-80176249.html
https://media.adeo.com/mkp/3b1426afa8c18bf50f7c981566d73d29/media.jpg?width=100;Taladro percutor DEWALT 18V XRP Premium - DCD999NT-XJ;83982893;DEWALT;DCD999NT-XJ;Herramientas > Herramientas electricas portatiles > Herramientas electricas para taladrar atornillar > Taladros > Taladros de bateria;288.94;EUR;extension-list;05.09.2026, 17:49:57;https://www.leroymerlin.es/productos/taladro-percutor-dewalt-18v-xrp-premium-dcd999nt-xj-83982893.html
https://www.leroymerlin.es/cdp-site/6.66.0/static/images/common/loader-v2.svg;WORX;98695907;;;Herramientas > Herramientas electricas portatiles > Herramientas electricas para taladrar atornillar > Taladros > Taladros de bateria;;;;05.09.2026, 17:49:57;https://www.leroymerlin.es/productos/taladro-percutor-a-bateria-worx-20v-brushless-2-baterias-wx356-98695907.html
https://www.leroymerlin.es/cdp-site/6.66.0/static/images/common/loader-v2.svg;STANLEY FATMAX;82823833;Stanley Fatmax;FMC627D2;Herramientas > Herramientas electricas portatiles > Herramientas electricas para taladrar atornillar > Taladros > Taladros de bateria;;;;05.09.2026, 17:49:57;https://www.leroymerlin.es/productos/taladro-percutor-a-bateria-stanley-fatmax-18v-brushless-2-baterias-sfmcd721m2k-82823833.html
https://media.adeo.com/mkp/0b1d1f4633ba1301a1f922889aa753d8/media.jpg?width=100;Taladro atornillador Koma Tools 22 Nm;89567736;;;Herramientas > Herramientas electricas portatiles > Herramientas electricas para taladrar atornillar > Taladros > Taladros de bateria;33.61;EUR;extension-list;05.09.2026, 17:49:57;https://www.leroymerlin.es/productos/taladro-atornillador-koma-tools-22-nm-89567736.html
https://media.adeo.com/mkp/124cf8cc326747afb1c8a655a7531588/media.jpg?width=300;Taladro a batería 12V, 2 baterías, 2 velocidades, kit 26 piezas con maletín BESTEN BE-2852;96508613;Bosch;GBH 2-26;Herramientas > Herramientas electricas portatiles > Herramientas electricas para taladrar atornillar > Taladros > Taladros de bateria;38.9;EUR;extension-list;05.09.2026, 17:49:57;https://www.leroymerlin.es/productos/taladro-a-bateria-12v-2-baterias-2-velocidades-kit-26-piezas-con-maletin-besten-be-2852-96508613.html
https://media.adeo.com/media/5264343/media.jpg?width=300;Taladro percutor a batería BOSCH PROFESSIONAL 18V - 1 Batería 2,0 Ah - Maletín - GSB 18V 25;97396002;DEWALT;DCD100YP2T;Herramientas > Herramientas electricas portatiles > Herramientas electricas para taladrar atornillar > Taladros > Taladros de bateria;;;;05.09.2026, 17:49:57;https://www.leroymerlin.es/productos/taladro-percutor-a-bateria-bosch-professional-18v-1-bateria-2-0-ah-maletin-gsb-18v-25-97396002.html
https://media.adeo.com/mkp/7c398194f2f9c7dc5f30c0f9f6286db4/media.jpg?width=300;TALADRO-TORNILLO DE IMPACTO DCD100YP2T 2X5Ah DEWALT;93183400;Makita;DHP485ZJ;Herramientas > Herramientas electricas portatiles > Herramientas electricas para taladrar atornillar > Taladros > Taladros de bateria;269.7;EUR;extension-list;05.09.2026, 17:49:57;https://www.leroymerlin.es/productos/taladro-tornillo-de-impacto-dcd100yp2t-2x5ah-dewalt-93183400.html
https://media.adeo.com/mkp/a60943cc5a48d2843deb1acbe4603757/media.jpg?width=300;Makita - Taladro-atornillador de impacto de iones de litio de 18 V Ø 13 mm sin batería ni cargador - DHP485ZJ;84178024;;;Herramientas > Herramientas electricas portatiles > Herramientas electricas para taladrar atornillar > Taladros > Taladros de bateria;137.4;EUR;extension-list;05.09.2026, 17:49:57;https://www.leroymerlin.es/productos/makita-taladro-atornillador-de-impacto-de-iones-de-litio-de-18-v-13-mm-sin-bateria-ni-cargador-dhp485zj-84178024.html
https://media.adeo.com/mkp/0a8431cb2f8e1ad837f355700197d589/media.png?width=100;Atornillador de impacto inalámbrico – TP-CW 18/260-C Li BL-Solo - 18 V - 260 Nm - sin escobillas - con tomas;77153492;;;Herramientas > Herramientas electricas portatiles > Herramientas electricas para taladrar atornillar > Taladros > Taladros de bateria;124.88;EUR;extension-list;05.09.2026, 17:49:57;https://www.leroymerlin.es/productos/atornillador-de-impacto-inalambrico-tp-cw-18-260-c-bl-solo-18-v-260-nm-sin-escobillas-con-tomas-77153492.html
https://www.leroymerlin.es/cdp-site/6.66.0/static/images/common/loader-v2.svg;EINHELL;79778749;Einhell;TE-CD 18/260 Li;Herramientas > Herramientas electricas portatiles > Herramientas electricas para taladrar atornillar > Taladros > Taladros de bateria;93.78;EUR;extension-list;05.09.2026, 17:49:57;https://www.leroymerlin.es/productos/taladro-percutor-einhell-te-cd-18-50-li-i-cargador-y-bateria-pxc-18v-2-5-ah-79778749.html
https://media.adeo.com/mkp/963aba369e21dc53ffb262f46d17f3bd/media.jpg?width=100;ATORNILLADOR A BATERIA REVERSIBLE 3,6V LITIO 1300mA 17,5x14,8cm KOMA TOOLS;89070443;;;Herramientas > Herramientas electricas portatiles > Herramientas electricas para taladrar atornillar > Taladros > Taladros de bateria;20.18;EUR;extension-list;05.09.2026, 17:49:57;https://www.leroymerlin.es/productos/atornillador-a-bateria-reversible-3-6v-litio-1300ma-17-5x14-8cm-koma-tools-89070443.html
https://media.adeo.com/mkp/593130132e9e270a7e3a4a17dfdb20f4/media.jpg?width=100;Taladro atornillador de impacto Worx WX370.9 de 20 V y 50 Nm con portabrocas de 13 mm para taladrar y atornillar.;89593278;WORX;WX370.9;Herramientas > Herramientas electricas portatiles > Herramientas electricas para taladrar atornillar > Taladros > Taladros de bateria;83.7;EUR;extension-list;05.09.2026, 17:49:57;https://www.leroymerlin.es/productos/taladro-atornillador-de-impacto-worx-wx370-9-de-20-v-y-50-nm-con-portabrocas-de-13-mm-para-taladrar-y-atornillar-89593278.html
https://media.adeo.com/mkp/527f160fbcdd9c2ca3a57e0c1eec99f1/media.jpg?width=100;WX354 - Taladro Percutor Brushless (sin escobillas) Slammer Drill 20V 2.0Ah 2 baterías. Worx DIY WX354;86553756;WORX;WX354;Herramientas > Herramientas electricas portatiles > Herramientas electricas para taladrar atornillar > Taladros > Taladros de bateria;229.95;EUR;extension-list;05.09.2026, 17:49:57;https://www.leroymerlin.es/productos/wx354-taladro-percutor-brushless-sin-escobillas-slammer-drill-20v-2-0ah-2-baterias-worx-diy-wx354-86553756.html
https://media.adeo.com/mkp/c0b8e3c24dc5fd9454d6dee864d31a13/media.jpg?width=100;DEWALT dcd777s2t taladro s/c 18v 2bat1.5ah;81952819;DEWALT;DCD777S2T;Herramientas > Herramientas electricas portatiles > Herramientas electricas para taladrar atornillar > Taladros > Taladros de bateria;144.56;EUR;extension-list;05.09.2026, 17:49:57;https://www.leroymerlin.es/productos/dewalt-dcd777s2t-taladro-s-c-18v-2bat1-5ah-81952819.html
https://media.adeo.com/mkp/d8c4f8f4a3661acc1058e47fd15667e0/media.jpg?width=300;MAKITA E-11829 - Set acesorios brocas y puntas 60pcs.;85231266;Makita;E-11829;Herramientas > Herramientas electricas portatiles > Herramientas electricas para taladrar atornillar > Taladros > Taladros de bateria;32.62;EUR;extension-list;05.09.2026, 17:49:57;https://www.leroymerlin.es/productos/makita-e-11829-set-acesorios-brocas-y-puntas-60pcs-85231266.html
https://media.adeo.com/media/1909171/media.jpg?width=300;Taladro a batería DEWALT 12V Brushless - 2 baterias - Incluye 2 baterías Li-Ion 2Ah, Cargador Multi-voltaje XR, pinza para cinturón y Maletín TSTAK - DCD701D2-QW;82405270;DEWALT;DCD701D2-Q;Herramientas > Herramientas electricas portatiles > Herramientas electricas para taladrar atornillar > Taladros > Taladros de bateria;;;;05.09.2026, 17:49:57;https://www.leroymerlin.es/productos/taladro-a-bateria-dewalt-12v-brushless-2-baterias-incluye-2-baterias-li-ion-2ah-cargador-multi-voltaje-xr-pinza-para-cinturon-y-maletin-tstak-dcd701d2-qw-82405270.html
https://media.adeo.com/media/4737512/media.png?width=300;Taladro percutor a batería EINHELL 18V - Sin batería - Tope de profundidad;92241942;Einhell;TC-18V Tope de profundidad;Herramientas > Herramientas electricas portatiles > Herramientas electricas para taladrar atornillar > Taladros > Taladros de bateria;64.99;EUR;extension-list;05.09.2026, 17:49:35;https://www.leroymerlin.es/productos/taladro-percutor-a-bateria-einhell-18v-sin-bateria-tope-de-profundidad-92241942.html
https://www.leroymerlin.es/cdp-site/6.66.0/static/images/common/loader-v2.svg;WORX;84297308;WORX;WX372;Herramientas > Herramientas electricas portatiles > Herramientas electricas para taladrar atornillar > Taladros > Taladros de bateria;194.74;EUR;extension-list;05.09.2026, 17:49:35;https://www.leroymerlin.es/productos/taladro-percutor-a-bateria-worx-20v-2-baterias-2-baterias-de-20v-y-2-0ah-cargador-de-bateria-rapido-de-1-hora-1-estuche-enrollable-con-30-brocas-y-puntas-1-maletin-de-transporte-powershare-84297308.html
https://media.adeo.com/mkp/8aea74da12f6aa48adea250aea7f5dc6/media.png?width=100;Llave de Impacto Inalámbrica LED Brushless con 2 Baterías 520 Nm, Velocidad Variable 0-4000 rpm, 4 Puntas;99322558;;;Herramientas > Herramientas electricas portatiles > Herramientas electricas para taladrar atornillar > Taladros > Taladros de bateria;59.98;EUR;extension-list;05.09.2026, 17:49:35;https://www.leroymerlin.es/productos/llave-de-impacto-inalambrica-led-brushless-con-2-baterias-520-nm-velocidad-variable-0-4000-rpm-4-puntas-99322558.html
https://media.adeo.com/media/3373498/media.jpg?width=300;Aprietatuercas a batería WORX 20V Brushless - Sin batería - POWERSHARE;83919396;WORX;;Herramientas > Herramientas electricas portatiles > Herramientas electricas para taladrar atornillar > Taladros > Taladros de bateria;;;;05.09.2026, 17:49:35;https://www.leroymerlin.es/productos/aprietatuercas-a-bateria-worx-20v-brushless-sin-bateria-powershare-83919396.html
https://www.leroymerlin.es/cdp-site/6.66.0/static/images/common/loader-v2.svg;DEXTER;77080503;Dexter;;Herramientas > Herramientas electricas portatiles > Herramientas electricas para taladrar atornillar > Taladros > Taladros de bateria;91.78;EUR;extension-list;05.09.2026, 17:49:35;https://www.leroymerlin.es/productos/kit-taladro-percutor-dexter-a-bateria-power-x-change-de-18v-2-5ah-set-brocas-y-puntas-33-piezas-dexter-77080503.html
https://www.leroymerlin.es/cdp-site/6.66.0/static/images/common/loader-v2.svg;BOSCH;86771003;Bosch;;Herramientas > Herramientas electricas portatiles > Herramientas electricas para taladrar atornillar > Taladros > Taladros de bateria;61.99;EUR;extension-list;05.09.2026, 17:49:35;https://www.leroymerlin.es/productos/taladro-a-bateria-bosch-18v-sin-bateria-easyimpact-18v-40-86771003.html
https://www.leroymerlin.es/cdp-site/6.66.0/static/images/common/loader-v2.svg;WORX;87726294;WORX;;Herramientas > Herramientas electricas portatiles > Herramientas electricas para taladrar atornillar > Taladros > Taladros de bateria;;;;05.09.2026, 17:49:35;https://www.leroymerlin.es/productos/taladro-percutor-a-bateria-worx-20v-brushless-2-baterias-maletin-powershare-87726294.html
https://www.leroymerlin.es/cdp-site/6.66.0/static/images/common/loader-v2.svg;WORX;82407765;WORX;;Herramientas > Herramientas electricas portatiles > Herramientas electricas para taladrar atornillar > Taladros > Taladros de bateria;149.95;EUR;extension-list;05.09.2026, 17:49:35;https://www.leroymerlin.es/productos/taladro-percutor-a-bateria-worx-20v-brushless-sin-bateria-una-punta-doble-y-un-clip-de-cinturon-slammer-82407765.html
https://www.leroymerlin.es/cdp-site/6.66.0/static/images/common/loader-v2.svg;EINHELL;79775593;Einhell;;Herramientas > Herramientas electricas portatiles > Herramientas electricas para taladrar atornillar > Taladros > Taladros de bateria;144.94;EUR;extension-list;05.09.2026, 17:49:35;https://www.leroymerlin.es/productos/taladro-percutor-einhell-te-cd-18-50-li-i-cargador-y-bateria-pxc-18v-5-2-ah-79775593.html
https://www.leroymerlin.es/cdp-site/6.66.0/static/images/common/loader-v2.svg;MAKITA;96241829;Makita;;Herramientas > Herramientas electricas portatiles > Herramientas electricas para taladrar atornillar > Taladros > Taladros de bateria;;;;05.09.2026, 17:49:35;https://www.leroymerlin.es/productos/taladro-percutor-a-bateria-makita-18v-brushless-2-baterias-96241829.html
https://www.leroymerlin.es/cdp-site/6.66.0/static/images/common/loader-v2.svg;WORX;84297307;WORX;;Herramientas > Herramientas electricas portatiles > Herramientas electricas para taladrar atornillar > Taladros > Taladros de bateria;81.99;EUR;extension-list;05.09.2026, 17:49:35;https://www.leroymerlin.es/productos/taladro-a-bateria-worx-20v-1-bateria-powershare-84297307.html
https://www.leroymerlin.es/cdp-site/6.66.0/static/images/common/loader-v2.svg;BOSCH PROFESSIONAL;82864546;Bosch;;Herramientas > Herramientas electricas portatiles > Herramientas electricas para taladrar atornillar > Taladros > Taladros de bateria;;;;05.09.2026, 17:49:35;https://www.leroymerlin.es/productos/taladro-percutor-a-bateria-bosch-professional-18v-2-baterias-gsb-18v-28-professional-82864546.html
https://media.adeo.com/mkp/94847a22bc03dd40bf82dd96da456d71/media.jpg?width=100;Taladro atornillador MAKITA 18V 3.0Ah + 2 Baterías, cargador, en caja - DDF453SFE;82689563;Makita;DDF453SFE;Herramientas > Herramientas electricas portatiles > Herramientas electricas para taladrar atornillar > Taladros > Taladros de bateria;187.18;EUR;extension-list;05.09.2026, 17:49:35;https://www.leroymerlin.es/productos/taladro-atornillador-makita-18v-3-0ah-2-baterias-cargador-en-caja-ddf453sfe-82689563.html
https://media.adeo.com/mkp/71a489a493cbdfaf24f00e50633be653/media.jpg?width=300;Atornillador Eléctrico Casals Sin Cable 3.6V | 1.3Ah 230rpm | 12 Accesorios | Mango rotatorio;87417901;;;Herramientas > Herramientas electricas portatiles > Herramientas electricas para taladrar atornillar > Taladros > Taladros de bateria;19.99;EUR;extension-list;05.09.2026, 17:49:35;https://www.leroymerlin.es/productos/atornillador-electrico-casals-sin-cable-3-6v-1-3ah-230rpm-12-accesorios-mango-rotatorio-87417901.html
https://media.adeo.com/mkp/a2d58a39f53787d4baca7edeb4eac99f/media.jpg?width=300;WX352 - Taladro Percutor Brushless 20V 2.0Ah 2 Bat Worx DIY WX352;82769553;WORX;WX352;Herramientas > Herramientas electricas portatiles > Herramientas electricas para taladrar atornillar > Taladros > Taladros de bateria;159.95;EUR;extension-list;05.09.2026, 17:49:35;https://www.leroymerlin.es/productos/wx352-taladro-percutor-brushless-20v-2-0ah-2-bat-worx-diy-wx352-82769553.html
https://www.leroymerlin.es/cdp-site/6.66.0/static/images/common/loader-v2.svg;DEWALT;93793783;DEWALT;;Herramientas > Herramientas electricas portatiles > Herramientas electricas para taladrar atornillar > Taladros > Taladros de bateria;;;;05.09.2026, 17:49:35;https://www.leroymerlin.es/productos/taladro-percutor-a-bateria-dewalt-18v-brushless-2-baterias-li-ion-4ah-y-maletin-tstak-dcd85mm2t-qw-93793783.html
https://media.adeo.com/media/1891959/media.jpg?width=300;Taladro percutor a batería MAKITA 18V - Sin escobillas - Sin baterías, sin cargador y sin maletín en equipo básico. - DHP482Z;82489173;Makita;DHP485Z;Herramientas > Herramientas electricas portatiles > Herramientas electricas para taladrar atornillar > Taladros > Taladros de bateria;117.71;EUR;extension-list;05.09.2026, 17:49:35;https://www.leroymerlin.es/productos/taladro-percutor-a-bateria-makita-18v-sin-escobillas-sin-baterias-sin-cargador-y-sin-maletin-en-equipo-basico-dhp482z-82489173.html
https://media.adeo.com/mkp/df08624200e0560b88ca62947fc248be/media.jpg?width=300;MAKITA DHP485Z - Taladro combinado bl 18v;82246351;Makita;;Herramientas > Herramientas electricas portatiles > Herramientas electricas para taladrar atornillar > Taladros > Taladros de bateria;135.44;EUR;extension-list;05.09.2026, 17:49:35;https://www.leroymerlin.es/productos/makita-dhp485z-taladro-combinado-bl-18v-82246351.html
https://media.adeo.com/mkp/b295999af19dc5defd454e0e58f5dd9a/media.jpg?width=100;Taladro atornillador inalámbrico 21 V, taladro percutor sin escobillas 31 Nm, portabrocas 10 mm, 25+3 velocidades, con 2 baterías y 34 accesorios;75381759;;;Herramientas > Herramientas electricas portatiles > Herramientas electricas para taladrar atornillar > Taladros > Taladros de bateria;44.99;EUR;extension-list;05.09.2026, 17:49:11;https://www.leroymerlin.es/productos/taladro-atornillador-inalambrico-21-v-taladro-percutor-sin-escobillas-31-nm-portabrocas-10-mm-25-3-velocidades-con-2-baterias-y-34-accesorios-75381759.html
https://www.leroymerlin.es/cdp-site/6.66.0/static/images/common/loader-v2.svg;DEXTER;92008062;;;Herramientas > Herramientas electricas portatiles > Herramientas electricas para taladrar atornillar > Taladros > Taladros de bateria;63.99;EUR;extension-list;05.09.2026, 17:49:11;https://www.leroymerlin.es/productos/taladro-atornillador-a-bateria-dexter-power-x-change-18v-1-bateria-1-5-ah-cargador-de-bateria-92008062.html
https://www.leroymerlin.es/cdp-site/6.66.0/static/images/common/loader-v2.svg;PRACTYL;84997194;PRactyl;;Herramientas > Herramientas electricas portatiles > Herramientas electricas para taladrar atornillar > Taladros > Taladros de bateria;54.99;EUR;extension-list;05.09.2026, 17:49:11;https://www.leroymerlin.es/productos/taladro-a-bateria-practyl-18v-1-bateria-cargador-de-bateria-84997194.html
https://www.leroymerlin.es/cdp-site/6.66.0/static/images/common/loader-v2.svg;STANLEY FATMAX;82535753;;;Herramientas > Herramientas electricas portatiles > Herramientas electricas para taladrar atornillar > Taladros > Taladros de bateria;159.99;EUR;extension-list;05.09.2026, 17:49:11;https://www.leroymerlin.es/productos/taladro-percutor-a-bateria-stanley-fatmax-18v-brushless-2-baterias-sfmcd721d2k-qw-82535753.html
https://media.adeo.com/media/5218198/media.png?width=300;Atornillador DEXTER SODIUM 3.7V + 6 puntas atornillador + Cable carga USB-C;94386518;DExter;3.7V;Herramientas > Herramientas electricas portatiles > Herramientas electricas para taladrar atornillar > Taladros > Taladros de bateria;20.99;EUR;extension-list;05.09.2026, 17:49:11;https://www.leroymerlin.es/productos/atornillador-dexter-sodium-3-7v-6-puntas-atornillador-cable-carga-usb-c-94386518.html
https://media.adeo.com/media/3188289/media.png?width=300;Taladro percutor a batería BOSCH 18V - 2 baterias - EasyImpact 18V 40;83518470;Bosch;GBH 2-26;Herramientas > Herramientas electricas portatiles > Herramientas electricas para taladrar atornillar > Taladros > Taladros de bateria;;;;05.09.2026, 17:49:11;https://www.leroymerlin.es/productos/taladro-percutor-a-bateria-bosch-18v-2-baterias-easyimpact-18v-40-83518470.html
https://media.adeo.com/mkp/142d5692ec5abae3b125ee4ebf0894b7/media.jpg?width=300;Taladro atornillador inalámbrico recargable de 21 V con 2 baterías de 12 Ah motor de escobillas de 28 nm 24 accesorios para batería Makita;97042776;Makita;DHP453;Herramientas > Herramientas electricas portatiles > Herramientas electricas para taladrar atornillar > Taladros > Taladros de bateria;39.98;EUR;extension-list;05.09.2026, 17:49:11;https://www.leroymerlin.es/productos/taladro-atornillador-inalambrico-recargable-de-21-v-con-2-baterias-de-12-ah-motor-de-escobillas-de-28-nm-24-accesorios-para-bateria-makita-97042776.html
https://media.adeo.com/mkp/d5171b34c213a3f56ddfdac65cf70eda/media.jpg?width=100;Taladro Atornillador Klack a Batería con Percusión, 2 Baterías y 25+3 Ajustes de Par;73208882;Klack;;Herramientas > Herramientas electricas portatiles > Herramientas electricas para taladrar atornillar > Taladros > Taladros de bateria;37.9;EUR;extension-list;05.09.2026, 17:49:11;https://www.leroymerlin.es/productos/taladro-atornillador-klack-a-bateria-con-percusion-2-baterias-y-25-3-ajustes-de-par-73208882.html
https://www.leroymerlin.es/cdp-site/6.66.0/static/images/common/loader-v2.svg;DEXTER;92008060;Dexter;;Herramientas > Herramientas electricas portatiles > Herramientas electricas para taladrar atornillar > Taladros > Taladros de bateria;106.99;EUR;extension-list;05.09.2026, 17:49:11;https://www.leroymerlin.es/productos/taladro-percutor-a-bateria-dexter-power-x-change-18v-brushless-2-baterias-2-0-ah-cargador-de-bateria-92008060.html
https://www.leroymerlin.es/cdp-site/6.66.0/static/images/common/loader-v2.svg;BLACK + DECKER;90122138;BLACK+DECKER;;Herramientas > Herramientas electricas portatiles > Herramientas electricas para taladrar atornillar > Taladros > Taladros de bateria;99.99;EUR;extension-list;05.09.2026, 17:49:11;https://www.leroymerlin.es/productos/taladro-percutor-a-bateria-black-decker-18v-2-baterias-2ah-de-litio-10-brocas-cargador-0-4a-y-maletin-bcd003d2ka-qw-90122138.html
https://www.leroymerlin.es/cdp-site/6.66.0/static/images/common/loader-v2.svg;BLACK + DECKER;81888413;BLACK+DECKER;;Herramientas > Herramientas electricas portatiles > Herramientas electricas para taladrar atornillar > Taladros > Taladros de bateria;67.63;EUR;extension-list;05.09.2026, 17:49:11;https://www.leroymerlin.es/productos/taladro-percutor-a-bateria-black-decker-12v-1-bateria-de-12v-1-5ah-cable-usb-bolsa-de-transporte-y-manual-de-instrucciones-bdchd12s1-xj-81888413.html
https://www.leroymerlin.es/cdp-site/6.66.0/static/images/common/loader-v2.svg;BLACK + DECKER;97235090;BLACK+DECKER;;Herramientas > Herramientas electricas portatiles > Herramientas electricas para taladrar atornillar > Taladros > Taladros de bateria;92.87;EUR;extension-list;05.09.2026, 17:49:11;https://www.leroymerlin.es/productos/taladro-percutor-a-bateria-black-decker-18v-2-baterias-2-baterias-de-2ah-120-accesorios-caja-de-herramienta-y-manual-de-instrucciones-bcd383d2ta-qw-97235090.html
https://media.adeo.com/media/4489181/media.png?width=300;Taladro percutor a batería DEXTER POWER X-CHANGE 18V - 1 batería 2.5 Ah - Cargador de batería;92008061;Dexter;Dexter Pro 18V;Herramientas > Herramientas electricas portatiles > Herramientas electricas para taladrar atornillar > Taladros > Taladros de bateria;72.99;EUR;extension-list;05.09.2026, 17:49:11;https://www.leroymerlin.es/productos/taladro-percutor-a-bateria-dexter-power-x-change-18v-1-bateria-2-5-ah-cargador-de-bateria-92008061.html
https://media.adeo.com/mkp/8aebc91c0a5d8fcf891cb3dcf92d4dee/media.png?width=300;Taladro atornillador inalámbrico 21 V, taladro percutor sin escobillas 45 Nm, portabrocas 10 mm, 25+3 velocidades, con 2 baterías y 45 accesorios;75474173;BLACK+DECKER;;Herramientas > Herramientas electricas portatiles > Herramientas electricas para taladrar atornillar > Taladros > Taladros de bateria;55.99;EUR;extension-list;05.09.2026, 17:49:11;https://www.leroymerlin.es/productos/taladro-atornillador-inalambrico-21-v-taladro-percutor-sin-escobillas-45-nm-portabrocas-10-mm-25-3-velocidades-con-2-baterias-y-45-accesorios-75474173.html
https://www.leroymerlin.es/cdp-site/6.66.0/static/images/common/loader-v2.svg;BOSCH;83518467;Bosch;;Herramientas > Herramientas electricas portatiles > Herramientas electricas para taladrar atornillar > Taladros > Taladros de bateria;145.93;EUR;extension-list;05.09.2026, 17:49:11;https://www.leroymerlin.es/productos/taladro-percutor-a-bateria-bosch-18v-brushless-2-baterias-universalimpact-18-60-2-baterias-2-0ah-83518467.html
https://media.adeo.com/mkp/7942ec84be8502722cf248aed85a510d/media.jpg?width=100;Perceuse visseuse à percussion 18v 42 nm makita 2 batt.bl1820g + chargeur + 74 pièces - hp488daex1;87256015;Makita;HP488DAEX1;Herramientas > Herramientas electricas portatiles > Herramientas electricas para taladrar atornillar > Taladros > Taladros de bateria;144.56;EUR;extension-list;05.09.2026, 17:49:11;https://www.leroymerlin.es/productos/perceuse-visseuse-a-percussion-18v-42-nm-makita-2-batt-bl1820g-chargeur-74-pieces-hp488daex1-87256015.html
https://www.leroymerlin.es/cdp-site/6.66.0/static/images/common/loader-v2.svg;DEXTER;93852627;Dexter;;Herramientas > Herramientas electricas portatiles > Herramientas electricas para taladrar atornillar > Taladros > Taladros de bateria;91.99;EUR;extension-list;05.09.2026, 17:49:11;https://www.leroymerlin.es/productos/taladro-percutor-a-bateria-dexter-12v-1-bateria-cargador-de-bateriamaletin-93852627.html
https://media.adeo.com/media/1735214/media.jpg?width=300;Taladro percutor a batería BOSCH 18V - 1 Batería 2,0Ah - EasyImpact 18V 40;83518469;Bosch;EasyImpact 18V 40;Herramientas > Herramientas electricas portatiles > Herramientas electricas para taladrar atornillar > Taladros > Taladros de bateria;69.99;EUR;extension-list;05.09.2026, 17:49:11;https://www.leroymerlin.es/productos/taladro-percutor-a-bateria-bosch-18v-1-bateria-2-0ah-easyimpact-18v-40-83518469.html
https://media.adeo.com/media/552143/media.jpg?width=300;Atornillador a batería BLACK + DECKER 3.6V Brushless - 1 bateria - 10 accesorios, cargador micro-USB 2A, estuche rígido y manual de instrucciones - BCF611CK-QW;82353178;Black And Decker;BCF611CK-QW;Herramientas > Herramientas electricas portatiles > Herramientas electricas para taladrar atornillar > Taladros > Taladros de bateria;38.43;EUR;extension-list;05.09.2026, 17:49:11;https://www.leroymerlin.es/productos/atornillador-a-bateria-black-decker-3-6v-brushless-1-bateria-10-accesorios-cargador-micro-usb-2a-estuche-rigido-y-manual-de-instrucciones-bcf611ck-qw-82353178.html
https://media.adeo.com/media/3321505/media.jpg?width=300;Atornillador a batería BLACK + DECKER 3.6V 1 bateria - Manual de instrucciones - BCRTA01-XJ;82620429;Black And Decker;BCRTA01-XJ;Herramientas > Herramientas electricas portatiles > Herramientas electricas para taladrar atornillar > Taladros > Taladros de bateria;27.49;EUR;extension-list;05.09.2026, 17:49:11;https://www.leroymerlin.es/productos/atornillador-a-bateria-black-decker-3-6v-1-bateria-manual-de-instrucciones-bcrta01-xj-82620429.html
https://media.adeo.com/media/3590650/media.jpg?width=300;Atornillador a batería BOSCH 3.6V - 1 bateria - 10 puntas - IXO 7 Basic;85295461;Bosch;IXO 7 Basic;Herramientas > Herramientas electricas portatiles > Herramientas electricas para taladrar atornillar > Taladros > Taladros de bateria;64.14;EUR;extension-list;05.09.2026, 17:49:11;https://www.leroymerlin.es/productos/atornillador-a-bateria-bosch-3-6v-1-bateria-10-puntas-ixo-7-basic-85295461.html
